Handle,Title,Body (HTML),Vendor,Product Category,Type,Tags,Published,Option1 Name,Option1 Value,Option2 Name,Option2 Value,Variant SKU,Variant Grams,Variant Inventory Tracker,Variant Inventory Qty,Variant Inventory Policy,Variant Fulfillment Service,Variant Price,Variant Requires Shipping,Variant Taxable,SEO Title,SEO Description,Status
pink-salmon-flash-nymph,Pink Salmon Flash Nymph,"<p>Pink salmon favor small bright pink or chartreuse beadhead flies with ample flash, so scale everything down: #10 to #14 nymphs and small eggs. Fish them in the St. Marys rapids, the Carp and the Chocolay from late August through early October, heaviest in odd years, in clear water; switch to bright eggs in faster water.</p><p><strong>Fish it for:</strong> Pink salmon</p><p>Hand-tied in Michigan for Michigan rivers. See when and where to fish it at michiganflies.com/flies/pink-salmon-flash-nymph.</p>",Michigan Flies,Sporting Goods > Outdoor Recreation > Fishing > Fishing Tackle > Fishing Baits & Lures,Attractor,"Attractor, Pink salmon, nymph-indicator, euro-nymph, swing-spey, evidence-I, collection:two-hearted-first-batch, river:two-hearted",TRUE,Size,#10,Color,Hot pink,pink-salmon-flash-nymph-s10-hot-pink,2,shopify,0,continue,manual,3.50,TRUE,TRUE,Pink Salmon Flash Nymph · hand-tied for Michigan rivers,"Pink salmon favor small bright pink or chartreuse beadhead flies with ample flash, so scale everything down: #10 to #14 nymphs and small eggs. Fish them in the St. Marys rapids, the Carp and the Chocolay from late August through early October, heaviest in odd years, in clear water; switch to bright ",draft
pink-salmon-flash-nymph,,,,,,,,,#10,,Chartreuse,pink-salmon-flash-nymph-s10-chartreuse,2,shopify,0,continue,manual,3.50,TRUE,TRUE,,,
pink-salmon-flash-nymph,,,,,,,,,#10,,Pink with pearl flash,pink-salmon-flash-nymph-s10-pink-with-pearl-flash,2,shopify,0,continue,manual,3.50,TRUE,TRUE,,,
pink-salmon-flash-nymph,,,,,,,,,#12,,Hot pink,pink-salmon-flash-nymph-s12-hot-pink,2,shopify,0,continue,manual,3.50,TRUE,TRUE,,,
pink-salmon-flash-nymph,,,,,,,,,#12,,Chartreuse,pink-salmon-flash-nymph-s12-chartreuse,2,shopify,0,continue,manual,3.50,TRUE,TRUE,,,
pink-salmon-flash-nymph,,,,,,,,,#12,,Pink with pearl flash,pink-salmon-flash-nymph-s12-pink-with-pearl-flash,2,shopify,0,continue,manual,3.50,TRUE,TRUE,,,
pink-salmon-flash-nymph,,,,,,,,,#14,,Hot pink,pink-salmon-flash-nymph-s14-hot-pink,2,shopify,0,continue,manual,3.50,TRUE,TRUE,,,
pink-salmon-flash-nymph,,,,,,,,,#14,,Chartreuse,pink-salmon-flash-nymph-s14-chartreuse,2,shopify,0,continue,manual,3.50,TRUE,TRUE,,,
pink-salmon-flash-nymph,,,,,,,,,#14,,Pink with pearl flash,pink-salmon-flash-nymph-s14-pink-with-pearl-flash,2,shopify,0,continue,manual,3.50,TRUE,TRUE,,,
adams-parachute,Adams (and Parachute Adams),"<p>Michigan's own fly, born on the Boardman, and still the default searching dry on every river in the state. Hawkins recommends a slim-tied #10 to #12 Adams for Gray Drake spinner falls at dusk on the Pere Marquette and Muskegon, and smaller sizes pass for most gray-winged mayflies from April through October.</p><p><strong>Imitates:</strong> Gray Drake, Hendrickson, March Brown, Blue Quill, Black Quill, Isonychia, Blue-Winged Olive</p><p><strong>Fish it for:</strong> Brown trout, Brook trout, Rainbow trout (resident)</p><p><em>Boardman River, Michigan</em></p><p>Hand-tied in Michigan for Michigan rivers. See when and where to fish it at michiganflies.com/flies/adams-parachute.</p>",Michigan Flies,Sporting Goods > Outdoor Recreation > Fishing > Fishing Tackle > Fishing Baits & Lures,Dry fly,"Dry fly, Brown trout, Brook trout, Rainbow trout (resident), dry-fly, gray-drake, hendrickson, march-brown, blue-quill, black-quill, isonychia, blue-winged-olive, evidence-A, collection:two-hearted-first-batch, river:two-hearted",TRUE,Size,#10,Color,Gray (standard),adams-parachute-s10-gray-standard,2,shopify,0,continue,manual,3.00,TRUE,TRUE,Adams (and Parachute Adams) · hand-tied for Michigan rivers,"Michigan's own fly, born on the Boardman, and still the default searching dry on every river in the state. Hawkins recommends a slim-tied #10 to #12 Adams for Gray Drake spinner falls at dusk on the Pere Marquette and Muskegon, and smaller sizes pass for most gray-winged mayflies from April through ",draft
adams-parachute,,,,,,,,,#10,,Slim-bodied #10-12 for Gray Drake,adams-parachute-s10-slim-bodied-10-12-for-gray-drake,2,shopify,0,continue,manual,3.00,TRUE,TRUE,,,
adams-parachute,,,,,,,,,#12,,Gray (standard),adams-parachute-s12-gray-standard,2,shopify,0,continue,manual,3.00,TRUE,TRUE,,,
adams-parachute,,,,,,,,,#12,,Slim-bodied #10-12 for Gray Drake,adams-parachute-s12-slim-bodied-10-12-for-gray-drake,2,shopify,0,continue,manual,3.00,TRUE,TRUE,,,
adams-parachute,,,,,,,,,#14,,Gray (standard),adams-parachute-s14-gray-standard,2,shopify,0,continue,manual,3.00,TRUE,TRUE,,,
adams-parachute,,,,,,,,,#14,,Slim-bodied #10-12 for Gray Drake,adams-parachute-s14-slim-bodied-10-12-for-gray-drake,2,shopify,0,continue,manual,3.00,TRUE,TRUE,,,
adams-parachute,,,,,,,,,#16,,Gray (standard),adams-parachute-s16-gray-standard,2,shopify,0,continue,manual,3.00,TRUE,TRUE,,,
adams-parachute,,,,,,,,,#16,,Slim-bodied #10-12 for Gray Drake,adams-parachute-s16-slim-bodied-10-12-for-gray-drake,2,shopify,0,continue,manual,3.00,TRUE,TRUE,,,
adams-parachute,,,,,,,,,#18,,Gray (standard),adams-parachute-s18-gray-standard,2,shopify,0,continue,manual,3.00,TRUE,TRUE,,,
adams-parachute,,,,,,,,,#18,,Slim-bodied #10-12 for Gray Drake,adams-parachute-s18-slim-bodied-10-12-for-gray-drake,2,shopify,0,continue,manual,3.00,TRUE,TRUE,,,
adams-parachute,,,,,,,,,#20,,Gray (standard),adams-parachute-s20-gray-standard,2,shopify,0,continue,manual,3.00,TRUE,TRUE,,,
adams-parachute,,,,,,,,,#20,,Slim-bodied #10-12 for Gray Drake,adams-parachute-s20-slim-bodied-10-12-for-gray-drake,2,shopify,0,continue,manual,3.00,TRUE,TRUE,,,
bwo-parachute,Blue-Winged Olive Parachute,"<p>Baetis hatch three broods in Michigan, with the biggest in early May, a second in late June and a third in September, and they run through winter on the Muskegon and Big Manistee tailwaters. Current Works lists BWOs #16 to #22 as year-round on the Upper Manistee. Fish it midday, especially on overcast, drizzly afternoons, and go down to #24 for the late-season Pseudocloeon on the Muskegon.</p><p><strong>Imitates:</strong> Blue-Winged Olive</p><p><strong>Fish it for:</strong> Brown trout, Brook trout, Rainbow trout (resident)</p><p>Hand-tied in Michigan for Michigan rivers. See when and where to fish it at michiganflies.com/flies/bwo-parachute.</p>",Michigan Flies,Sporting Goods > Outdoor Recreation > Fishing > Fishing Tackle > Fishing Baits & Lures,Dry fly,"Dry fly, Brown trout, Brook trout, Rainbow trout (resident), dry-fly, blue-winged-olive, evidence-A, collection:two-hearted-first-batch, river:two-hearted",TRUE,Size,#14,Color,"Olive body, gray wing",bwo-parachute-s14-olive-body-gray-wing,2,shopify,0,continue,manual,3.00,TRUE,TRUE,Blue-Winged Olive Parachute · hand-tied for Michigan rivers,"Baetis hatch three broods in Michigan, with the biggest in early May, a second in late June and a third in September, and they run through winter on the Muskegon and Big Manistee tailwaters. Current Works lists BWOs #16 to #22 as year-round on the Upper Manistee. Fish it midday, especially on overca",draft
bwo-parachute,,,,,,,,,#14,,Olive-brown,bwo-parachute-s14-olive-brown,2,shopify,0,continue,manual,3.00,TRUE,TRUE,,,
bwo-parachute,,,,,,,,,#16,,"Olive body, gray wing",bwo-parachute-s16-olive-body-gray-wing,2,shopify,0,continue,manual,3.00,TRUE,TRUE,,,
bwo-parachute,,,,,,,,,#16,,Olive-brown,bwo-parachute-s16-olive-brown,2,shopify,0,continue,manual,3.00,TRUE,TRUE,,,
bwo-parachute,,,,,,,,,#18,,"Olive body, gray wing",bwo-parachute-s18-olive-body-gray-wing,2,shopify,0,continue,manual,3.00,TRUE,TRUE,,,
bwo-parachute,,,,,,,,,#18,,Olive-brown,bwo-parachute-s18-olive-brown,2,shopify,0,continue,manual,3.00,TRUE,TRUE,,,
bwo-parachute,,,,,,,,,#20,,"Olive body, gray wing",bwo-parachute-s20-olive-body-gray-wing,2,shopify,0,continue,manual,3.00,TRUE,TRUE,,,
bwo-parachute,,,,,,,,,#20,,Olive-brown,bwo-parachute-s20-olive-brown,2,shopify,0,continue,manual,3.00,TRUE,TRUE,,,
bwo-parachute,,,,,,,,,#22,,"Olive body, gray wing",bwo-parachute-s22-olive-body-gray-wing,2,shopify,0,continue,manual,3.00,TRUE,TRUE,,,
bwo-parachute,,,,,,,,,#22,,Olive-brown,bwo-parachute-s22-olive-brown,2,shopify,0,continue,manual,3.00,TRUE,TRUE,,,
bwo-parachute,,,,,,,,,#24,,"Olive body, gray wing",bwo-parachute-s24-olive-body-gray-wing,2,shopify,0,continue,manual,3.00,TRUE,TRUE,,,
bwo-parachute,,,,,,,,,#24,,Olive-brown,bwo-parachute-s24-olive-brown,2,shopify,0,continue,manual,3.00,TRUE,TRUE,,,
borchers-parachute,Borchers Parachute,"<p>Grayling's dark all-purpose mayfly, listed by Hawkins in #10 to #16 for Mahogany and Isonychia spinners. It doubles as a Hendrickson and Black Quill dun in spring and a fall Mahogany Dun on the Pere Marquette from mid September through October. Fish it at dusk for Iso spinner falls from June through September.</p><p><strong>Imitates:</strong> Mahogany Dun, Isonychia, Blue Quill, Black Quill, Hendrickson</p><p><strong>Fish it for:</strong> Brown trout, Brook trout, Rainbow trout (resident)</p><p><em>Ernie Borchers, Grayling (Au Sable River)</em></p><p>Hand-tied in Michigan for Michigan rivers. See when and where to fish it at michiganflies.com/flies/borchers-parachute.</p>",Michigan Flies,Sporting Goods > Outdoor Recreation > Fishing > Fishing Tackle > Fishing Baits & Lures,Dry fly,"Dry fly, Brown trout, Brook trout, Rainbow trout (resident), dry-fly, mahogany-dun, isonychia, blue-quill, black-quill, hendrickson, evidence-A, collection:two-hearted-first-batch, river:two-hearted",TRUE,Size,#10,Color,"Dark turkey-quill body, brown hackle",borchers-parachute-s10-dark-turkey-quill-body-brown-hackle,2,shopify,0,continue,manual,3.00,TRUE,TRUE,Borchers Parachute · hand-tied for Michigan rivers,"Grayling's dark all-purpose mayfly, listed by Hawkins in #10 to #16 for Mahogany and Isonychia spinners. It doubles as a Hendrickson and Black Quill dun in spring and a fall Mahogany Dun on the Pere Marquette from mid September through October. Fish it at dusk for Iso spinner falls from June through",draft
borchers-parachute,,,,,,,,,#12,,"Dark turkey-quill body, brown hackle",borchers-parachute-s12-dark-turkey-quill-body-brown-hackle,2,shopify,0,continue,manual,3.00,TRUE,TRUE,,,
borchers-parachute,,,,,,,,,#14,,"Dark turkey-quill body, brown hackle",borchers-parachute-s14-dark-turkey-quill-body-brown-hackle,2,shopify,0,continue,manual,3.00,TRUE,TRUE,,,
borchers-parachute,,,,,,,,,#16,,"Dark turkey-quill body, brown hackle",borchers-parachute-s16-dark-turkey-quill-body-brown-hackle,2,shopify,0,continue,manual,3.00,TRUE,TRUE,,,
elk-hair-caddis,Elk Hair Caddis,"<p>The all-purpose adult caddis for Michigan's May through October caddis season, which Houghton's Manistee work shows peaking in early to mid July with flight heaviest an hour or two after sunset. Carry tan #14 to #16 for Hydropsyche, black #16 to #20 for the spring black caddis, and #8 to #10 orange for October Caddis. Skitter it at dusk when egg-layers are on the water.</p><p><strong>Imitates:</strong> Tan Caddis, Grannom, Little Sister Sedge, Little Black Caddis, White Miller, October Caddis</p><p><strong>Fish it for:</strong> Brown trout, Brook trout, Rainbow trout (resident)</p><p>Hand-tied in Michigan for Michigan rivers. See when and where to fish it at michiganflies.com/flies/elk-hair-caddis.</p>",Michigan Flies,Sporting Goods > Outdoor Recreation > Fishing > Fishing Tackle > Fishing Baits & Lures,Dry fly,"Dry fly, Brown trout, Brook trout, Rainbow trout (resident), dry-fly, tan-caddis, grannom, little-sister-caddis, little-black-caddis, white-miller, october-caddis, evidence-I, collection:two-hearted-first-batch, river:two-hearted",TRUE,Size,#10,Color,Tan,elk-hair-caddis-s10-tan,2,shopify,0,continue,manual,3.00,TRUE,TRUE,Elk Hair Caddis · hand-tied for Michigan rivers,"The all-purpose adult caddis for Michigan's May through October caddis season, which Houghton's Manistee work shows peaking in early to mid July with flight heaviest an hour or two after sunset. Carry tan #14 to #16 for Hydropsyche, black #16 to #20 for the spring black caddis, and #8 to #10 orange ",draft
elk-hair-caddis,,,,,,,,,#10,,Olive,elk-hair-caddis-s10-olive,2,shopify,0,continue,manual,3.00,TRUE,TRUE,,,
elk-hair-caddis,,,,,,,,,#10,,Black,elk-hair-caddis-s10-black,2,shopify,0,continue,manual,3.00,TRUE,TRUE,,,
elk-hair-caddis,,,,,,,,,#10,,Cream (White Miller),elk-hair-caddis-s10-cream-white-miller,2,shopify,0,continue,manual,3.00,TRUE,TRUE,,,
elk-hair-caddis,,,,,,,,,#10,,Orange (October Caddis),elk-hair-caddis-s10-orange-october-caddis,2,shopify,0,continue,manual,3.00,TRUE,TRUE,,,
elk-hair-caddis,,,,,,,,,#12,,Tan,elk-hair-caddis-s12-tan,2,shopify,0,continue,manual,3.00,TRUE,TRUE,,,
elk-hair-caddis,,,,,,,,,#12,,Olive,elk-hair-caddis-s12-olive,2,shopify,0,continue,manual,3.00,TRUE,TRUE,,,
elk-hair-caddis,,,,,,,,,#12,,Black,elk-hair-caddis-s12-black,2,shopify,0,continue,manual,3.00,TRUE,TRUE,,,
elk-hair-caddis,,,,,,,,,#12,,Cream (White Miller),elk-hair-caddis-s12-cream-white-miller,2,shopify,0,continue,manual,3.00,TRUE,TRUE,,,
elk-hair-caddis,,,,,,,,,#12,,Orange (October Caddis),elk-hair-caddis-s12-orange-october-caddis,2,shopify,0,continue,manual,3.00,TRUE,TRUE,,,
elk-hair-caddis,,,,,,,,,#14,,Tan,elk-hair-caddis-s14-tan,2,shopify,0,continue,manual,3.00,TRUE,TRUE,,,
elk-hair-caddis,,,,,,,,,#14,,Olive,elk-hair-caddis-s14-olive,2,shopify,0,continue,manual,3.00,TRUE,TRUE,,,
elk-hair-caddis,,,,,,,,,#14,,Black,elk-hair-caddis-s14-black,2,shopify,0,continue,manual,3.00,TRUE,TRUE,,,
elk-hair-caddis,,,,,,,,,#14,,Cream (White Miller),elk-hair-caddis-s14-cream-white-miller,2,shopify,0,continue,manual,3.00,TRUE,TRUE,,,
elk-hair-caddis,,,,,,,,,#14,,Orange (October Caddis),elk-hair-caddis-s14-orange-october-caddis,2,shopify,0,continue,manual,3.00,TRUE,TRUE,,,
elk-hair-caddis,,,,,,,,,#16,,Tan,elk-hair-caddis-s16-tan,2,shopify,0,continue,manual,3.00,TRUE,TRUE,,,
elk-hair-caddis,,,,,,,,,#16,,Olive,elk-hair-caddis-s16-olive,2,shopify,0,continue,manual,3.00,TRUE,TRUE,,,
elk-hair-caddis,,,,,,,,,#16,,Black,elk-hair-caddis-s16-black,2,shopify,0,continue,manual,3.00,TRUE,TRUE,,,
elk-hair-caddis,,,,,,,,,#16,,Cream (White Miller),elk-hair-caddis-s16-cream-white-miller,2,shopify,0,continue,manual,3.00,TRUE,TRUE,,,
elk-hair-caddis,,,,,,,,,#16,,Orange (October Caddis),elk-hair-caddis-s16-orange-october-caddis,2,shopify,0,continue,manual,3.00,TRUE,TRUE,,,
elk-hair-caddis,,,,,,,,,#18,,Tan,elk-hair-caddis-s18-tan,2,shopify,0,continue,manual,3.00,TRUE,TRUE,,,
elk-hair-caddis,,,,,,,,,#18,,Olive,elk-hair-caddis-s18-olive,2,shopify,0,continue,manual,3.00,TRUE,TRUE,,,
elk-hair-caddis,,,,,,,,,#18,,Black,elk-hair-caddis-s18-black,2,shopify,0,continue,manual,3.00,TRUE,TRUE,,,
elk-hair-caddis,,,,,,,,,#18,,Cream (White Miller),elk-hair-caddis-s18-cream-white-miller,2,shopify,0,continue,manual,3.00,TRUE,TRUE,,,
elk-hair-caddis,,,,,,,,,#18,,Orange (October Caddis),elk-hair-caddis-s18-orange-october-caddis,2,shopify,0,continue,manual,3.00,TRUE,TRUE,,,
elk-hair-caddis,,,,,,,,,#20,,Tan,elk-hair-caddis-s20-tan,2,shopify,0,continue,manual,3.00,TRUE,TRUE,,,
elk-hair-caddis,,,,,,,,,#20,,Olive,elk-hair-caddis-s20-olive,2,shopify,0,continue,manual,3.00,TRUE,TRUE,,,
elk-hair-caddis,,,,,,,,,#20,,Black,elk-hair-caddis-s20-black,2,shopify,0,continue,manual,3.00,TRUE,TRUE,,,
elk-hair-caddis,,,,,,,,,#20,,Cream (White Miller),elk-hair-caddis-s20-cream-white-miller,2,shopify,0,continue,manual,3.00,TRUE,TRUE,,,
elk-hair-caddis,,,,,,,,,#20,,Orange (October Caddis),elk-hair-caddis-s20-orange-october-caddis,2,shopify,0,continue,manual,3.00,TRUE,TRUE,,,
griffiths-gnat,Griffith's Gnat,"<p>A cluster-midge dry for trout surface-feeding on winter midges near Muskegon springs and on summer evenings on northern rivers. Fish it on 6X to 7X in slow seams when fish are dimpling on clusters of adults, typically warm afternoons from December through April on the tailwaters.</p><p><strong>Imitates:</strong> Midge</p><p><strong>Fish it for:</strong> Brown trout, Rainbow trout (resident), Brook trout</p><p>Hand-tied in Michigan for Michigan rivers. See when and where to fish it at michiganflies.com/flies/griffiths-gnat.</p>",Michigan Flies,Sporting Goods > Outdoor Recreation > Fishing > Fishing Tackle > Fishing Baits & Lures,Dry fly,"Dry fly, Brown trout, Rainbow trout (resident), Brook trout, dry-fly, midge, evidence-I, collection:two-hearted-first-batch, river:two-hearted",TRUE,Size,#18,Color,Peacock and grizzly,griffiths-gnat-s18-peacock-and-grizzly,2,shopify,0,continue,manual,3.00,TRUE,TRUE,Griffith's Gnat · hand-tied for Michigan rivers,"A cluster-midge dry for trout surface-feeding on winter midges near Muskegon springs and on summer evenings on northern rivers. Fish it on 6X to 7X in slow seams when fish are dimpling on clusters of adults, typically warm afternoons from December through April on the tailwaters.",draft
griffiths-gnat,,,,,,,,,#20,,Peacock and grizzly,griffiths-gnat-s20-peacock-and-grizzly,2,shopify,0,continue,manual,3.00,TRUE,TRUE,,,
griffiths-gnat,,,,,,,,,#22,,Peacock and grizzly,griffiths-gnat-s22-peacock-and-grizzly,2,shopify,0,continue,manual,3.00,TRUE,TRUE,,,
griffiths-gnat,,,,,,,,,#24,,Peacock and grizzly,griffiths-gnat-s24-peacock-and-grizzly,2,shopify,0,continue,manual,3.00,TRUE,TRUE,,,
hex-spinner,Hex Spinner,"<p>Hex spinners fall shortly after dark one to three nights after the duns emerge, and the spent-wing pattern is what the largest browns eat once the flat is covered in dead bugs. Fish a #4 to #8 spinner from about 10:30 pm on Au Sable, Manistee and Pere Marquette silt flats in late June and early July.</p><p><strong>Imitates:</strong> Hex</p><p><strong>Fish it for:</strong> Brown trout, Brook trout, Rainbow trout (resident)</p><p>Hand-tied in Michigan for Michigan rivers. See when and where to fish it at michiganflies.com/flies/hex-spinner.</p>",Michigan Flies,Sporting Goods > Outdoor Recreation > Fishing > Fishing Tackle > Fishing Baits & Lures,Dry fly,"Dry fly, Brown trout, Brook trout, Rainbow trout (resident), dry-fly, hex, evidence-A, collection:two-hearted-first-batch, river:two-hearted",TRUE,Size,#4,Color,"Yellow body, clear or gray wings",hex-spinner-s4-yellow-body-clear-or-gray-wings,2,shopify,0,continue,manual,3.00,TRUE,TRUE,Hex Spinner · hand-tied for Michigan rivers,"Hex spinners fall shortly after dark one to three nights after the duns emerge, and the spent-wing pattern is what the largest browns eat once the flat is covered in dead bugs. Fish a #4 to #8 spinner from about 10:30 pm on Au Sable, Manistee and Pere Marquette silt flats in late June and early July",draft
hex-spinner,,,,,,,,,#4,,Dark Hex,hex-spinner-s4-dark-hex,2,shopify,0,continue,manual,3.00,TRUE,TRUE,,,
hex-spinner,,,,,,,,,#6,,"Yellow body, clear or gray wings",hex-spinner-s6-yellow-body-clear-or-gray-wings,2,shopify,0,continue,manual,3.00,TRUE,TRUE,,,
hex-spinner,,,,,,,,,#6,,Dark Hex,hex-spinner-s6-dark-hex,2,shopify,0,continue,manual,3.00,TRUE,TRUE,,,
hex-spinner,,,,,,,,,#8,,"Yellow body, clear or gray wings",hex-spinner-s8-yellow-body-clear-or-gray-wings,2,shopify,0,continue,manual,3.00,TRUE,TRUE,,,
hex-spinner,,,,,,,,,#8,,Dark Hex,hex-spinner-s8-dark-hex,2,shopify,0,continue,manual,3.00,TRUE,TRUE,,,
mahogany-dun-parachute,Mahogany Dun Parachute,"<p>For the fall Mahogany Duns that draw feeding fish on the Pere Marquette from mid September through October, and the Slate Wing Mahoganies of U.P. charts. Fish it on cool afternoons in slow seams; it also matches the spring Blue Quill in #16 to #18.</p><p><strong>Imitates:</strong> Mahogany Dun</p><p><strong>Fish it for:</strong> Brown trout, Brook trout, Rainbow trout (resident)</p><p>Hand-tied in Michigan for Michigan rivers. See when and where to fish it at michiganflies.com/flies/mahogany-dun-parachute.</p>",Michigan Flies,Sporting Goods > Outdoor Recreation > Fishing > Fishing Tackle > Fishing Baits & Lures,Dry fly,"Dry fly, Brown trout, Brook trout, Rainbow trout (resident), dry-fly, mahogany-dun, evidence-A, collection:two-hearted-first-batch, river:two-hearted",TRUE,Size,#14,Color,"Mahogany body, slate wing",mahogany-dun-parachute-s14-mahogany-body-slate-wing,2,shopify,0,continue,manual,3.00,TRUE,TRUE,Mahogany Dun Parachute · hand-tied for Michigan rivers,"For the fall Mahogany Duns that draw feeding fish on the Pere Marquette from mid September through October, and the Slate Wing Mahoganies of U.P. charts. Fish it on cool afternoons in slow seams; it also matches the spring Blue Quill in #16 to #18.",draft
mahogany-dun-parachute,,,,,,,,,#16,,"Mahogany body, slate wing",mahogany-dun-parachute-s16-mahogany-body-slate-wing,2,shopify,0,continue,manual,3.00,TRUE,TRUE,,,
mahogany-dun-parachute,,,,,,,,,#18,,"Mahogany body, slate wing",mahogany-dun-parachute-s18-mahogany-body-slate-wing,2,shopify,0,continue,manual,3.00,TRUE,TRUE,,,
mccoys-all-day-dun,McCoy's All Day Dun (Hex),"<p>A Hex dun named by Hawkins for the giant Michigan mayfly, which emerges after dark once water reaches 68 F, peaking June 21 to July 7 on the Au Sable and Manistee (June 8 to 20 on the Muskegon, two to three weeks later in the U.P.). Fish it from 10 pm on a 6 ft 2X leader over silt banks, casting to the sound of rises.</p><p><strong>Imitates:</strong> Hex</p><p><strong>Fish it for:</strong> Brown trout, Brook trout, Rainbow trout (resident)</p><p><em>Ed McCoy, Mangled Fly, Manistee River</em></p><p>Hand-tied in Michigan for Michigan rivers. See when and where to fish it at michiganflies.com/flies/mccoys-all-day-dun.</p>",Michigan Flies,Sporting Goods > Outdoor Recreation > Fishing > Fishing Tackle > Fishing Baits & Lures,Dry fly,"Dry fly, Brown trout, Brook trout, Rainbow trout (resident), dry-fly, hex, evidence-A, collection:two-hearted-first-batch, river:two-hearted",TRUE,Size,#4,Color,Pale yellow with reddish-brown markings,mccoys-all-day-dun-s4-pale-yellow-with-reddish-brown-markings,2,shopify,0,continue,manual,3.00,TRUE,TRUE,McCoy's All Day Dun (Hex) · hand-tied for Michigan rivers,"A Hex dun named by Hawkins for the giant Michigan mayfly, which emerges after dark once water reaches 68 F, peaking June 21 to July 7 on the Au Sable and Manistee (June 8 to 20 on the Muskegon, two to three weeks later in the U.P.). Fish it from 10 pm on a 6 ft 2X leader over silt banks, casting to ",draft
mccoys-all-day-dun,,,,,,,,,#6,,Pale yellow with reddish-brown markings,mccoys-all-day-dun-s6-pale-yellow-with-reddish-brown-markings,2,shopify,0,continue,manual,3.00,TRUE,TRUE,,,
mccoys-all-day-dun,,,,,,,,,#8,,Pale yellow with reddish-brown markings,mccoys-all-day-dun-s8-pale-yellow-with-reddish-brown-markings,2,shopify,0,continue,manual,3.00,TRUE,TRUE,,,
regans-hendrickson-parachute,Regan's Hendrickson Parachute,"<p>The Au Sable guide standard for the first of the Big Five hatches, fished from the last week of April into mid May when water holds 50 to 55 F. Duns come off mid-afternoon (2 to 5 pm on the Au Sable) for one to two hours; drift it drag-free over riffles and tailouts. Carry both the dark male and lighter female shades in #12 and #14.</p><p><strong>Imitates:</strong> Hendrickson</p><p><strong>Fish it for:</strong> Brown trout, Brook trout, Rainbow trout (resident)</p><p><em>Au Sable River, Grayling</em></p><p>Hand-tied in Michigan for Michigan rivers. See when and where to fish it at michiganflies.com/flies/regans-hendrickson-parachute.</p>",Michigan Flies,Sporting Goods > Outdoor Recreation > Fishing > Fishing Tackle > Fishing Baits & Lures,Dry fly,"Dry fly, Brown trout, Brook trout, Rainbow trout (resident), dry-fly, hendrickson, evidence-A, collection:two-hearted-first-batch, river:two-hearted",TRUE,Size,#12,Color,Dark Hendrickson (reddish brown),regans-hendrickson-parachute-s12-dark-hendrickson-reddish-brown,2,shopify,0,continue,manual,3.00,TRUE,TRUE,Regan's Hendrickson Parachute · hand-tied for Michigan rivers,"The Au Sable guide standard for the first of the Big Five hatches, fished from the last week of April into mid May when water holds 50 to 55 F. Duns come off mid-afternoon (2 to 5 pm on the Au Sable) for one to two hours; drift it drag-free over riffles and tailouts. Carry both the dark male and lig",draft
regans-hendrickson-parachute,,,,,,,,,#12,,Light Hendrickson (creamy tan),regans-hendrickson-parachute-s12-light-hendrickson-creamy-tan,2,shopify,0,continue,manual,3.00,TRUE,TRUE,,,
regans-hendrickson-parachute,,,,,,,,,#14,,Dark Hendrickson (reddish brown),regans-hendrickson-parachute-s14-dark-hendrickson-reddish-brown,2,shopify,0,continue,manual,3.00,TRUE,TRUE,,,
regans-hendrickson-parachute,,,,,,,,,#14,,Light Hendrickson (creamy tan),regans-hendrickson-parachute-s14-light-hendrickson-creamy-tan,2,shopify,0,continue,manual,3.00,TRUE,TRUE,,,
regans-hendrickson-spinner,Regan's Hendrickson Spinner,"<p>Rusty spinner for the Hendrickson fall, which happens late afternoon into dusk over riffles and is often compressed into about thirty minutes. Cool evenings suppress the fall and push it to the next morning. Fish it flush in the film below riffles from late April through mid May.</p><p><strong>Imitates:</strong> Hendrickson</p><p><strong>Fish it for:</strong> Brown trout, Brook trout, Rainbow trout (resident)</p><p><em>Au Sable River, Grayling</em></p><p>Hand-tied in Michigan for Michigan rivers. See when and where to fish it at michiganflies.com/flies/regans-hendrickson-spinner.</p>",Michigan Flies,Sporting Goods > Outdoor Recreation > Fishing > Fishing Tackle > Fishing Baits & Lures,Dry fly,"Dry fly, Brown trout, Brook trout, Rainbow trout (resident), dry-fly, hendrickson, evidence-A, collection:two-hearted-first-batch, river:two-hearted",TRUE,Size,#12,Color,Rusty brown,regans-hendrickson-spinner-s12-rusty-brown,2,shopify,0,continue,manual,3.00,TRUE,TRUE,Regan's Hendrickson Spinner · hand-tied for Michigan rivers,"Rusty spinner for the Hendrickson fall, which happens late afternoon into dusk over riffles and is often compressed into about thirty minutes. Cool evenings suppress the fall and push it to the next morning. Fish it flush in the film below riffles from late April through mid May.",draft
regans-hendrickson-spinner,,,,,,,,,#14,,Rusty brown,regans-hendrickson-spinner-s14-rusty-brown,2,shopify,0,continue,manual,3.00,TRUE,TRUE,,,
sly-sister-stone,Sly Sister Stone,"<p>A CDC-winged adult early black stonefly for the egg-laying flights on warm late-winter afternoons, when females beat their wings continuously on the surface. Fish it noon to 4 pm on the Muskegon and Pere Marquette from late February through April for resident trout and the occasional rising steelhead.</p><p><strong>Imitates:</strong> Early Black Stonefly</p><p><strong>Fish it for:</strong> Brown trout, Rainbow trout (resident), Steelhead</p><p>Hand-tied in Michigan for Michigan rivers. See when and where to fish it at michiganflies.com/flies/sly-sister-stone.</p>",Michigan Flies,Sporting Goods > Outdoor Recreation > Fishing > Fishing Tackle > Fishing Baits & Lures,Dry fly,"Dry fly, Brown trout, Rainbow trout (resident), Steelhead, dry-fly, early-black-stonefly, evidence-A, collection:two-hearted-first-batch, river:two-hearted",TRUE,Size,#12,Color,Black with CDC wing,sly-sister-stone-s12-black-with-cdc-wing,2,shopify,0,continue,manual,3.00,TRUE,TRUE,Sly Sister Stone · hand-tied for Michigan rivers,"A CDC-winged adult early black stonefly for the egg-laying flights on warm late-winter afternoons, when females beat their wings continuously on the surface. Fish it noon to 4 pm on the Muskegon and Pere Marquette from late February through April for resident trout and the occasional rising steelhea",draft
sly-sister-stone,,,,,,,,,#14,,Black with CDC wing,sly-sister-stone-s14-black-with-cdc-wing,2,shopify,0,continue,manual,3.00,TRUE,TRUE,,,
clown-egg,Clown Egg (Rag Egg),"<p>A multi-color yarn rag egg that Hawkins calls 'a deadly fly' under a float on the Manistee and that 'will fool most salmon and steelhead.' Chuck Hawkins sizes it dime-sized in pinks and oranges before runoff, quarter-sized in chartreuse, orange and bright yellow during runoff, and muted afterward; Kraimer fishes a quarter-sized Clown as the attractor above a smaller realistic egg. Fish it under an 8 to 20 g float or chuck-and-duck from fall through April.</p><p><strong>Fish it for:</strong> Steelhead, Chinook salmon, Coho salmon, Brown trout</p><p><em>Manistee River float-fishing guides</em></p><p>Hand-tied in Michigan for Michigan rivers. See when and where to fish it at michiganflies.com/flies/clown-egg.</p>",Michigan Flies,Sporting Goods > Outdoor Recreation > Fishing > Fishing Tackle > Fishing Baits & Lures,Egg,"Egg, Steelhead, Chinook salmon, Coho salmon, Brown trout, nymph-indicator, chuck-and-duck, chinook-eggs, coho-eggs, steelhead-eggs, evidence-A, collection:two-hearted-first-batch, river:two-hearted",TRUE,Size,#6,Color,"Pink/orange (pre-runoff, dime-sized)",clown-egg-s6-pink-orange-pre-runoff-dime-sized,2,shopify,0,continue,manual,2.25,TRUE,TRUE,Clown Egg (Rag Egg) · hand-tied for Michigan rivers,"A multi-color yarn rag egg that Hawkins calls 'a deadly fly' under a float on the Manistee and that 'will fool most salmon and steelhead.' Chuck Hawkins sizes it dime-sized in pinks and oranges before runoff, quarter-sized in chartreuse, orange and bright yellow during runoff, and muted afterward; K",draft
clown-egg,,,,,,,,,#6,,"Chartreuse/orange/bright yellow (runoff, quarter-sized)",clown-egg-s6-chartreuse-orange-bright-yellow-runoff-quarter-size,2,shopify,0,continue,manual,2.25,TRUE,TRUE,,,
clown-egg,,,,,,,,,#6,,Muted natural (post-runoff),clown-egg-s6-muted-natural-post-runoff,2,shopify,0,continue,manual,2.25,TRUE,TRUE,,,
clown-egg,,,,,,,,,#8,,"Pink/orange (pre-runoff, dime-sized)",clown-egg-s8-pink-orange-pre-runoff-dime-sized,2,shopify,0,continue,manual,2.25,TRUE,TRUE,,,
clown-egg,,,,,,,,,#8,,"Chartreuse/orange/bright yellow (runoff, quarter-sized)",clown-egg-s8-chartreuse-orange-bright-yellow-runoff-quarter-size,2,shopify,0,continue,manual,2.25,TRUE,TRUE,,,
clown-egg,,,,,,,,,#8,,Muted natural (post-runoff),clown-egg-s8-muted-natural-post-runoff,2,shopify,0,continue,manual,2.25,TRUE,TRUE,,,
clown-egg,,,,,,,,,#10,,"Pink/orange (pre-runoff, dime-sized)",clown-egg-s10-pink-orange-pre-runoff-dime-sized,2,shopify,0,continue,manual,2.25,TRUE,TRUE,,,
clown-egg,,,,,,,,,#10,,"Chartreuse/orange/bright yellow (runoff, quarter-sized)",clown-egg-s10-chartreuse-orange-bright-yellow-runoff-quarter-siz,2,shopify,0,continue,manual,2.25,TRUE,TRUE,,,
clown-egg,,,,,,,,,#10,,Muted natural (post-runoff),clown-egg-s10-muted-natural-post-runoff,2,shopify,0,continue,manual,2.25,TRUE,TRUE,,,
clown-egg,,,,,,,,,#12,,"Pink/orange (pre-runoff, dime-sized)",clown-egg-s12-pink-orange-pre-runoff-dime-sized,2,shopify,0,continue,manual,2.25,TRUE,TRUE,,,
clown-egg,,,,,,,,,#12,,"Chartreuse/orange/bright yellow (runoff, quarter-sized)",clown-egg-s12-chartreuse-orange-bright-yellow-runoff-quarter-siz,2,shopify,0,continue,manual,2.25,TRUE,TRUE,,,
clown-egg,,,,,,,,,#12,,Muted natural (post-runoff),clown-egg-s12-muted-natural-post-runoff,2,shopify,0,continue,manual,2.25,TRUE,TRUE,,,
clown-egg,,,,,,,,,#14,,"Pink/orange (pre-runoff, dime-sized)",clown-egg-s14-pink-orange-pre-runoff-dime-sized,2,shopify,0,continue,manual,2.25,TRUE,TRUE,,,
clown-egg,,,,,,,,,#14,,"Chartreuse/orange/bright yellow (runoff, quarter-sized)",clown-egg-s14-chartreuse-orange-bright-yellow-runoff-quarter-siz,2,shopify,0,continue,manual,2.25,TRUE,TRUE,,,
clown-egg,,,,,,,,,#14,,Muted natural (post-runoff),clown-egg-s14-muted-natural-post-runoff,2,shopify,0,continue,manual,2.25,TRUE,TRUE,,,
eggstacy-egg,Eggstacy Egg,"<p>A translucent chenille egg that George Daniel fishes in #16 'sweetcorn' during the sucker spawn, where any egg close to the natural pale-yellow color produces. Fish it as a small dropper below a heavier nymph behind sucker redds in late April and May.</p><p><strong>Fish it for:</strong> Steelhead, Brown trout, Rainbow trout (resident)</p><p>Hand-tied in Michigan for Michigan rivers. See when and where to fish it at michiganflies.com/flies/eggstacy-egg.</p>",Michigan Flies,Sporting Goods > Outdoor Recreation > Fishing > Fishing Tackle > Fishing Baits & Lures,Egg,"Egg, Steelhead, Brown trout, Rainbow trout (resident), nymph-indicator, euro-nymph, sucker-eggs, walleye-eggs, steelhead-eggs, evidence-A, collection:two-hearted-first-batch, river:two-hearted",TRUE,Size,#12,Color,Sweetcorn,eggstacy-egg-s12-sweetcorn,2,shopify,0,continue,manual,2.25,TRUE,TRUE,Eggstacy Egg · hand-tied for Michigan rivers,"A translucent chenille egg that George Daniel fishes in #16 'sweetcorn' during the sucker spawn, where any egg close to the natural pale-yellow color produces. Fish it as a small dropper below a heavier nymph behind sucker redds in late April and May.",draft
eggstacy-egg,,,,,,,,,#12,,Apricot,eggstacy-egg-s12-apricot,2,shopify,0,continue,manual,2.25,TRUE,TRUE,,,
eggstacy-egg,,,,,,,,,#12,,Peach,eggstacy-egg-s12-peach,2,shopify,0,continue,manual,2.25,TRUE,TRUE,,,
eggstacy-egg,,,,,,,,,#14,,Sweetcorn,eggstacy-egg-s14-sweetcorn,2,shopify,0,continue,manual,2.25,TRUE,TRUE,,,
eggstacy-egg,,,,,,,,,#14,,Apricot,eggstacy-egg-s14-apricot,2,shopify,0,continue,manual,2.25,TRUE,TRUE,,,
eggstacy-egg,,,,,,,,,#14,,Peach,eggstacy-egg-s14-peach,2,shopify,0,continue,manual,2.25,TRUE,TRUE,,,
eggstacy-egg,,,,,,,,,#16,,Sweetcorn,eggstacy-egg-s16-sweetcorn,2,shopify,0,continue,manual,2.25,TRUE,TRUE,,,
eggstacy-egg,,,,,,,,,#16,,Apricot,eggstacy-egg-s16-apricot,2,shopify,0,continue,manual,2.25,TRUE,TRUE,,,
eggstacy-egg,,,,,,,,,#16,,Peach,eggstacy-egg-s16-peach,2,shopify,0,continue,manual,2.25,TRUE,TRUE,,,
glo-bug,Glo Bug,"<p>The original yarn egg, still in every Michigan steelhead box in Oregon Cheese, Golden and Chartreuse per Current Works, with a #12 short-shank scud hook the all-around Pere Marquette size and #14 to #16 for low clear water. For salmon, Trails to Trout advises blue, black and chartreuse pre-spawn and red, pink and orange during the spawn, in #6 to #8. Cream and pale yellow versions carry through the winter and the April to May sucker spawn.</p><p><strong>Fish it for:</strong> Steelhead, Brown trout, Rainbow trout (resident), Chinook salmon, Coho salmon, Pink salmon, Atlantic salmon</p><p>Hand-tied in Michigan for Michigan rivers. See when and where to fish it at michiganflies.com/flies/glo-bug.</p>",Michigan Flies,Sporting Goods > Outdoor Recreation > Fishing > Fishing Tackle > Fishing Baits & Lures,Egg,"Egg, Steelhead, Brown trout, Rainbow trout (resident), Chinook salmon, Coho salmon, Pink salmon, Atlantic salmon, nymph-indicator, chuck-and-duck, euro-nymph, chinook-eggs, coho-eggs, steelhead-eggs, brown-trout-eggs, pink-salmon-eggs, sucker-eggs, evidence-A, collection:two-hearted-first-batch, river:two-hearted",TRUE,Size,#6,Color,Oregon Cheese,glo-bug-s6-oregon-cheese,2,shopify,0,continue,manual,2.25,TRUE,TRUE,Glo Bug · hand-tied for Michigan rivers,"The original yarn egg, still in every Michigan steelhead box in Oregon Cheese, Golden and Chartreuse per Current Works, with a #12 short-shank scud hook the all-around Pere Marquette size and #14 to #16 for low clear water. For salmon, Trails to Trout advises blue, black and chartreuse pre-spawn and",draft
glo-bug,,,,,,,,,#6,,Apricot,glo-bug-s6-apricot,2,shopify,0,continue,manual,2.25,TRUE,TRUE,,,
glo-bug,,,,,,,,,#6,,Peach,glo-bug-s6-peach,2,shopify,0,continue,manual,2.25,TRUE,TRUE,,,
glo-bug,,,,,,,,,#6,,Golden,glo-bug-s6-golden,2,shopify,0,continue,manual,2.25,TRUE,TRUE,,,
glo-bug,,,,,,,,,#6,,Cream (dead egg),glo-bug-s6-cream-dead-egg,2,shopify,0,continue,manual,2.25,TRUE,TRUE,,,
glo-bug,,,,,,,,,#6,,Chartreuse,glo-bug-s6-chartreuse,2,shopify,0,continue,manual,2.25,TRUE,TRUE,,,
glo-bug,,,,,,,,,#6,,Hot Pink,glo-bug-s6-hot-pink,2,shopify,0,continue,manual,2.25,TRUE,TRUE,,,
glo-bug,,,,,,,,,#6,,Steelhead Orange,glo-bug-s6-steelhead-orange,2,shopify,0,continue,manual,2.25,TRUE,TRUE,,,
glo-bug,,,,,,,,,#6,,Blue and black (pre-spawn salmon),glo-bug-s6-blue-and-black-pre-spawn-salmon,2,shopify,0,continue,manual,2.25,TRUE,TRUE,,,
glo-bug,,,,,,,,,#8,,Oregon Cheese,glo-bug-s8-oregon-cheese,2,shopify,0,continue,manual,2.25,TRUE,TRUE,,,
glo-bug,,,,,,,,,#8,,Apricot,glo-bug-s8-apricot,2,shopify,0,continue,manual,2.25,TRUE,TRUE,,,
glo-bug,,,,,,,,,#8,,Peach,glo-bug-s8-peach,2,shopify,0,continue,manual,2.25,TRUE,TRUE,,,
glo-bug,,,,,,,,,#8,,Golden,glo-bug-s8-golden,2,shopify,0,continue,manual,2.25,TRUE,TRUE,,,
glo-bug,,,,,,,,,#8,,Cream (dead egg),glo-bug-s8-cream-dead-egg,2,shopify,0,continue,manual,2.25,TRUE,TRUE,,,
glo-bug,,,,,,,,,#8,,Chartreuse,glo-bug-s8-chartreuse,2,shopify,0,continue,manual,2.25,TRUE,TRUE,,,
glo-bug,,,,,,,,,#8,,Hot Pink,glo-bug-s8-hot-pink,2,shopify,0,continue,manual,2.25,TRUE,TRUE,,,
glo-bug,,,,,,,,,#8,,Steelhead Orange,glo-bug-s8-steelhead-orange,2,shopify,0,continue,manual,2.25,TRUE,TRUE,,,
glo-bug,,,,,,,,,#8,,Blue and black (pre-spawn salmon),glo-bug-s8-blue-and-black-pre-spawn-salmon,2,shopify,0,continue,manual,2.25,TRUE,TRUE,,,
glo-bug,,,,,,,,,#10,,Oregon Cheese,glo-bug-s10-oregon-cheese,2,shopify,0,continue,manual,2.25,TRUE,TRUE,,,
glo-bug,,,,,,,,,#10,,Apricot,glo-bug-s10-apricot,2,shopify,0,continue,manual,2.25,TRUE,TRUE,,,
glo-bug,,,,,,,,,#10,,Peach,glo-bug-s10-peach,2,shopify,0,continue,manual,2.25,TRUE,TRUE,,,
glo-bug,,,,,,,,,#10,,Golden,glo-bug-s10-golden,2,shopify,0,continue,manual,2.25,TRUE,TRUE,,,
glo-bug,,,,,,,,,#10,,Cream (dead egg),glo-bug-s10-cream-dead-egg,2,shopify,0,continue,manual,2.25,TRUE,TRUE,,,
glo-bug,,,,,,,,,#10,,Chartreuse,glo-bug-s10-chartreuse,2,shopify,0,continue,manual,2.25,TRUE,TRUE,,,
glo-bug,,,,,,,,,#10,,Hot Pink,glo-bug-s10-hot-pink,2,shopify,0,continue,manual,2.25,TRUE,TRUE,,,
glo-bug,,,,,,,,,#10,,Steelhead Orange,glo-bug-s10-steelhead-orange,2,shopify,0,continue,manual,2.25,TRUE,TRUE,,,
glo-bug,,,,,,,,,#10,,Blue and black (pre-spawn salmon),glo-bug-s10-blue-and-black-pre-spawn-salmon,2,shopify,0,continue,manual,2.25,TRUE,TRUE,,,
glo-bug,,,,,,,,,#12,,Oregon Cheese,glo-bug-s12-oregon-cheese,2,shopify,0,continue,manual,2.25,TRUE,TRUE,,,
glo-bug,,,,,,,,,#12,,Apricot,glo-bug-s12-apricot,2,shopify,0,continue,manual,2.25,TRUE,TRUE,,,
glo-bug,,,,,,,,,#12,,Peach,glo-bug-s12-peach,2,shopify,0,continue,manual,2.25,TRUE,TRUE,,,
glo-bug,,,,,,,,,#12,,Golden,glo-bug-s12-golden,2,shopify,0,continue,manual,2.25,TRUE,TRUE,,,
glo-bug,,,,,,,,,#12,,Cream (dead egg),glo-bug-s12-cream-dead-egg,2,shopify,0,continue,manual,2.25,TRUE,TRUE,,,
glo-bug,,,,,,,,,#12,,Chartreuse,glo-bug-s12-chartreuse,2,shopify,0,continue,manual,2.25,TRUE,TRUE,,,
glo-bug,,,,,,,,,#12,,Hot Pink,glo-bug-s12-hot-pink,2,shopify,0,continue,manual,2.25,TRUE,TRUE,,,
glo-bug,,,,,,,,,#12,,Steelhead Orange,glo-bug-s12-steelhead-orange,2,shopify,0,continue,manual,2.25,TRUE,TRUE,,,
glo-bug,,,,,,,,,#12,,Blue and black (pre-spawn salmon),glo-bug-s12-blue-and-black-pre-spawn-salmon,2,shopify,0,continue,manual,2.25,TRUE,TRUE,,,
glo-bug,,,,,,,,,#14,,Oregon Cheese,glo-bug-s14-oregon-cheese,2,shopify,0,continue,manual,2.25,TRUE,TRUE,,,
glo-bug,,,,,,,,,#14,,Apricot,glo-bug-s14-apricot,2,shopify,0,continue,manual,2.25,TRUE,TRUE,,,
glo-bug,,,,,,,,,#14,,Peach,glo-bug-s14-peach,2,shopify,0,continue,manual,2.25,TRUE,TRUE,,,
glo-bug,,,,,,,,,#14,,Golden,glo-bug-s14-golden,2,shopify,0,continue,manual,2.25,TRUE,TRUE,,,
glo-bug,,,,,,,,,#14,,Cream (dead egg),glo-bug-s14-cream-dead-egg,2,shopify,0,continue,manual,2.25,TRUE,TRUE,,,
glo-bug,,,,,,,,,#14,,Chartreuse,glo-bug-s14-chartreuse,2,shopify,0,continue,manual,2.25,TRUE,TRUE,,,
glo-bug,,,,,,,,,#14,,Hot Pink,glo-bug-s14-hot-pink,2,shopify,0,continue,manual,2.25,TRUE,TRUE,,,
glo-bug,,,,,,,,,#14,,Steelhead Orange,glo-bug-s14-steelhead-orange,2,shopify,0,continue,manual,2.25,TRUE,TRUE,,,
glo-bug,,,,,,,,,#14,,Blue and black (pre-spawn salmon),glo-bug-s14-blue-and-black-pre-spawn-salmon,2,shopify,0,continue,manual,2.25,TRUE,TRUE,,,
glo-bug,,,,,,,,,#16,,Oregon Cheese,glo-bug-s16-oregon-cheese,2,shopify,0,continue,manual,2.25,TRUE,TRUE,,,
glo-bug,,,,,,,,,#16,,Apricot,glo-bug-s16-apricot,2,shopify,0,continue,manual,2.25,TRUE,TRUE,,,
glo-bug,,,,,,,,,#16,,Peach,glo-bug-s16-peach,2,shopify,0,continue,manual,2.25,TRUE,TRUE,,,
glo-bug,,,,,,,,,#16,,Golden,glo-bug-s16-golden,2,shopify,0,continue,manual,2.25,TRUE,TRUE,,,
glo-bug,,,,,,,,,#16,,Cream (dead egg),glo-bug-s16-cream-dead-egg,2,shopify,0,continue,manual,2.25,TRUE,TRUE,,,
glo-bug,,,,,,,,,#16,,Chartreuse,glo-bug-s16-chartreuse,2,shopify,0,continue,manual,2.25,TRUE,TRUE,,,
glo-bug,,,,,,,,,#16,,Hot Pink,glo-bug-s16-hot-pink,2,shopify,0,continue,manual,2.25,TRUE,TRUE,,,
glo-bug,,,,,,,,,#16,,Steelhead Orange,glo-bug-s16-steelhead-orange,2,shopify,0,continue,manual,2.25,TRUE,TRUE,,,
glo-bug,,,,,,,,,#16,,Blue and black (pre-spawn salmon),glo-bug-s16-blue-and-black-pre-spawn-salmon,2,shopify,0,continue,manual,2.25,TRUE,TRUE,,,
micro-spawn,Micro Spawn (6 to 8 mm yarn egg),"<p>A small yarn egg of 6 to 8 mm for gin-clear, low water when fish demand smaller, realistic patterns. Trout hooks (Daiichi 1130, TMC 2457) #14 to #16 match the 4 to 5 mm steelhead and brown trout eggs and 2 to 3 mm sucker eggs better than a salmon-sized Glo Bug; fish it on light tippet from winter through the May sucker spawn, and on small inland streams after the October brook trout spawn.</p><p><strong>Fish it for:</strong> Steelhead, Brown trout, Rainbow trout (resident), Brook trout</p><p>Hand-tied in Michigan for Michigan rivers. See when and where to fish it at michiganflies.com/flies/micro-spawn.</p>",Michigan Flies,Sporting Goods > Outdoor Recreation > Fishing > Fishing Tackle > Fishing Baits & Lures,Egg,"Egg, Steelhead, Brown trout, Rainbow trout (resident), Brook trout, nymph-indicator, euro-nymph, steelhead-eggs, brown-trout-eggs, brook-trout-eggs, sucker-eggs, walleye-eggs, evidence-A, collection:two-hearted-first-batch, river:two-hearted",TRUE,Size,#14,Color,Apricot,micro-spawn-s14-apricot,2,shopify,0,continue,manual,2.25,TRUE,TRUE,Micro Spawn (6 to 8 mm yarn egg) · hand-tied for Michigan rivers,"A small yarn egg of 6 to 8 mm for gin-clear, low water when fish demand smaller, realistic patterns. Trout hooks (Daiichi 1130, TMC 2457) #14 to #16 match the 4 to 5 mm steelhead and brown trout eggs and 2 to 3 mm sucker eggs better than a salmon-sized Glo Bug; fish it on light tippet from winter th",draft
micro-spawn,,,,,,,,,#14,,Cream,micro-spawn-s14-cream,2,shopify,0,continue,manual,2.25,TRUE,TRUE,,,
micro-spawn,,,,,,,,,#14,,Pale pink,micro-spawn-s14-pale-pink,2,shopify,0,continue,manual,2.25,TRUE,TRUE,,,
micro-spawn,,,,,,,,,#14,,Pale yellow,micro-spawn-s14-pale-yellow,2,shopify,0,continue,manual,2.25,TRUE,TRUE,,,
micro-spawn,,,,,,,,,#16,,Apricot,micro-spawn-s16-apricot,2,shopify,0,continue,manual,2.25,TRUE,TRUE,,,
micro-spawn,,,,,,,,,#16,,Cream,micro-spawn-s16-cream,2,shopify,0,continue,manual,2.25,TRUE,TRUE,,,
micro-spawn,,,,,,,,,#16,,Pale pink,micro-spawn-s16-pale-pink,2,shopify,0,continue,manual,2.25,TRUE,TRUE,,,
micro-spawn,,,,,,,,,#16,,Pale yellow,micro-spawn-s16-pale-yellow,2,shopify,0,continue,manual,2.25,TRUE,TRUE,,,
nuke-egg,Nuke Egg,"<p>A McFly Foam or Glo Bug yarn core under a yarn veil that goes translucent when wet, imitating the milky, non-viable eggs that make up most of the drift. Tied on a Gamakatsu C14S or TMC 2457 #8 to #12 (TMC 105 #6 to #10 for salmon); natural combinations for clear water, Chartreuse over Flame and Flame over Cerise for high or stained flows. Fish it behind spawning salmon from September through November, with aging-egg colors through winter, and natural steelhead-egg shades in March and April on the Manistee, Betsie, PM, Muskegon and Au Sable.</p><p><strong>Fish it for:</strong> Steelhead, Brown trout, Rainbow trout (resident), Chinook salmon, Coho salmon, Pink salmon, Atlantic salmon</p><p><em>Traverse City and Grand Rapids shop standard (Current Works, Nomad Anglers)</em></p><p>Hand-tied in Michigan for Michigan rivers. See when and where to fish it at michiganflies.com/flies/nuke-egg.</p>",Michigan Flies,Sporting Goods > Outdoor Recreation > Fishing > Fishing Tackle > Fishing Baits & Lures,Egg,"Egg, Steelhead, Brown trout, Rainbow trout (resident), Chinook salmon, Coho salmon, Pink salmon, Atlantic salmon, nymph-indicator, chuck-and-duck, euro-nymph, chinook-eggs, coho-eggs, steelhead-eggs, brown-trout-eggs, pink-salmon-eggs, atlantic-salmon-eggs, evidence-A, collection:two-hearted-first-batch, river:two-hearted",TRUE,Size,#6,Color,Oregon Cheese over Steelhead Orange,nuke-egg-s6-oregon-cheese-over-steelhead-orange,2,shopify,0,continue,manual,2.25,TRUE,TRUE,Nuke Egg · hand-tied for Michigan rivers,"A McFly Foam or Glo Bug yarn core under a yarn veil that goes translucent when wet, imitating the milky, non-viable eggs that make up most of the drift. Tied on a Gamakatsu C14S or TMC 2457 #8 to #12 (TMC 105 #6 to #10 for salmon); natural combinations for clear water, Chartreuse over Flame and Flam",draft
nuke-egg,,,,,,,,,#6,,Apricot Supreme over Steelhead Orange,nuke-egg-s6-apricot-supreme-over-steelhead-orange,2,shopify,0,continue,manual,2.25,TRUE,TRUE,,,
nuke-egg,,,,,,,,,#6,,Egg over Sockeye,nuke-egg-s6-egg-over-sockeye,2,shopify,0,continue,manual,2.25,TRUE,TRUE,,,
nuke-egg,,,,,,,,,#6,,Pink Lady over Shrimp Pink,nuke-egg-s6-pink-lady-over-shrimp-pink,2,shopify,0,continue,manual,2.25,TRUE,TRUE,,,
nuke-egg,,,,,,,,,#6,,Salmon Egg over Chartreuse,nuke-egg-s6-salmon-egg-over-chartreuse,2,shopify,0,continue,manual,2.25,TRUE,TRUE,,,
nuke-egg,,,,,,,,,#6,,Chartreuse over Flame,nuke-egg-s6-chartreuse-over-flame,2,shopify,0,continue,manual,2.25,TRUE,TRUE,,,
nuke-egg,,,,,,,,,#6,,Flame over Cerise,nuke-egg-s6-flame-over-cerise,2,shopify,0,continue,manual,2.25,TRUE,TRUE,,,
nuke-egg,,,,,,,,,#8,,Oregon Cheese over Steelhead Orange,nuke-egg-s8-oregon-cheese-over-steelhead-orange,2,shopify,0,continue,manual,2.25,TRUE,TRUE,,,
nuke-egg,,,,,,,,,#8,,Apricot Supreme over Steelhead Orange,nuke-egg-s8-apricot-supreme-over-steelhead-orange,2,shopify,0,continue,manual,2.25,TRUE,TRUE,,,
nuke-egg,,,,,,,,,#8,,Egg over Sockeye,nuke-egg-s8-egg-over-sockeye,2,shopify,0,continue,manual,2.25,TRUE,TRUE,,,
nuke-egg,,,,,,,,,#8,,Pink Lady over Shrimp Pink,nuke-egg-s8-pink-lady-over-shrimp-pink,2,shopify,0,continue,manual,2.25,TRUE,TRUE,,,
nuke-egg,,,,,,,,,#8,,Salmon Egg over Chartreuse,nuke-egg-s8-salmon-egg-over-chartreuse,2,shopify,0,continue,manual,2.25,TRUE,TRUE,,,
nuke-egg,,,,,,,,,#8,,Chartreuse over Flame,nuke-egg-s8-chartreuse-over-flame,2,shopify,0,continue,manual,2.25,TRUE,TRUE,,,
nuke-egg,,,,,,,,,#8,,Flame over Cerise,nuke-egg-s8-flame-over-cerise,2,shopify,0,continue,manual,2.25,TRUE,TRUE,,,
nuke-egg,,,,,,,,,#10,,Oregon Cheese over Steelhead Orange,nuke-egg-s10-oregon-cheese-over-steelhead-orange,2,shopify,0,continue,manual,2.25,TRUE,TRUE,,,
nuke-egg,,,,,,,,,#10,,Apricot Supreme over Steelhead Orange,nuke-egg-s10-apricot-supreme-over-steelhead-orange,2,shopify,0,continue,manual,2.25,TRUE,TRUE,,,
nuke-egg,,,,,,,,,#10,,Egg over Sockeye,nuke-egg-s10-egg-over-sockeye,2,shopify,0,continue,manual,2.25,TRUE,TRUE,,,
nuke-egg,,,,,,,,,#10,,Pink Lady over Shrimp Pink,nuke-egg-s10-pink-lady-over-shrimp-pink,2,shopify,0,continue,manual,2.25,TRUE,TRUE,,,
nuke-egg,,,,,,,,,#10,,Salmon Egg over Chartreuse,nuke-egg-s10-salmon-egg-over-chartreuse,2,shopify,0,continue,manual,2.25,TRUE,TRUE,,,
nuke-egg,,,,,,,,,#10,,Chartreuse over Flame,nuke-egg-s10-chartreuse-over-flame,2,shopify,0,continue,manual,2.25,TRUE,TRUE,,,
nuke-egg,,,,,,,,,#10,,Flame over Cerise,nuke-egg-s10-flame-over-cerise,2,shopify,0,continue,manual,2.25,TRUE,TRUE,,,
nuke-egg,,,,,,,,,#12,,Oregon Cheese over Steelhead Orange,nuke-egg-s12-oregon-cheese-over-steelhead-orange,2,shopify,0,continue,manual,2.25,TRUE,TRUE,,,
nuke-egg,,,,,,,,,#12,,Apricot Supreme over Steelhead Orange,nuke-egg-s12-apricot-supreme-over-steelhead-orange,2,shopify,0,continue,manual,2.25,TRUE,TRUE,,,
nuke-egg,,,,,,,,,#12,,Egg over Sockeye,nuke-egg-s12-egg-over-sockeye,2,shopify,0,continue,manual,2.25,TRUE,TRUE,,,
nuke-egg,,,,,,,,,#12,,Pink Lady over Shrimp Pink,nuke-egg-s12-pink-lady-over-shrimp-pink,2,shopify,0,continue,manual,2.25,TRUE,TRUE,,,
nuke-egg,,,,,,,,,#12,,Salmon Egg over Chartreuse,nuke-egg-s12-salmon-egg-over-chartreuse,2,shopify,0,continue,manual,2.25,TRUE,TRUE,,,
nuke-egg,,,,,,,,,#12,,Chartreuse over Flame,nuke-egg-s12-chartreuse-over-flame,2,shopify,0,continue,manual,2.25,TRUE,TRUE,,,
nuke-egg,,,,,,,,,#12,,Flame over Cerise,nuke-egg-s12-flame-over-cerise,2,shopify,0,continue,manual,2.25,TRUE,TRUE,,,
otters-soft-milking-egg,Otter's Soft Milking Egg,"<p>A soft translucent egg with a milking veil that closely resembles a real egg, sold in #14 in Apricot, Kiwi Opaque and Tangerine Opaque. Supinski names 'Otter Eggs' among Great Lakes winter steelhead staples; fish #14 apricot for pressured fish in low clear water from November through the May sucker spawn.</p><p><strong>Fish it for:</strong> Steelhead, Brown trout, Rainbow trout (resident)</p><p>Hand-tied in Michigan for Michigan rivers. See when and where to fish it at michiganflies.com/flies/otters-soft-milking-egg.</p>",Michigan Flies,Sporting Goods > Outdoor Recreation > Fishing > Fishing Tackle > Fishing Baits & Lures,Egg,"Egg, Steelhead, Brown trout, Rainbow trout (resident), nymph-indicator, euro-nymph, steelhead-eggs, brown-trout-eggs, sucker-eggs, coho-eggs, evidence-A, collection:two-hearted-first-batch, river:two-hearted",TRUE,Size,#12,Color,Apricot,otters-soft-milking-egg-s12-apricot,2,shopify,0,continue,manual,2.25,TRUE,TRUE,Otter's Soft Milking Egg · hand-tied for Michigan rivers,"A soft translucent egg with a milking veil that closely resembles a real egg, sold in #14 in Apricot, Kiwi Opaque and Tangerine Opaque. Supinski names 'Otter Eggs' among Great Lakes winter steelhead staples; fish #14 apricot for pressured fish in low clear water from November through the May sucker ",draft
otters-soft-milking-egg,,,,,,,,,#12,,Kiwi Opaque,otters-soft-milking-egg-s12-kiwi-opaque,2,shopify,0,continue,manual,2.25,TRUE,TRUE,,,
otters-soft-milking-egg,,,,,,,,,#12,,Tangerine Opaque,otters-soft-milking-egg-s12-tangerine-opaque,2,shopify,0,continue,manual,2.25,TRUE,TRUE,,,
otters-soft-milking-egg,,,,,,,,,#14,,Apricot,otters-soft-milking-egg-s14-apricot,2,shopify,0,continue,manual,2.25,TRUE,TRUE,,,
otters-soft-milking-egg,,,,,,,,,#14,,Kiwi Opaque,otters-soft-milking-egg-s14-kiwi-opaque,2,shopify,0,continue,manual,2.25,TRUE,TRUE,,,
otters-soft-milking-egg,,,,,,,,,#14,,Tangerine Opaque,otters-soft-milking-egg-s14-tangerine-opaque,2,shopify,0,continue,manual,2.25,TRUE,TRUE,,,
otters-soft-milking-egg,,,,,,,,,#16,,Apricot,otters-soft-milking-egg-s16-apricot,2,shopify,0,continue,manual,2.25,TRUE,TRUE,,,
otters-soft-milking-egg,,,,,,,,,#16,,Kiwi Opaque,otters-soft-milking-egg-s16-kiwi-opaque,2,shopify,0,continue,manual,2.25,TRUE,TRUE,,,
otters-soft-milking-egg,,,,,,,,,#16,,Tangerine Opaque,otters-soft-milking-egg-s16-tangerine-opaque,2,shopify,0,continue,manual,2.25,TRUE,TRUE,,,
salmon-egg-cluster,Salmon Egg Cluster,"<p>A multi-egg yarn or chenille cluster suggesting several 7 to 8 mm Chinook eggs washed out of a redd together. Use it #4 to #8 in high or stained October water below spawning kings and coho, keeping the hook gap under a half inch to remain a legal artificial fly on Michigan streams.</p><p><strong>Fish it for:</strong> Steelhead, Chinook salmon, Coho salmon, Brown trout</p><p>Hand-tied in Michigan for Michigan rivers. See when and where to fish it at michiganflies.com/flies/salmon-egg-cluster.</p>",Michigan Flies,Sporting Goods > Outdoor Recreation > Fishing > Fishing Tackle > Fishing Baits & Lures,Egg,"Egg, Steelhead, Chinook salmon, Coho salmon, Brown trout, chuck-and-duck, nymph-indicator, chinook-eggs, coho-eggs, evidence-I, collection:two-hearted-first-batch, river:two-hearted",TRUE,Size,#4,Color,Steelhead Orange,salmon-egg-cluster-s4-steelhead-orange,2,shopify,0,continue,manual,2.25,TRUE,TRUE,Salmon Egg Cluster · hand-tied for Michigan rivers,"A multi-egg yarn or chenille cluster suggesting several 7 to 8 mm Chinook eggs washed out of a redd together. Use it #4 to #8 in high or stained October water below spawning kings and coho, keeping the hook gap under a half inch to remain a legal artificial fly on Michigan streams.",draft
salmon-egg-cluster,,,,,,,,,#4,,Sockeye,salmon-egg-cluster-s4-sockeye,2,shopify,0,continue,manual,2.25,TRUE,TRUE,,,
salmon-egg-cluster,,,,,,,,,#4,,Flame,salmon-egg-cluster-s4-flame,2,shopify,0,continue,manual,2.25,TRUE,TRUE,,,
salmon-egg-cluster,,,,,,,,,#4,,Chartreuse,salmon-egg-cluster-s4-chartreuse,2,shopify,0,continue,manual,2.25,TRUE,TRUE,,,
salmon-egg-cluster,,,,,,,,,#6,,Steelhead Orange,salmon-egg-cluster-s6-steelhead-orange,2,shopify,0,continue,manual,2.25,TRUE,TRUE,,,
salmon-egg-cluster,,,,,,,,,#6,,Sockeye,salmon-egg-cluster-s6-sockeye,2,shopify,0,continue,manual,2.25,TRUE,TRUE,,,
salmon-egg-cluster,,,,,,,,,#6,,Flame,salmon-egg-cluster-s6-flame,2,shopify,0,continue,manual,2.25,TRUE,TRUE,,,
salmon-egg-cluster,,,,,,,,,#6,,Chartreuse,salmon-egg-cluster-s6-chartreuse,2,shopify,0,continue,manual,2.25,TRUE,TRUE,,,
salmon-egg-cluster,,,,,,,,,#8,,Steelhead Orange,salmon-egg-cluster-s8-steelhead-orange,2,shopify,0,continue,manual,2.25,TRUE,TRUE,,,
salmon-egg-cluster,,,,,,,,,#8,,Sockeye,salmon-egg-cluster-s8-sockeye,2,shopify,0,continue,manual,2.25,TRUE,TRUE,,,
salmon-egg-cluster,,,,,,,,,#8,,Flame,salmon-egg-cluster-s8-flame,2,shopify,0,continue,manual,2.25,TRUE,TRUE,,,
salmon-egg-cluster,,,,,,,,,#8,,Chartreuse,salmon-egg-cluster-s8-chartreuse,2,shopify,0,continue,manual,2.25,TRUE,TRUE,,,
scrambled-eggs,Scrambled Eggs,"<p>A multi-color yarn-loop cluster in the Sucker Spawn family, suggesting a clump of eggs of mixed age. Fish it in pale yellow and cream mixes during the April to May sucker spawn and in orange mixes below salmon redds in fall, sized #8 to #12 for stained water.</p><p><strong>Fish it for:</strong> Steelhead, Brown trout, Rainbow trout (resident)</p><p>Hand-tied in Michigan for Michigan rivers. See when and where to fish it at michiganflies.com/flies/scrambled-eggs.</p>",Michigan Flies,Sporting Goods > Outdoor Recreation > Fishing > Fishing Tackle > Fishing Baits & Lures,Egg,"Egg, Steelhead, Brown trout, Rainbow trout (resident), nymph-indicator, chuck-and-duck, sucker-eggs, redhorse-eggs, chinook-eggs, coho-eggs, evidence-I, collection:two-hearted-first-batch, river:two-hearted",TRUE,Size,#8,Color,Cream and pale yellow mix,scrambled-eggs-s8-cream-and-pale-yellow-mix,2,shopify,0,continue,manual,2.25,TRUE,TRUE,Scrambled Eggs · hand-tied for Michigan rivers,"A multi-color yarn-loop cluster in the Sucker Spawn family, suggesting a clump of eggs of mixed age. Fish it in pale yellow and cream mixes during the April to May sucker spawn and in orange mixes below salmon redds in fall, sized #8 to #12 for stained water.",draft
scrambled-eggs,,,,,,,,,#8,,Peach and orange mix,scrambled-eggs-s8-peach-and-orange-mix,2,shopify,0,continue,manual,2.25,TRUE,TRUE,,,
scrambled-eggs,,,,,,,,,#8,,Chartreuse and orange,scrambled-eggs-s8-chartreuse-and-orange,2,shopify,0,continue,manual,2.25,TRUE,TRUE,,,
scrambled-eggs,,,,,,,,,#10,,Cream and pale yellow mix,scrambled-eggs-s10-cream-and-pale-yellow-mix,2,shopify,0,continue,manual,2.25,TRUE,TRUE,,,
scrambled-eggs,,,,,,,,,#10,,Peach and orange mix,scrambled-eggs-s10-peach-and-orange-mix,2,shopify,0,continue,manual,2.25,TRUE,TRUE,,,
scrambled-eggs,,,,,,,,,#10,,Chartreuse and orange,scrambled-eggs-s10-chartreuse-and-orange,2,shopify,0,continue,manual,2.25,TRUE,TRUE,,,
scrambled-eggs,,,,,,,,,#12,,Cream and pale yellow mix,scrambled-eggs-s12-cream-and-pale-yellow-mix,2,shopify,0,continue,manual,2.25,TRUE,TRUE,,,
scrambled-eggs,,,,,,,,,#12,,Peach and orange mix,scrambled-eggs-s12-peach-and-orange-mix,2,shopify,0,continue,manual,2.25,TRUE,TRUE,,,
scrambled-eggs,,,,,,,,,#12,,Chartreuse and orange,scrambled-eggs-s12-chartreuse-and-orange,2,shopify,0,continue,manual,2.25,TRUE,TRUE,,,
sucker-spawn,Sucker Spawn,"<p>Loops of angora or knitting yarn imitating the 2 to 3 mm pale-yellow egg clusters of white suckers and redhorse, which spawn late April into late May (peak around May 10 in the Detroit River study) on the same gravel trout and drop-back steelhead use. Betts reports over 100,000 redhorse ascending the Muskegon in May and June with big trout feeding behind the redds, and Current Works and Betts both fish pale yellow sucker spawn for spring steelhead and walleye eggs. Fish it #10 to #14 under an indicator directly below sucker redds; the U.P. window runs into June.</p><p><strong>Fish it for:</strong> Steelhead, Brown trout, Rainbow trout (resident)</p><p>Hand-tied in Michigan for Michigan rivers. See when and where to fish it at michiganflies.com/flies/sucker-spawn.</p>",Michigan Flies,Sporting Goods > Outdoor Recreation > Fishing > Fishing Tackle > Fishing Baits & Lures,Egg,"Egg, Steelhead, Brown trout, Rainbow trout (resident), nymph-indicator, chuck-and-duck, euro-nymph, sucker-eggs, redhorse-eggs, walleye-eggs, steelhead-eggs, evidence-S, collection:two-hearted-first-batch, river:two-hearted",TRUE,Size,#10,Color,Pale yellow,sucker-spawn-s10-pale-yellow,2,shopify,0,continue,manual,2.25,TRUE,TRUE,Sucker Spawn · hand-tied for Michigan rivers,"Loops of angora or knitting yarn imitating the 2 to 3 mm pale-yellow egg clusters of white suckers and redhorse, which spawn late April into late May (peak around May 10 in the Detroit River study) on the same gravel trout and drop-back steelhead use. Betts reports over 100,000 redhorse ascending th",draft
sucker-spawn,,,,,,,,,#10,,Cream,sucker-spawn-s10-cream,2,shopify,0,continue,manual,2.25,TRUE,TRUE,,,
sucker-spawn,,,,,,,,,#10,,Peach,sucker-spawn-s10-peach,2,shopify,0,continue,manual,2.25,TRUE,TRUE,,,
sucker-spawn,,,,,,,,,#10,,Light golden,sucker-spawn-s10-light-golden,2,shopify,0,continue,manual,2.25,TRUE,TRUE,,,
sucker-spawn,,,,,,,,,#12,,Pale yellow,sucker-spawn-s12-pale-yellow,2,shopify,0,continue,manual,2.25,TRUE,TRUE,,,
sucker-spawn,,,,,,,,,#12,,Cream,sucker-spawn-s12-cream,2,shopify,0,continue,manual,2.25,TRUE,TRUE,,,
sucker-spawn,,,,,,,,,#12,,Peach,sucker-spawn-s12-peach,2,shopify,0,continue,manual,2.25,TRUE,TRUE,,,
sucker-spawn,,,,,,,,,#12,,Light golden,sucker-spawn-s12-light-golden,2,shopify,0,continue,manual,2.25,TRUE,TRUE,,,
sucker-spawn,,,,,,,,,#14,,Pale yellow,sucker-spawn-s14-pale-yellow,2,shopify,0,continue,manual,2.25,TRUE,TRUE,,,
sucker-spawn,,,,,,,,,#14,,Cream,sucker-spawn-s14-cream,2,shopify,0,continue,manual,2.25,TRUE,TRUE,,,
sucker-spawn,,,,,,,,,#14,,Peach,sucker-spawn-s14-peach,2,shopify,0,continue,manual,2.25,TRUE,TRUE,,,
sucker-spawn,,,,,,,,,#14,,Light golden,sucker-spawn-s14-light-golden,2,shopify,0,continue,manual,2.25,TRUE,TRUE,,,
sucker-spawn,,,,,,,,,#16,,Pale yellow,sucker-spawn-s16-pale-yellow,2,shopify,0,continue,manual,2.25,TRUE,TRUE,,,
sucker-spawn,,,,,,,,,#16,,Cream,sucker-spawn-s16-cream,2,shopify,0,continue,manual,2.25,TRUE,TRUE,,,
sucker-spawn,,,,,,,,,#16,,Peach,sucker-spawn-s16-peach,2,shopify,0,continue,manual,2.25,TRUE,TRUE,,,
sucker-spawn,,,,,,,,,#16,,Light golden,sucker-spawn-s16-light-golden,2,shopify,0,continue,manual,2.25,TRUE,TRUE,,,
y2k-egg,Y2K Egg,"<p>A two-tone yarn ball tied semi-Glo Bug style that became popular around 2000, typically fluorescent orange over yellow. The orange and yellow split suggests a mixed cluster of steelhead and sucker eggs, which is why it is a late-March through May fly on the Muskegon and PM. Retail sizes #10 to #12.</p><p><strong>Fish it for:</strong> Steelhead, Brown trout, Rainbow trout (resident)</p><p>Hand-tied in Michigan for Michigan rivers. See when and where to fish it at michiganflies.com/flies/y2k-egg.</p>",Michigan Flies,Sporting Goods > Outdoor Recreation > Fishing > Fishing Tackle > Fishing Baits & Lures,Egg,"Egg, Steelhead, Brown trout, Rainbow trout (resident), nymph-indicator, chuck-and-duck, sucker-eggs, steelhead-eggs, walleye-eggs, evidence-A, collection:two-hearted-first-batch, river:two-hearted",TRUE,Size,#10,Color,Fluorescent orange/yellow,y2k-egg-s10-fluorescent-orange-yellow,2,shopify,0,continue,manual,2.25,TRUE,TRUE,Y2K Egg · hand-tied for Michigan rivers,"A two-tone yarn ball tied semi-Glo Bug style that became popular around 2000, typically fluorescent orange over yellow. The orange and yellow split suggests a mixed cluster of steelhead and sucker eggs, which is why it is a late-March through May fly on the Muskegon and PM. Retail sizes #10 to #12.",draft
y2k-egg,,,,,,,,,#10,,Orange/pink,y2k-egg-s10-orange-pink,2,shopify,0,continue,manual,2.25,TRUE,TRUE,,,
y2k-egg,,,,,,,,,#12,,Fluorescent orange/yellow,y2k-egg-s12-fluorescent-orange-yellow,2,shopify,0,continue,manual,2.25,TRUE,TRUE,,,
y2k-egg,,,,,,,,,#12,,Orange/pink,y2k-egg-s12-orange-pink,2,shopify,0,continue,manual,2.25,TRUE,TRUE,,,
green-caddis-larva,Green Caddis Larva,"<p>A Michigan steelhead staple: the green Rhyacophila larva is 'effective on the Muskegon River for steelhead' and Current Works lists caddis #6 to #12 among its top five, bright green or chartreuse for stained water and olive or cream naturals for low clear flows. Betts names green caddis larvae with Hex nymphs and eggs on the Pere Marquette flies-only water. Fish it as the trailer behind an egg or stonefly, year-round.</p><p><strong>Imitates:</strong> Green Rock Worm, Little Sister Sedge</p><p><strong>Fish it for:</strong> Steelhead, Brown trout, Rainbow trout (resident), Atlantic salmon, Chinook salmon, Coho salmon</p><p>Hand-tied in Michigan for Michigan rivers. See when and where to fish it at michiganflies.com/flies/green-caddis-larva.</p>",Michigan Flies,Sporting Goods > Outdoor Recreation > Fishing > Fishing Tackle > Fishing Baits & Lures,Larva / pupa,"Larva / pupa, Steelhead, Brown trout, Rainbow trout (resident), Atlantic salmon, Chinook salmon, Coho salmon, nymph-indicator, chuck-and-duck, euro-nymph, green-rock-worm, little-sister-caddis, evidence-A, collection:two-hearted-first-batch, river:two-hearted",TRUE,Size,#6,Color,Green,green-caddis-larva-s6-green,2,shopify,0,continue,manual,2.75,TRUE,TRUE,Green Caddis Larva · hand-tied for Michigan rivers,"A Michigan steelhead staple: the green Rhyacophila larva is 'effective on the Muskegon River for steelhead' and Current Works lists caddis #6 to #12 among its top five, bright green or chartreuse for stained water and olive or cream naturals for low clear flows. Betts names green caddis larvae with ",draft
green-caddis-larva,,,,,,,,,#6,,Chartreuse,green-caddis-larva-s6-chartreuse,2,shopify,0,continue,manual,2.75,TRUE,TRUE,,,
green-caddis-larva,,,,,,,,,#6,,Olive,green-caddis-larva-s6-olive,2,shopify,0,continue,manual,2.75,TRUE,TRUE,,,
green-caddis-larva,,,,,,,,,#6,,Cream,green-caddis-larva-s6-cream,2,shopify,0,continue,manual,2.75,TRUE,TRUE,,,
green-caddis-larva,,,,,,,,,#6,,Disco Caddis (flashy),green-caddis-larva-s6-disco-caddis-flashy,2,shopify,0,continue,manual,2.75,TRUE,TRUE,,,
green-caddis-larva,,,,,,,,,#6,,Boogie Woogie Caddis,green-caddis-larva-s6-boogie-woogie-caddis,2,shopify,0,continue,manual,2.75,TRUE,TRUE,,,
green-caddis-larva,,,,,,,,,#8,,Green,green-caddis-larva-s8-green,2,shopify,0,continue,manual,2.75,TRUE,TRUE,,,
green-caddis-larva,,,,,,,,,#8,,Chartreuse,green-caddis-larva-s8-chartreuse,2,shopify,0,continue,manual,2.75,TRUE,TRUE,,,
green-caddis-larva,,,,,,,,,#8,,Olive,green-caddis-larva-s8-olive,2,shopify,0,continue,manual,2.75,TRUE,TRUE,,,
green-caddis-larva,,,,,,,,,#8,,Cream,green-caddis-larva-s8-cream,2,shopify,0,continue,manual,2.75,TRUE,TRUE,,,
green-caddis-larva,,,,,,,,,#8,,Disco Caddis (flashy),green-caddis-larva-s8-disco-caddis-flashy,2,shopify,0,continue,manual,2.75,TRUE,TRUE,,,
green-caddis-larva,,,,,,,,,#8,,Boogie Woogie Caddis,green-caddis-larva-s8-boogie-woogie-caddis,2,shopify,0,continue,manual,2.75,TRUE,TRUE,,,
green-caddis-larva,,,,,,,,,#10,,Green,green-caddis-larva-s10-green,2,shopify,0,continue,manual,2.75,TRUE,TRUE,,,
green-caddis-larva,,,,,,,,,#10,,Chartreuse,green-caddis-larva-s10-chartreuse,2,shopify,0,continue,manual,2.75,TRUE,TRUE,,,
green-caddis-larva,,,,,,,,,#10,,Olive,green-caddis-larva-s10-olive,2,shopify,0,continue,manual,2.75,TRUE,TRUE,,,
green-caddis-larva,,,,,,,,,#10,,Cream,green-caddis-larva-s10-cream,2,shopify,0,continue,manual,2.75,TRUE,TRUE,,,
green-caddis-larva,,,,,,,,,#10,,Disco Caddis (flashy),green-caddis-larva-s10-disco-caddis-flashy,2,shopify,0,continue,manual,2.75,TRUE,TRUE,,,
green-caddis-larva,,,,,,,,,#10,,Boogie Woogie Caddis,green-caddis-larva-s10-boogie-woogie-caddis,2,shopify,0,continue,manual,2.75,TRUE,TRUE,,,
green-caddis-larva,,,,,,,,,#12,,Green,green-caddis-larva-s12-green,2,shopify,0,continue,manual,2.75,TRUE,TRUE,,,
green-caddis-larva,,,,,,,,,#12,,Chartreuse,green-caddis-larva-s12-chartreuse,2,shopify,0,continue,manual,2.75,TRUE,TRUE,,,
green-caddis-larva,,,,,,,,,#12,,Olive,green-caddis-larva-s12-olive,2,shopify,0,continue,manual,2.75,TRUE,TRUE,,,
green-caddis-larva,,,,,,,,,#12,,Cream,green-caddis-larva-s12-cream,2,shopify,0,continue,manual,2.75,TRUE,TRUE,,,
green-caddis-larva,,,,,,,,,#12,,Disco Caddis (flashy),green-caddis-larva-s12-disco-caddis-flashy,2,shopify,0,continue,manual,2.75,TRUE,TRUE,,,
green-caddis-larva,,,,,,,,,#12,,Boogie Woogie Caddis,green-caddis-larva-s12-boogie-woogie-caddis,2,shopify,0,continue,manual,2.75,TRUE,TRUE,,,
green-caddis-larva,,,,,,,,,#14,,Green,green-caddis-larva-s14-green,2,shopify,0,continue,manual,2.75,TRUE,TRUE,,,
green-caddis-larva,,,,,,,,,#14,,Chartreuse,green-caddis-larva-s14-chartreuse,2,shopify,0,continue,manual,2.75,TRUE,TRUE,,,
green-caddis-larva,,,,,,,,,#14,,Olive,green-caddis-larva-s14-olive,2,shopify,0,continue,manual,2.75,TRUE,TRUE,,,
green-caddis-larva,,,,,,,,,#14,,Cream,green-caddis-larva-s14-cream,2,shopify,0,continue,manual,2.75,TRUE,TRUE,,,
green-caddis-larva,,,,,,,,,#14,,Disco Caddis (flashy),green-caddis-larva-s14-disco-caddis-flashy,2,shopify,0,continue,manual,2.75,TRUE,TRUE,,,
green-caddis-larva,,,,,,,,,#14,,Boogie Woogie Caddis,green-caddis-larva-s14-boogie-woogie-caddis,2,shopify,0,continue,manual,2.75,TRUE,TRUE,,,
green-caddis-larva,,,,,,,,,#16,,Green,green-caddis-larva-s16-green,2,shopify,0,continue,manual,2.75,TRUE,TRUE,,,
green-caddis-larva,,,,,,,,,#16,,Chartreuse,green-caddis-larva-s16-chartreuse,2,shopify,0,continue,manual,2.75,TRUE,TRUE,,,
green-caddis-larva,,,,,,,,,#16,,Olive,green-caddis-larva-s16-olive,2,shopify,0,continue,manual,2.75,TRUE,TRUE,,,
green-caddis-larva,,,,,,,,,#16,,Cream,green-caddis-larva-s16-cream,2,shopify,0,continue,manual,2.75,TRUE,TRUE,,,
green-caddis-larva,,,,,,,,,#16,,Disco Caddis (flashy),green-caddis-larva-s16-disco-caddis-flashy,2,shopify,0,continue,manual,2.75,TRUE,TRUE,,,
green-caddis-larva,,,,,,,,,#16,,Boogie Woogie Caddis,green-caddis-larva-s16-boogie-woogie-caddis,2,shopify,0,continue,manual,2.75,TRUE,TRUE,,,
gurgler,Gurgler (Night Frog),"<p>Foam-lipped gurglers and waking flies round out the Michigan night box per Mangled Fly, pushing a wake that big browns track in the dark. A black gurgler also works for a dark Hex or big caddis after the main hatch; strip it steadily across flats from June to mid September.</p><p><strong>Fish it for:</strong> Brown trout, Brook trout</p><p>Hand-tied in Michigan for Michigan rivers. See when and where to fish it at michiganflies.com/flies/gurgler.</p>",Michigan Flies,Sporting Goods > Outdoor Recreation > Fishing > Fishing Tackle > Fishing Baits & Lures,Mouse,"Mouse, Brown trout, Brook trout, mousing, frog, mouse, evidence-A, collection:two-hearted-first-batch, river:two-hearted",TRUE,Size,#2,Color,Black,gurgler-s2-black,2,shopify,0,continue,manual,8.00,TRUE,TRUE,Gurgler (Night Frog) · hand-tied for Michigan rivers,"Foam-lipped gurglers and waking flies round out the Michigan night box per Mangled Fly, pushing a wake that big browns track in the dark. A black gurgler also works for a dark Hex or big caddis after the main hatch; strip it steadily across flats from June to mid September.",draft
gurgler,,,,,,,,,#2,,Olive,gurgler-s2-olive,2,shopify,0,continue,manual,8.00,TRUE,TRUE,,,
gurgler,,,,,,,,,#2,,Natural,gurgler-s2-natural,2,shopify,0,continue,manual,8.00,TRUE,TRUE,,,
gurgler,,,,,,,,,#4,,Black,gurgler-s4-black,2,shopify,0,continue,manual,8.00,TRUE,TRUE,,,
gurgler,,,,,,,,,#4,,Olive,gurgler-s4-olive,2,shopify,0,continue,manual,8.00,TRUE,TRUE,,,
gurgler,,,,,,,,,#4,,Natural,gurgler-s4-natural,2,shopify,0,continue,manual,8.00,TRUE,TRUE,,,
gurgler,,,,,,,,,#6,,Black,gurgler-s6-black,2,shopify,0,continue,manual,8.00,TRUE,TRUE,,,
gurgler,,,,,,,,,#6,,Olive,gurgler-s6-olive,2,shopify,0,continue,manual,8.00,TRUE,TRUE,,,
gurgler,,,,,,,,,#6,,Natural,gurgler-s6-natural,2,shopify,0,continue,manual,8.00,TRUE,TRUE,,,
morrish-mouse,Morrish Mouse,"<p>Foam back, deer or elk hair body and rabbit-strip tail, sold in #4 and #6, the most widely stocked mouse for Michigan night fishing. Mousing runs July through September with late August and September prime; cast tight to the bank after 10:30 pm and swing or slow-strip it across shallow flats on the Au Sable, Pere Marquette and Upper Manistee at 52 to 68 F water.</p><p><strong>Fish it for:</strong> Brown trout, Brook trout</p><p>Hand-tied in Michigan for Michigan rivers. See when and where to fish it at michiganflies.com/flies/morrish-mouse.</p>",Michigan Flies,Sporting Goods > Outdoor Recreation > Fishing > Fishing Tackle > Fishing Baits & Lures,Mouse,"Mouse, Brown trout, Brook trout, mousing, mouse, evidence-A, collection:two-hearted-first-batch, river:two-hearted",TRUE,Size,#2,Color,Natural deer hair and foam,morrish-mouse-s2-natural-deer-hair-and-foam,2,shopify,0,continue,manual,8.00,TRUE,TRUE,Morrish Mouse · hand-tied for Michigan rivers,"Foam back, deer or elk hair body and rabbit-strip tail, sold in #4 and #6, the most widely stocked mouse for Michigan night fishing. Mousing runs July through September with late August and September prime; cast tight to the bank after 10:30 pm and swing or slow-strip it across shallow flats on the ",draft
morrish-mouse,,,,,,,,,#4,,Natural deer hair and foam,morrish-mouse-s4-natural-deer-hair-and-foam,2,shopify,0,continue,manual,8.00,TRUE,TRUE,,,
morrish-mouse,,,,,,,,,#6,,Natural deer hair and foam,morrish-mouse-s6-natural-deer-hair-and-foam,2,shopify,0,continue,manual,8.00,TRUE,TRUE,,,
twenty-incher,20 Incher,"<p>Current Works lists the 20 Incher among its Michigan steelhead stoneflies #6 to #12, alongside Ted's Early Black Stone and Mercer's Biot Epoxy Stone. It doubles as a golden stone nymph for trout from mid May through August, fished tight to the banks where Acroneuria nymphs migrate before crawling out.</p><p><strong>Imitates:</strong> Golden Stonefly, Giant Black Stonefly</p><p><strong>Fish it for:</strong> Steelhead, Brown trout, Rainbow trout (resident)</p><p>Hand-tied in Michigan for Michigan rivers. See when and where to fish it at michiganflies.com/flies/twenty-incher.</p>",Michigan Flies,Sporting Goods > Outdoor Recreation > Fishing > Fishing Tackle > Fishing Baits & Lures,Nymph,"Nymph, Steelhead, Brown trout, Rainbow trout (resident), nymph-indicator, chuck-and-duck, euro-nymph, golden-stone, giant-black-stone, evidence-A, collection:two-hearted-first-batch, river:two-hearted",TRUE,Size,#6,Color,Peacock and brown with goose biots,twenty-incher-s6-peacock-and-brown-with-goose-biots,2,shopify,0,continue,manual,2.75,TRUE,TRUE,20 Incher · hand-tied for Michigan rivers,"Current Works lists the 20 Incher among its Michigan steelhead stoneflies #6 to #12, alongside Ted's Early Black Stone and Mercer's Biot Epoxy Stone. It doubles as a golden stone nymph for trout from mid May through August, fished tight to the banks where Acroneuria nymphs migrate before crawling ou",draft
twenty-incher,,,,,,,,,#8,,Peacock and brown with goose biots,twenty-incher-s8-peacock-and-brown-with-goose-biots,2,shopify,0,continue,manual,2.75,TRUE,TRUE,,,
twenty-incher,,,,,,,,,#10,,Peacock and brown with goose biots,twenty-incher-s10-peacock-and-brown-with-goose-biots,2,shopify,0,continue,manual,2.75,TRUE,TRUE,,,
twenty-incher,,,,,,,,,#12,,Peacock and brown with goose biots,twenty-incher-s12-peacock-and-brown-with-goose-biots,2,shopify,0,continue,manual,2.75,TRUE,TRUE,,,
black-stonefly-nymph,Black Stonefly Nymph,"<p>The Little Black Stonefly (Allocapnia, Taeniopteryx) is the first insect steelhead see in numbers, peaking late February through April, and Current Works ranks it among Michigan's top five steelhead flies, best on sunny days in clear water. Nymphs stir at 36 F water and crawl on shelf ice; fish a weighted #8 to #12 stone as the point fly with an egg on a tag, and #14 to #18 for the tiny winter stones. Chuck Hawkins ties it large during spring runoff.</p><p><strong>Imitates:</strong> Early Black Stonefly</p><p><strong>Fish it for:</strong> Steelhead, Brown trout, Rainbow trout (resident), Brook trout, Chinook salmon, Coho salmon</p><p>Hand-tied in Michigan for Michigan rivers. See when and where to fish it at michiganflies.com/flies/black-stonefly-nymph.</p>",Michigan Flies,Sporting Goods > Outdoor Recreation > Fishing > Fishing Tackle > Fishing Baits & Lures,Nymph,"Nymph, Steelhead, Brown trout, Rainbow trout (resident), Brook trout, Chinook salmon, Coho salmon, nymph-indicator, chuck-and-duck, euro-nymph, early-black-stonefly, evidence-A, collection:two-hearted-first-batch, river:two-hearted",TRUE,Size,#6,Color,Black,black-stonefly-nymph-s6-black,2,shopify,0,continue,manual,2.75,TRUE,TRUE,Black Stonefly Nymph · hand-tied for Michigan rivers,"The Little Black Stonefly (Allocapnia, Taeniopteryx) is the first insect steelhead see in numbers, peaking late February through April, and Current Works ranks it among Michigan's top five steelhead flies, best on sunny days in clear water. Nymphs stir at 36 F water and crawl on shelf ice; fish a we",draft
black-stonefly-nymph,,,,,,,,,#6,,Ted's Early Black Stone,black-stonefly-nymph-s6-ted-s-early-black-stone,2,shopify,0,continue,manual,2.75,TRUE,TRUE,,,
black-stonefly-nymph,,,,,,,,,#6,,Mercer's Biot Epoxy Stone (dark),black-stonefly-nymph-s6-mercer-s-biot-epoxy-stone-dark,2,shopify,0,continue,manual,2.75,TRUE,TRUE,,,
black-stonefly-nymph,,,,,,,,,#6,,Iron-blue dun fur body,black-stonefly-nymph-s6-iron-blue-dun-fur-body,2,shopify,0,continue,manual,2.75,TRUE,TRUE,,,
black-stonefly-nymph,,,,,,,,,#8,,Black,black-stonefly-nymph-s8-black,2,shopify,0,continue,manual,2.75,TRUE,TRUE,,,
black-stonefly-nymph,,,,,,,,,#8,,Ted's Early Black Stone,black-stonefly-nymph-s8-ted-s-early-black-stone,2,shopify,0,continue,manual,2.75,TRUE,TRUE,,,
black-stonefly-nymph,,,,,,,,,#8,,Mercer's Biot Epoxy Stone (dark),black-stonefly-nymph-s8-mercer-s-biot-epoxy-stone-dark,2,shopify,0,continue,manual,2.75,TRUE,TRUE,,,
black-stonefly-nymph,,,,,,,,,#8,,Iron-blue dun fur body,black-stonefly-nymph-s8-iron-blue-dun-fur-body,2,shopify,0,continue,manual,2.75,TRUE,TRUE,,,
black-stonefly-nymph,,,,,,,,,#10,,Black,black-stonefly-nymph-s10-black,2,shopify,0,continue,manual,2.75,TRUE,TRUE,,,
black-stonefly-nymph,,,,,,,,,#10,,Ted's Early Black Stone,black-stonefly-nymph-s10-ted-s-early-black-stone,2,shopify,0,continue,manual,2.75,TRUE,TRUE,,,
black-stonefly-nymph,,,,,,,,,#10,,Mercer's Biot Epoxy Stone (dark),black-stonefly-nymph-s10-mercer-s-biot-epoxy-stone-dark,2,shopify,0,continue,manual,2.75,TRUE,TRUE,,,
black-stonefly-nymph,,,,,,,,,#10,,Iron-blue dun fur body,black-stonefly-nymph-s10-iron-blue-dun-fur-body,2,shopify,0,continue,manual,2.75,TRUE,TRUE,,,
black-stonefly-nymph,,,,,,,,,#12,,Black,black-stonefly-nymph-s12-black,2,shopify,0,continue,manual,2.75,TRUE,TRUE,,,
black-stonefly-nymph,,,,,,,,,#12,,Ted's Early Black Stone,black-stonefly-nymph-s12-ted-s-early-black-stone,2,shopify,0,continue,manual,2.75,TRUE,TRUE,,,
black-stonefly-nymph,,,,,,,,,#12,,Mercer's Biot Epoxy Stone (dark),black-stonefly-nymph-s12-mercer-s-biot-epoxy-stone-dark,2,shopify,0,continue,manual,2.75,TRUE,TRUE,,,
black-stonefly-nymph,,,,,,,,,#12,,Iron-blue dun fur body,black-stonefly-nymph-s12-iron-blue-dun-fur-body,2,shopify,0,continue,manual,2.75,TRUE,TRUE,,,
black-stonefly-nymph,,,,,,,,,#14,,Black,black-stonefly-nymph-s14-black,2,shopify,0,continue,manual,2.75,TRUE,TRUE,,,
black-stonefly-nymph,,,,,,,,,#14,,Ted's Early Black Stone,black-stonefly-nymph-s14-ted-s-early-black-stone,2,shopify,0,continue,manual,2.75,TRUE,TRUE,,,
black-stonefly-nymph,,,,,,,,,#14,,Mercer's Biot Epoxy Stone (dark),black-stonefly-nymph-s14-mercer-s-biot-epoxy-stone-dark,2,shopify,0,continue,manual,2.75,TRUE,TRUE,,,
black-stonefly-nymph,,,,,,,,,#14,,Iron-blue dun fur body,black-stonefly-nymph-s14-iron-blue-dun-fur-body,2,shopify,0,continue,manual,2.75,TRUE,TRUE,,,
black-stonefly-nymph,,,,,,,,,#16,,Black,black-stonefly-nymph-s16-black,2,shopify,0,continue,manual,2.75,TRUE,TRUE,,,
black-stonefly-nymph,,,,,,,,,#16,,Ted's Early Black Stone,black-stonefly-nymph-s16-ted-s-early-black-stone,2,shopify,0,continue,manual,2.75,TRUE,TRUE,,,
black-stonefly-nymph,,,,,,,,,#16,,Mercer's Biot Epoxy Stone (dark),black-stonefly-nymph-s16-mercer-s-biot-epoxy-stone-dark,2,shopify,0,continue,manual,2.75,TRUE,TRUE,,,
black-stonefly-nymph,,,,,,,,,#16,,Iron-blue dun fur body,black-stonefly-nymph-s16-iron-blue-dun-fur-body,2,shopify,0,continue,manual,2.75,TRUE,TRUE,,,
black-stonefly-nymph,,,,,,,,,#18,,Black,black-stonefly-nymph-s18-black,2,shopify,0,continue,manual,2.75,TRUE,TRUE,,,
black-stonefly-nymph,,,,,,,,,#18,,Ted's Early Black Stone,black-stonefly-nymph-s18-ted-s-early-black-stone,2,shopify,0,continue,manual,2.75,TRUE,TRUE,,,
black-stonefly-nymph,,,,,,,,,#18,,Mercer's Biot Epoxy Stone (dark),black-stonefly-nymph-s18-mercer-s-biot-epoxy-stone-dark,2,shopify,0,continue,manual,2.75,TRUE,TRUE,,,
black-stonefly-nymph,,,,,,,,,#18,,Iron-blue dun fur body,black-stonefly-nymph-s18-iron-blue-dun-fur-body,2,shopify,0,continue,manual,2.75,TRUE,TRUE,,,
giant-black-stonefly-nymph,Giant Black Stonefly Nymph (Pteronarcys),"<p>Pteronarcys dorsata nymphs live two to four years, so the #2 to #6 nymph is available all year and is the Pine River staple, where Hawkins calls it a river of nymphs, sculpins and baitfish rather than a surface river. Bounce it through fast pockets on the Pine, Sturgeon and Upper Manistee; the adults emerge sporadically at night from mid May to June and are rarely fished.</p><p><strong>Imitates:</strong> Giant Black Stonefly</p><p><strong>Fish it for:</strong> Brown trout, Rainbow trout (resident), Brook trout, Steelhead</p><p>Hand-tied in Michigan for Michigan rivers. See when and where to fish it at michiganflies.com/flies/giant-black-stonefly-nymph.</p>",Michigan Flies,Sporting Goods > Outdoor Recreation > Fishing > Fishing Tackle > Fishing Baits & Lures,Nymph,"Nymph, Brown trout, Rainbow trout (resident), Brook trout, Steelhead, nymph-indicator, euro-nymph, chuck-and-duck, giant-black-stone, evidence-A, collection:two-hearted-first-batch, river:two-hearted",TRUE,Size,#2,Color,Black-brown,giant-black-stonefly-nymph-s2-black-brown,2,shopify,0,continue,manual,2.75,TRUE,TRUE,Giant Black Stonefly Nymph (Pteronarcys) · hand-tied for Michigan rivers,"Pteronarcys dorsata nymphs live two to four years, so the #2 to #6 nymph is available all year and is the Pine River staple, where Hawkins calls it a river of nymphs, sculpins and baitfish rather than a surface river. Bounce it through fast pockets on the Pine, Sturgeon and Upper Manistee; the adult",draft
giant-black-stonefly-nymph,,,,,,,,,#4,,Black-brown,giant-black-stonefly-nymph-s4-black-brown,2,shopify,0,continue,manual,2.75,TRUE,TRUE,,,
giant-black-stonefly-nymph,,,,,,,,,#6,,Black-brown,giant-black-stonefly-nymph-s6-black-brown,2,shopify,0,continue,manual,2.75,TRUE,TRUE,,,
giant-black-stonefly-nymph,,,,,,,,,#8,,Black-brown,giant-black-stonefly-nymph-s8-black-brown,2,shopify,0,continue,manual,2.75,TRUE,TRUE,,,
hares-ear-nymph,Gold-Ribbed Hare's Ear,"<p>The generalist buggy nymph for Michigan's clinger mayflies and caddis pupae, and MidCurrent lists a #10 to #14 Hare's Ear among winter steelhead nymphs. Dead-drift it under an indicator all season for trout, and as a trailer behind an egg or stonefly for steelhead.</p><p><strong>Imitates:</strong> March Brown, Light Cahill, Hendrickson, Isonychia, Gray Drake, Grannom, Tan Caddis</p><p><strong>Fish it for:</strong> Brown trout, Brook trout, Rainbow trout (resident), Steelhead, Pink salmon</p><p>Hand-tied in Michigan for Michigan rivers. See when and where to fish it at michiganflies.com/flies/hares-ear-nymph.</p>",Michigan Flies,Sporting Goods > Outdoor Recreation > Fishing > Fishing Tackle > Fishing Baits & Lures,Nymph,"Nymph, Brown trout, Brook trout, Rainbow trout (resident), Steelhead, Pink salmon, nymph-indicator, euro-nymph, march-brown, light-cahill, hendrickson, isonychia, gray-drake, grannom, tan-caddis, evidence-A, collection:two-hearted-first-batch, river:two-hearted",TRUE,Size,#8,Color,Natural,hares-ear-nymph-s8-natural,2,shopify,0,continue,manual,2.75,TRUE,TRUE,Gold-Ribbed Hare's Ear · hand-tied for Michigan rivers,"The generalist buggy nymph for Michigan's clinger mayflies and caddis pupae, and MidCurrent lists a #10 to #14 Hare's Ear among winter steelhead nymphs. Dead-drift it under an indicator all season for trout, and as a trailer behind an egg or stonefly for steelhead.",draft
hares-ear-nymph,,,,,,,,,#8,,Olive,hares-ear-nymph-s8-olive,2,shopify,0,continue,manual,2.75,TRUE,TRUE,,,
hares-ear-nymph,,,,,,,,,#8,,Beadhead,hares-ear-nymph-s8-beadhead,2,shopify,0,continue,manual,2.75,TRUE,TRUE,,,
hares-ear-nymph,,,,,,,,,#10,,Natural,hares-ear-nymph-s10-natural,2,shopify,0,continue,manual,2.75,TRUE,TRUE,,,
hares-ear-nymph,,,,,,,,,#10,,Olive,hares-ear-nymph-s10-olive,2,shopify,0,continue,manual,2.75,TRUE,TRUE,,,
hares-ear-nymph,,,,,,,,,#10,,Beadhead,hares-ear-nymph-s10-beadhead,2,shopify,0,continue,manual,2.75,TRUE,TRUE,,,
hares-ear-nymph,,,,,,,,,#12,,Natural,hares-ear-nymph-s12-natural,2,shopify,0,continue,manual,2.75,TRUE,TRUE,,,
hares-ear-nymph,,,,,,,,,#12,,Olive,hares-ear-nymph-s12-olive,2,shopify,0,continue,manual,2.75,TRUE,TRUE,,,
hares-ear-nymph,,,,,,,,,#12,,Beadhead,hares-ear-nymph-s12-beadhead,2,shopify,0,continue,manual,2.75,TRUE,TRUE,,,
hares-ear-nymph,,,,,,,,,#14,,Natural,hares-ear-nymph-s14-natural,2,shopify,0,continue,manual,2.75,TRUE,TRUE,,,
hares-ear-nymph,,,,,,,,,#14,,Olive,hares-ear-nymph-s14-olive,2,shopify,0,continue,manual,2.75,TRUE,TRUE,,,
hares-ear-nymph,,,,,,,,,#14,,Beadhead,hares-ear-nymph-s14-beadhead,2,shopify,0,continue,manual,2.75,TRUE,TRUE,,,
hares-ear-nymph,,,,,,,,,#16,,Natural,hares-ear-nymph-s16-natural,2,shopify,0,continue,manual,2.75,TRUE,TRUE,,,
hares-ear-nymph,,,,,,,,,#16,,Olive,hares-ear-nymph-s16-olive,2,shopify,0,continue,manual,2.75,TRUE,TRUE,,,
hares-ear-nymph,,,,,,,,,#16,,Beadhead,hares-ear-nymph-s16-beadhead,2,shopify,0,continue,manual,2.75,TRUE,TRUE,,,
hares-ear-nymph,,,,,,,,,#18,,Natural,hares-ear-nymph-s18-natural,2,shopify,0,continue,manual,2.75,TRUE,TRUE,,,
hares-ear-nymph,,,,,,,,,#18,,Olive,hares-ear-nymph-s18-olive,2,shopify,0,continue,manual,2.75,TRUE,TRUE,,,
hares-ear-nymph,,,,,,,,,#18,,Beadhead,hares-ear-nymph-s18-beadhead,2,shopify,0,continue,manual,2.75,TRUE,TRUE,,,
hex-nymph,Hex Nymph (Wiggler),"<p>Current Works' number one Michigan steelhead fly, because most steelhead rivers (Muskegon, Manistee, Pere Marquette, Au Sable, St. Marys) hold silt-burrowing Hexagenia and trout may see up to 2,000 nymphs a day outside the hatch. Fish #6 to #8 under an indicator or chuck-and-duck year-round for steelhead, in the two weeks before the June hatch for trout, and in July for St. Marys Atlantic salmon.</p><p><strong>Imitates:</strong> Hex</p><p><strong>Fish it for:</strong> Steelhead, Brown trout, Rainbow trout (resident), Brook trout, Atlantic salmon</p><p>Hand-tied in Michigan for Michigan rivers. See when and where to fish it at michiganflies.com/flies/hex-nymph.</p>",Michigan Flies,Sporting Goods > Outdoor Recreation > Fishing > Fishing Tackle > Fishing Baits & Lures,Nymph,"Nymph, Steelhead, Brown trout, Rainbow trout (resident), Brook trout, Atlantic salmon, nymph-indicator, chuck-and-duck, euro-nymph, hex, evidence-A, collection:two-hearted-first-batch, river:two-hearted",TRUE,Size,#4,Color,Natural tan-yellow,hex-nymph-s4-natural-tan-yellow,2,shopify,0,continue,manual,2.75,TRUE,TRUE,Hex Nymph (Wiggler) · hand-tied for Michigan rivers,"Current Works' number one Michigan steelhead fly, because most steelhead rivers (Muskegon, Manistee, Pere Marquette, Au Sable, St. Marys) hold silt-burrowing Hexagenia and trout may see up to 2,000 nymphs a day outside the hatch. Fish #6 to #8 under an indicator or chuck-and-duck year-round for stee",draft
hex-nymph,,,,,,,,,#4,,Bear's Hex Nymph,hex-nymph-s4-bear-s-hex-nymph,2,shopify,0,continue,manual,2.75,TRUE,TRUE,,,
hex-nymph,,,,,,,,,#4,,Schultzy's Rabbit Hexum,hex-nymph-s4-schultzy-s-rabbit-hexum,2,shopify,0,continue,manual,2.75,TRUE,TRUE,,,
hex-nymph,,,,,,,,,#4,,Ted's Edible Hex,hex-nymph-s4-ted-s-edible-hex,2,shopify,0,continue,manual,2.75,TRUE,TRUE,,,
hex-nymph,,,,,,,,,#6,,Natural tan-yellow,hex-nymph-s6-natural-tan-yellow,2,shopify,0,continue,manual,2.75,TRUE,TRUE,,,
hex-nymph,,,,,,,,,#6,,Bear's Hex Nymph,hex-nymph-s6-bear-s-hex-nymph,2,shopify,0,continue,manual,2.75,TRUE,TRUE,,,
hex-nymph,,,,,,,,,#6,,Schultzy's Rabbit Hexum,hex-nymph-s6-schultzy-s-rabbit-hexum,2,shopify,0,continue,manual,2.75,TRUE,TRUE,,,
hex-nymph,,,,,,,,,#6,,Ted's Edible Hex,hex-nymph-s6-ted-s-edible-hex,2,shopify,0,continue,manual,2.75,TRUE,TRUE,,,
hex-nymph,,,,,,,,,#8,,Natural tan-yellow,hex-nymph-s8-natural-tan-yellow,2,shopify,0,continue,manual,2.75,TRUE,TRUE,,,
hex-nymph,,,,,,,,,#8,,Bear's Hex Nymph,hex-nymph-s8-bear-s-hex-nymph,2,shopify,0,continue,manual,2.75,TRUE,TRUE,,,
hex-nymph,,,,,,,,,#8,,Schultzy's Rabbit Hexum,hex-nymph-s8-schultzy-s-rabbit-hexum,2,shopify,0,continue,manual,2.75,TRUE,TRUE,,,
hex-nymph,,,,,,,,,#8,,Ted's Edible Hex,hex-nymph-s8-ted-s-edible-hex,2,shopify,0,continue,manual,2.75,TRUE,TRUE,,,
hex-nymph,,,,,,,,,#10,,Natural tan-yellow,hex-nymph-s10-natural-tan-yellow,2,shopify,0,continue,manual,2.75,TRUE,TRUE,,,
hex-nymph,,,,,,,,,#10,,Bear's Hex Nymph,hex-nymph-s10-bear-s-hex-nymph,2,shopify,0,continue,manual,2.75,TRUE,TRUE,,,
hex-nymph,,,,,,,,,#10,,Schultzy's Rabbit Hexum,hex-nymph-s10-schultzy-s-rabbit-hexum,2,shopify,0,continue,manual,2.75,TRUE,TRUE,,,
hex-nymph,,,,,,,,,#10,,Ted's Edible Hex,hex-nymph-s10-ted-s-edible-hex,2,shopify,0,continue,manual,2.75,TRUE,TRUE,,,
pats-rubber-legs,Pat's Rubber Legs,"<p>A U.P. steelhead guide's nymph rig runs double-bead stoneflies and Pat's Rubber Legs #8 to #10 in black and brown as the point fly ahead of an egg or caddis. For trout it is a generic big stonefly for the Pine, Upper Manistee and Sturgeon, fished deep in fast water year-round; Michigan trout sources do not name it, so treat the trout use as generic.</p><p><strong>Imitates:</strong> Golden Stonefly, Giant Black Stonefly, Early Brown Stonefly</p><p><strong>Fish it for:</strong> Steelhead, Brown trout, Rainbow trout (resident), Brook trout</p><p>Hand-tied in Michigan for Michigan rivers. See when and where to fish it at michiganflies.com/flies/pats-rubber-legs.</p>",Michigan Flies,Sporting Goods > Outdoor Recreation > Fishing > Fishing Tackle > Fishing Baits & Lures,Nymph,"Nymph, Steelhead, Brown trout, Rainbow trout (resident), Brook trout, nymph-indicator, chuck-and-duck, euro-nymph, golden-stone, giant-black-stone, early-brown-stonefly, evidence-A, collection:two-hearted-first-batch, river:two-hearted",TRUE,Size,#4,Color,Black,pats-rubber-legs-s4-black,2,shopify,0,continue,manual,2.75,TRUE,TRUE,Pat's Rubber Legs · hand-tied for Michigan rivers,"A U.P. steelhead guide's nymph rig runs double-bead stoneflies and Pat's Rubber Legs #8 to #10 in black and brown as the point fly ahead of an egg or caddis. For trout it is a generic big stonefly for the Pine, Upper Manistee and Sturgeon, fished deep in fast water year-round; Michigan trout sources",draft
pats-rubber-legs,,,,,,,,,#4,,Brown,pats-rubber-legs-s4-brown,2,shopify,0,continue,manual,2.75,TRUE,TRUE,,,
pats-rubber-legs,,,,,,,,,#4,,Coffee-black,pats-rubber-legs-s4-coffee-black,2,shopify,0,continue,manual,2.75,TRUE,TRUE,,,
pats-rubber-legs,,,,,,,,,#4,,Olive-brown,pats-rubber-legs-s4-olive-brown,2,shopify,0,continue,manual,2.75,TRUE,TRUE,,,
pats-rubber-legs,,,,,,,,,#6,,Black,pats-rubber-legs-s6-black,2,shopify,0,continue,manual,2.75,TRUE,TRUE,,,
pats-rubber-legs,,,,,,,,,#6,,Brown,pats-rubber-legs-s6-brown,2,shopify,0,continue,manual,2.75,TRUE,TRUE,,,
pats-rubber-legs,,,,,,,,,#6,,Coffee-black,pats-rubber-legs-s6-coffee-black,2,shopify,0,continue,manual,2.75,TRUE,TRUE,,,
pats-rubber-legs,,,,,,,,,#6,,Olive-brown,pats-rubber-legs-s6-olive-brown,2,shopify,0,continue,manual,2.75,TRUE,TRUE,,,
pats-rubber-legs,,,,,,,,,#8,,Black,pats-rubber-legs-s8-black,2,shopify,0,continue,manual,2.75,TRUE,TRUE,,,
pats-rubber-legs,,,,,,,,,#8,,Brown,pats-rubber-legs-s8-brown,2,shopify,0,continue,manual,2.75,TRUE,TRUE,,,
pats-rubber-legs,,,,,,,,,#8,,Coffee-black,pats-rubber-legs-s8-coffee-black,2,shopify,0,continue,manual,2.75,TRUE,TRUE,,,
pats-rubber-legs,,,,,,,,,#8,,Olive-brown,pats-rubber-legs-s8-olive-brown,2,shopify,0,continue,manual,2.75,TRUE,TRUE,,,
pats-rubber-legs,,,,,,,,,#10,,Black,pats-rubber-legs-s10-black,2,shopify,0,continue,manual,2.75,TRUE,TRUE,,,
pats-rubber-legs,,,,,,,,,#10,,Brown,pats-rubber-legs-s10-brown,2,shopify,0,continue,manual,2.75,TRUE,TRUE,,,
pats-rubber-legs,,,,,,,,,#10,,Coffee-black,pats-rubber-legs-s10-coffee-black,2,shopify,0,continue,manual,2.75,TRUE,TRUE,,,
pats-rubber-legs,,,,,,,,,#10,,Olive-brown,pats-rubber-legs-s10-olive-brown,2,shopify,0,continue,manual,2.75,TRUE,TRUE,,,
pheasant-tail-nymph,Pheasant Tail Nymph,"<p>Old Au Sable Fly Shop names a #12 to #14 Pheasant Tail as the Hendrickson nymph, and it covers every Michigan Ephemerella and Baetis nymph before and during a hatch. A beadhead #10 is a standard trailer fly in U.P. steelhead rigs, and #12 to #20 versions take pink salmon in clear water. Fish it dead-drifted under an indicator or on a tight line in the weeks before each mayfly hatch.</p><p><strong>Imitates:</strong> Hendrickson, Sulphur, Little Sulphur, Blue-Winged Olive, Blue Quill, Mahogany Dun, March Brown, Light Cahill</p><p><strong>Fish it for:</strong> Brown trout, Brook trout, Rainbow trout (resident), Steelhead, Pink salmon, Atlantic salmon</p><p>Hand-tied in Michigan for Michigan rivers. See when and where to fish it at michiganflies.com/flies/pheasant-tail-nymph.</p>",Michigan Flies,Sporting Goods > Outdoor Recreation > Fishing > Fishing Tackle > Fishing Baits & Lures,Nymph,"Nymph, Brown trout, Brook trout, Rainbow trout (resident), Steelhead, Pink salmon, Atlantic salmon, nymph-indicator, euro-nymph, hendrickson, sulphur-invaria, sulphur-dorothea, blue-winged-olive, blue-quill, mahogany-dun, march-brown, light-cahill, evidence-A, collection:two-hearted-first-batch, river:two-hearted",TRUE,Size,#10,Color,Natural,pheasant-tail-nymph-s10-natural,2,shopify,0,continue,manual,2.75,TRUE,TRUE,Pheasant Tail Nymph · hand-tied for Michigan rivers,"Old Au Sable Fly Shop names a #12 to #14 Pheasant Tail as the Hendrickson nymph, and it covers every Michigan Ephemerella and Baetis nymph before and during a hatch. A beadhead #10 is a standard trailer fly in U.P. steelhead rigs, and #12 to #20 versions take pink salmon in clear water. Fish it dead",draft
pheasant-tail-nymph,,,,,,,,,#10,,Beadhead,pheasant-tail-nymph-s10-beadhead,2,shopify,0,continue,manual,2.75,TRUE,TRUE,,,
pheasant-tail-nymph,,,,,,,,,#10,,Flashback,pheasant-tail-nymph-s10-flashback,2,shopify,0,continue,manual,2.75,TRUE,TRUE,,,
pheasant-tail-nymph,,,,,,,,,#12,,Natural,pheasant-tail-nymph-s12-natural,2,shopify,0,continue,manual,2.75,TRUE,TRUE,,,
pheasant-tail-nymph,,,,,,,,,#12,,Beadhead,pheasant-tail-nymph-s12-beadhead,2,shopify,0,continue,manual,2.75,TRUE,TRUE,,,
pheasant-tail-nymph,,,,,,,,,#12,,Flashback,pheasant-tail-nymph-s12-flashback,2,shopify,0,continue,manual,2.75,TRUE,TRUE,,,
pheasant-tail-nymph,,,,,,,,,#14,,Natural,pheasant-tail-nymph-s14-natural,2,shopify,0,continue,manual,2.75,TRUE,TRUE,,,
pheasant-tail-nymph,,,,,,,,,#14,,Beadhead,pheasant-tail-nymph-s14-beadhead,2,shopify,0,continue,manual,2.75,TRUE,TRUE,,,
pheasant-tail-nymph,,,,,,,,,#14,,Flashback,pheasant-tail-nymph-s14-flashback,2,shopify,0,continue,manual,2.75,TRUE,TRUE,,,
pheasant-tail-nymph,,,,,,,,,#16,,Natural,pheasant-tail-nymph-s16-natural,2,shopify,0,continue,manual,2.75,TRUE,TRUE,,,
pheasant-tail-nymph,,,,,,,,,#16,,Beadhead,pheasant-tail-nymph-s16-beadhead,2,shopify,0,continue,manual,2.75,TRUE,TRUE,,,
pheasant-tail-nymph,,,,,,,,,#16,,Flashback,pheasant-tail-nymph-s16-flashback,2,shopify,0,continue,manual,2.75,TRUE,TRUE,,,
pheasant-tail-nymph,,,,,,,,,#18,,Natural,pheasant-tail-nymph-s18-natural,2,shopify,0,continue,manual,2.75,TRUE,TRUE,,,
pheasant-tail-nymph,,,,,,,,,#18,,Beadhead,pheasant-tail-nymph-s18-beadhead,2,shopify,0,continue,manual,2.75,TRUE,TRUE,,,
pheasant-tail-nymph,,,,,,,,,#18,,Flashback,pheasant-tail-nymph-s18-flashback,2,shopify,0,continue,manual,2.75,TRUE,TRUE,,,
pheasant-tail-nymph,,,,,,,,,#20,,Natural,pheasant-tail-nymph-s20-natural,2,shopify,0,continue,manual,2.75,TRUE,TRUE,,,
pheasant-tail-nymph,,,,,,,,,#20,,Beadhead,pheasant-tail-nymph-s20-beadhead,2,shopify,0,continue,manual,2.75,TRUE,TRUE,,,
pheasant-tail-nymph,,,,,,,,,#20,,Flashback,pheasant-tail-nymph-s20-flashback,2,shopify,0,continue,manual,2.75,TRUE,TRUE,,,
scud,Scud,"<p>Scuds #18 are the Muskegon's January to April staple beside midges, and Current Works lists scuds and sowbugs first for the Big Manistee below Tippy Dam. Supinski's winter steelhead list includes scuds. Fish an olive or gray scud dead-drift in weedy tailwater runs year-round, and orange for dead or molting scuds.</p><p><strong>Fish it for:</strong> Brown trout, Rainbow trout (resident), Steelhead, Pink salmon</p><p>Hand-tied in Michigan for Michigan rivers. See when and where to fish it at michiganflies.com/flies/scud.</p>",Michigan Flies,Sporting Goods > Outdoor Recreation > Fishing > Fishing Tackle > Fishing Baits & Lures,Nymph,"Nymph, Brown trout, Rainbow trout (resident), Steelhead, Pink salmon, nymph-indicator, euro-nymph, scud, evidence-A, collection:two-hearted-first-batch, river:two-hearted",TRUE,Size,#14,Color,Olive,scud-s14-olive,2,shopify,0,continue,manual,2.75,TRUE,TRUE,Scud · hand-tied for Michigan rivers,"Scuds #18 are the Muskegon's January to April staple beside midges, and Current Works lists scuds and sowbugs first for the Big Manistee below Tippy Dam. Supinski's winter steelhead list includes scuds. Fish an olive or gray scud dead-drift in weedy tailwater runs year-round, and orange for dead or ",draft
scud,,,,,,,,,#14,,Gray,scud-s14-gray,2,shopify,0,continue,manual,2.75,TRUE,TRUE,,,
scud,,,,,,,,,#14,,Orange,scud-s14-orange,2,shopify,0,continue,manual,2.75,TRUE,TRUE,,,
scud,,,,,,,,,#14,,Tan,scud-s14-tan,2,shopify,0,continue,manual,2.75,TRUE,TRUE,,,
scud,,,,,,,,,#16,,Olive,scud-s16-olive,2,shopify,0,continue,manual,2.75,TRUE,TRUE,,,
scud,,,,,,,,,#16,,Gray,scud-s16-gray,2,shopify,0,continue,manual,2.75,TRUE,TRUE,,,
scud,,,,,,,,,#16,,Orange,scud-s16-orange,2,shopify,0,continue,manual,2.75,TRUE,TRUE,,,
scud,,,,,,,,,#16,,Tan,scud-s16-tan,2,shopify,0,continue,manual,2.75,TRUE,TRUE,,,
scud,,,,,,,,,#18,,Olive,scud-s18-olive,2,shopify,0,continue,manual,2.75,TRUE,TRUE,,,
scud,,,,,,,,,#18,,Gray,scud-s18-gray,2,shopify,0,continue,manual,2.75,TRUE,TRUE,,,
scud,,,,,,,,,#18,,Orange,scud-s18-orange,2,shopify,0,continue,manual,2.75,TRUE,TRUE,,,
scud,,,,,,,,,#18,,Tan,scud-s18-tan,2,shopify,0,continue,manual,2.75,TRUE,TRUE,,,
sly-stone-wiggle,Sly Stone Wiggle,"<p>A tungsten, articulated early black stonefly nymph from Hallowed Waters for the February through May Allocapnia and Taeniopteryx drift on the Muskegon tailwater and other alkaline groundwater rivers. Fish it on warm sunny afternoons from 1 to 4 pm when the nymphs migrate toward the banks.</p><p><strong>Imitates:</strong> Early Black Stonefly</p><p><strong>Fish it for:</strong> Steelhead, Brown trout, Rainbow trout (resident)</p><p><em>Matt Supinski, Muskegon River</em></p><p>Hand-tied in Michigan for Michigan rivers. See when and where to fish it at michiganflies.com/flies/sly-stone-wiggle.</p>",Michigan Flies,Sporting Goods > Outdoor Recreation > Fishing > Fishing Tackle > Fishing Baits & Lures,Nymph,"Nymph, Steelhead, Brown trout, Rainbow trout (resident), nymph-indicator, euro-nymph, early-black-stonefly, evidence-A, collection:two-hearted-first-batch, river:two-hearted",TRUE,Size,#10,Color,Black,sly-stone-wiggle-s10-black,2,shopify,0,continue,manual,2.75,TRUE,TRUE,Sly Stone Wiggle · hand-tied for Michigan rivers,"A tungsten, articulated early black stonefly nymph from Hallowed Waters for the February through May Allocapnia and Taeniopteryx drift on the Muskegon tailwater and other alkaline groundwater rivers. Fish it on warm sunny afternoons from 1 to 4 pm when the nymphs migrate toward the banks.",draft
sly-stone-wiggle,,,,,,,,,#12,,Black,sly-stone-wiggle-s12-black,2,shopify,0,continue,manual,2.75,TRUE,TRUE,,,
sly-stone-wiggle,,,,,,,,,#14,,Black,sly-stone-wiggle-s14-black,2,shopify,0,continue,manual,2.75,TRUE,TRUE,,,
sowbug,Sowbug,"<p>Current Works pairs sowbugs with scuds, midges, Baetis, eggs and fry as the year-round diet of trout below Tippy Dam on the Big Manistee. A flat gray sowbug #14 to #18 fished slow and deep in vegetation and gravel seams is a winter and early-spring tailwater fly.</p><p><strong>Fish it for:</strong> Brown trout, Rainbow trout (resident), Steelhead</p><p>Hand-tied in Michigan for Michigan rivers. See when and where to fish it at michiganflies.com/flies/sowbug.</p>",Michigan Flies,Sporting Goods > Outdoor Recreation > Fishing > Fishing Tackle > Fishing Baits & Lures,Nymph,"Nymph, Brown trout, Rainbow trout (resident), Steelhead, nymph-indicator, euro-nymph, sowbug, evidence-A, collection:two-hearted-first-batch, river:two-hearted",TRUE,Size,#14,Color,Gray,sowbug-s14-gray,2,shopify,0,continue,manual,2.75,TRUE,TRUE,Sowbug · hand-tied for Michigan rivers,"Current Works pairs sowbugs with scuds, midges, Baetis, eggs and fry as the year-round diet of trout below Tippy Dam on the Big Manistee. A flat gray sowbug #14 to #18 fished slow and deep in vegetation and gravel seams is a winter and early-spring tailwater fly.",draft
sowbug,,,,,,,,,#14,,Tan,sowbug-s14-tan,2,shopify,0,continue,manual,2.75,TRUE,TRUE,,,
sowbug,,,,,,,,,#16,,Gray,sowbug-s16-gray,2,shopify,0,continue,manual,2.75,TRUE,TRUE,,,
sowbug,,,,,,,,,#16,,Tan,sowbug-s16-tan,2,shopify,0,continue,manual,2.75,TRUE,TRUE,,,
sowbug,,,,,,,,,#18,,Gray,sowbug-s18-gray,2,shopify,0,continue,manual,2.75,TRUE,TRUE,,,
sowbug,,,,,,,,,#18,,Tan,sowbug-s18-tan,2,shopify,0,continue,manual,2.75,TRUE,TRUE,,,
spring-wiggler,Spring Wiggler,"<p>A yellow chenille and fox squirrel Hex nymph that has been a Michigan steelhead fly for more than fifty years. Schrems West Michigan TU calls it effective year-round and especially in winter on the Muskegon. Dead-drift it on the bottom in runs below gravel; the bright variants double as an attractor in stained water.</p><p><strong>Imitates:</strong> Hex</p><p><strong>Fish it for:</strong> Steelhead, Brown trout, Rainbow trout (resident)</p><p><em>Michigan steelhead fly, in use over fifty years</em></p><p>Hand-tied in Michigan for Michigan rivers. See when and where to fish it at michiganflies.com/flies/spring-wiggler.</p>",Michigan Flies,Sporting Goods > Outdoor Recreation > Fishing > Fishing Tackle > Fishing Baits & Lures,Nymph,"Nymph, Steelhead, Brown trout, Rainbow trout (resident), nymph-indicator, chuck-and-duck, hex, evidence-A, collection:two-hearted-first-batch, river:two-hearted",TRUE,Size,#6,Color,Yellow chenille with fox squirrel,spring-wiggler-s6-yellow-chenille-with-fox-squirrel,2,shopify,0,continue,manual,2.75,TRUE,TRUE,Spring Wiggler · hand-tied for Michigan rivers,A yellow chenille and fox squirrel Hex nymph that has been a Michigan steelhead fly for more than fifty years. Schrems West Michigan TU calls it effective year-round and especially in winter on the Muskegon. Dead-drift it on the bottom in runs below gravel; the bright variants double as an attractor,draft
spring-wiggler,,,,,,,,,#6,,Orange,spring-wiggler-s6-orange,2,shopify,0,continue,manual,2.75,TRUE,TRUE,,,
spring-wiggler,,,,,,,,,#6,,Chartreuse,spring-wiggler-s6-chartreuse,2,shopify,0,continue,manual,2.75,TRUE,TRUE,,,
spring-wiggler,,,,,,,,,#8,,Yellow chenille with fox squirrel,spring-wiggler-s8-yellow-chenille-with-fox-squirrel,2,shopify,0,continue,manual,2.75,TRUE,TRUE,,,
spring-wiggler,,,,,,,,,#8,,Orange,spring-wiggler-s8-orange,2,shopify,0,continue,manual,2.75,TRUE,TRUE,,,
spring-wiggler,,,,,,,,,#8,,Chartreuse,spring-wiggler-s8-chartreuse,2,shopify,0,continue,manual,2.75,TRUE,TRUE,,,
spring-wiggler,,,,,,,,,#10,,Yellow chenille with fox squirrel,spring-wiggler-s10-yellow-chenille-with-fox-squirrel,2,shopify,0,continue,manual,2.75,TRUE,TRUE,,,
spring-wiggler,,,,,,,,,#10,,Orange,spring-wiggler-s10-orange,2,shopify,0,continue,manual,2.75,TRUE,TRUE,,,
spring-wiggler,,,,,,,,,#10,,Chartreuse,spring-wiggler-s10-chartreuse,2,shopify,0,continue,manual,2.75,TRUE,TRUE,,,
zebra-midge,Zebra Midge,"<p>Black-bodied #20 to #24 midges are the main winter food on the Muskegon tailwater from November through April, with heavy hatches near springs on warm afternoons. Fish a Zebra Midge as a dropper under a small indicator or behind a scud; it also takes pink salmon in clear water and St. Marys Atlantics feeding on midges in late summer.</p><p><strong>Imitates:</strong> Midge</p><p><strong>Fish it for:</strong> Brown trout, Rainbow trout (resident), Brook trout, Pink salmon, Atlantic salmon</p><p>Hand-tied in Michigan for Michigan rivers. See when and where to fish it at michiganflies.com/flies/zebra-midge.</p>",Michigan Flies,Sporting Goods > Outdoor Recreation > Fishing > Fishing Tackle > Fishing Baits & Lures,Nymph,"Nymph, Brown trout, Rainbow trout (resident), Brook trout, Pink salmon, Atlantic salmon, nymph-indicator, euro-nymph, midge, evidence-A, collection:two-hearted-first-batch, river:two-hearted",TRUE,Size,#18,Color,Black with silver rib,zebra-midge-s18-black-with-silver-rib,2,shopify,0,continue,manual,2.75,TRUE,TRUE,Zebra Midge · hand-tied for Michigan rivers,"Black-bodied #20 to #24 midges are the main winter food on the Muskegon tailwater from November through April, with heavy hatches near springs on warm afternoons. Fish a Zebra Midge as a dropper under a small indicator or behind a scud; it also takes pink salmon in clear water and St. Marys Atlantic",draft
zebra-midge,,,,,,,,,#18,,Red,zebra-midge-s18-red,2,shopify,0,continue,manual,2.75,TRUE,TRUE,,,
zebra-midge,,,,,,,,,#18,,Olive,zebra-midge-s18-olive,2,shopify,0,continue,manual,2.75,TRUE,TRUE,,,
zebra-midge,,,,,,,,,#20,,Black with silver rib,zebra-midge-s20-black-with-silver-rib,2,shopify,0,continue,manual,2.75,TRUE,TRUE,,,
zebra-midge,,,,,,,,,#20,,Red,zebra-midge-s20-red,2,shopify,0,continue,manual,2.75,TRUE,TRUE,,,
zebra-midge,,,,,,,,,#20,,Olive,zebra-midge-s20-olive,2,shopify,0,continue,manual,2.75,TRUE,TRUE,,,
zebra-midge,,,,,,,,,#22,,Black with silver rib,zebra-midge-s22-black-with-silver-rib,2,shopify,0,continue,manual,2.75,TRUE,TRUE,,,
zebra-midge,,,,,,,,,#22,,Red,zebra-midge-s22-red,2,shopify,0,continue,manual,2.75,TRUE,TRUE,,,
zebra-midge,,,,,,,,,#22,,Olive,zebra-midge-s22-olive,2,shopify,0,continue,manual,2.75,TRUE,TRUE,,,
zebra-midge,,,,,,,,,#24,,Black with silver rib,zebra-midge-s24-black-with-silver-rib,2,shopify,0,continue,manual,2.75,TRUE,TRUE,,,
zebra-midge,,,,,,,,,#24,,Red,zebra-midge-s24-red,2,shopify,0,continue,manual,2.75,TRUE,TRUE,,,
zebra-midge,,,,,,,,,#24,,Olive,zebra-midge-s24-olive,2,shopify,0,continue,manual,2.75,TRUE,TRUE,,,
black-string-leech,Black String Leech,"<p>Current Works reaches for black leeches (String Leech, Silvey's Tail Light, Miles Davis, Larimer's Reverse Marabou) in high, dirty water, when a dark silhouette shows better than any natural color. Betsie salmon anglers use dark leeches with flash dead-drifted or swung. Fish it during spring runoff and after fall rains.</p><p><strong>Fish it for:</strong> Steelhead, Chinook salmon, Coho salmon, Brown trout</p><p>Hand-tied in Michigan for Michigan rivers. See when and where to fish it at michiganflies.com/flies/black-string-leech.</p>",Michigan Flies,Sporting Goods > Outdoor Recreation > Fishing > Fishing Tackle > Fishing Baits & Lures,Streamer,"Streamer, Steelhead, Chinook salmon, Coho salmon, Brown trout, swing-spey, chuck-and-duck, streamer, leech, evidence-A, collection:two-hearted-first-batch, river:two-hearted",TRUE,Size,#2,Color,Black,black-string-leech-s2-black,2,shopify,0,continue,manual,6.50,TRUE,TRUE,Black String Leech · hand-tied for Michigan rivers,"Current Works reaches for black leeches (String Leech, Silvey's Tail Light, Miles Davis, Larimer's Reverse Marabou) in high, dirty water, when a dark silhouette shows better than any natural color. Betsie salmon anglers use dark leeches with flash dead-drifted or swung. Fish it during spring runoff ",draft
black-string-leech,,,,,,,,,#2,,Black/purple,black-string-leech-s2-black-purple,2,shopify,0,continue,manual,6.50,TRUE,TRUE,,,
black-string-leech,,,,,,,,,#2,,Silvey's Tail Light,black-string-leech-s2-silvey-s-tail-light,2,shopify,0,continue,manual,6.50,TRUE,TRUE,,,
black-string-leech,,,,,,,,,#2,,Larimer's Reverse Marabou,black-string-leech-s2-larimer-s-reverse-marabou,2,shopify,0,continue,manual,6.50,TRUE,TRUE,,,
black-string-leech,,,,,,,,,#4,,Black,black-string-leech-s4-black,2,shopify,0,continue,manual,6.50,TRUE,TRUE,,,
black-string-leech,,,,,,,,,#4,,Black/purple,black-string-leech-s4-black-purple,2,shopify,0,continue,manual,6.50,TRUE,TRUE,,,
black-string-leech,,,,,,,,,#4,,Silvey's Tail Light,black-string-leech-s4-silvey-s-tail-light,2,shopify,0,continue,manual,6.50,TRUE,TRUE,,,
black-string-leech,,,,,,,,,#4,,Larimer's Reverse Marabou,black-string-leech-s4-larimer-s-reverse-marabou,2,shopify,0,continue,manual,6.50,TRUE,TRUE,,,
black-string-leech,,,,,,,,,#6,,Black,black-string-leech-s6-black,2,shopify,0,continue,manual,6.50,TRUE,TRUE,,,
black-string-leech,,,,,,,,,#6,,Black/purple,black-string-leech-s6-black-purple,2,shopify,0,continue,manual,6.50,TRUE,TRUE,,,
black-string-leech,,,,,,,,,#6,,Silvey's Tail Light,black-string-leech-s6-silvey-s-tail-light,2,shopify,0,continue,manual,6.50,TRUE,TRUE,,,
black-string-leech,,,,,,,,,#6,,Larimer's Reverse Marabou,black-string-leech-s6-larimer-s-reverse-marabou,2,shopify,0,continue,manual,6.50,TRUE,TRUE,,,
circus-peanut,Circus Peanut,"<p>Developed around 2000 by Russ Maddin while at Galloup's Troutsman shop, the articulated fly that 'ushered in the age of articulated streamers,' used on the Au Sable and Manistee for big browns. Streamside sells it in Root Beer, a crayfish-brown that fishes in average flows on sunny or stained days. Strip it with a jerk-strip retrieve in April, May and the pre-spawn fall.</p><p><strong>Fish it for:</strong> Brown trout, Rainbow trout (resident), Steelhead</p><p><em>Russ Maddin, Troutsman fly shop, Traverse City, about 2000</em></p><p>Hand-tied in Michigan for Michigan rivers. See when and where to fish it at michiganflies.com/flies/circus-peanut.</p>",Michigan Flies,Sporting Goods > Outdoor Recreation > Fishing > Fishing Tackle > Fishing Baits & Lures,Streamer,"Streamer, Brown trout, Rainbow trout (resident), Steelhead, streamer, sculpin, crayfish, dace, salmonid-parr, evidence-A, collection:two-hearted-first-batch, river:two-hearted",TRUE,Size,#2,Color,Root Beer,circus-peanut-s2-root-beer,2,shopify,0,continue,manual,9.50,TRUE,TRUE,Circus Peanut · hand-tied for Michigan rivers,"Developed around 2000 by Russ Maddin while at Galloup's Troutsman shop, the articulated fly that 'ushered in the age of articulated streamers,' used on the Au Sable and Manistee for big browns. Streamside sells it in Root Beer, a crayfish-brown that fishes in average flows on sunny or stained days. ",draft
circus-peanut,,,,,,,,,#2,,Olive,circus-peanut-s2-olive,2,shopify,0,continue,manual,9.50,TRUE,TRUE,,,
circus-peanut,,,,,,,,,#2,,Yellow,circus-peanut-s2-yellow,2,shopify,0,continue,manual,9.50,TRUE,TRUE,,,
circus-peanut,,,,,,,,,#2,,Black,circus-peanut-s2-black,2,shopify,0,continue,manual,9.50,TRUE,TRUE,,,
circus-peanut,,,,,,,,,#2,,White,circus-peanut-s2-white,2,shopify,0,continue,manual,9.50,TRUE,TRUE,,,
circus-peanut,,,,,,,,,#4,,Root Beer,circus-peanut-s4-root-beer,2,shopify,0,continue,manual,9.50,TRUE,TRUE,,,
circus-peanut,,,,,,,,,#4,,Olive,circus-peanut-s4-olive,2,shopify,0,continue,manual,9.50,TRUE,TRUE,,,
circus-peanut,,,,,,,,,#4,,Yellow,circus-peanut-s4-yellow,2,shopify,0,continue,manual,9.50,TRUE,TRUE,,,
circus-peanut,,,,,,,,,#4,,Black,circus-peanut-s4-black,2,shopify,0,continue,manual,9.50,TRUE,TRUE,,,
circus-peanut,,,,,,,,,#4,,White,circus-peanut-s4-white,2,shopify,0,continue,manual,9.50,TRUE,TRUE,,,
circus-peanut,,,,,,,,,#6,,Root Beer,circus-peanut-s6-root-beer,2,shopify,0,continue,manual,9.50,TRUE,TRUE,,,
circus-peanut,,,,,,,,,#6,,Olive,circus-peanut-s6-olive,2,shopify,0,continue,manual,9.50,TRUE,TRUE,,,
circus-peanut,,,,,,,,,#6,,Yellow,circus-peanut-s6-yellow,2,shopify,0,continue,manual,9.50,TRUE,TRUE,,,
circus-peanut,,,,,,,,,#6,,Black,circus-peanut-s6-black,2,shopify,0,continue,manual,9.50,TRUE,TRUE,,,
circus-peanut,,,,,,,,,#6,,White,circus-peanut-s6-white,2,shopify,0,continue,manual,9.50,TRUE,TRUE,,,
clouser-minnow,Clouser Minnow (and Flashtail Clouser),"<p>Current Works strips a Flashtail Clouser on sink tips for fresh Betsie and Manistee salmon, and chartreuse/white and pink Clousers are coho standards. In white and gray it doubles as a smelt or alewife imitation for St. Marys Atlantics in late June and July. Fish it with fast strips in the lowest holding water above the lake.</p><p><strong>Fish it for:</strong> Coho salmon, Chinook salmon, Steelhead, Atlantic salmon, Brown trout</p><p>Hand-tied in Michigan for Michigan rivers. See when and where to fish it at michiganflies.com/flies/clouser-minnow.</p>",Michigan Flies,Sporting Goods > Outdoor Recreation > Fishing > Fishing Tackle > Fishing Baits & Lures,Streamer,"Streamer, Coho salmon, Chinook salmon, Steelhead, Atlantic salmon, Brown trout, streamer, swing-spey, alewife, emerald-shiner, smelt, spottail-shiner, evidence-A, collection:two-hearted-first-batch, river:two-hearted",TRUE,Size,#1,Color,Chartreuse/white,clouser-minnow-s1-chartreuse-white,2,shopify,0,continue,manual,6.50,TRUE,TRUE,Clouser Minnow (and Flashtail Clouser) · hand-tied for Michigan rivers,"Current Works strips a Flashtail Clouser on sink tips for fresh Betsie and Manistee salmon, and chartreuse/white and pink Clousers are coho standards. In white and gray it doubles as a smelt or alewife imitation for St. Marys Atlantics in late June and July. Fish it with fast strips in the lowest ho",draft
clouser-minnow,,,,,,,,,#1,,Pink/white,clouser-minnow-s1-pink-white,2,shopify,0,continue,manual,6.50,TRUE,TRUE,,,
clouser-minnow,,,,,,,,,#1,,All pink,clouser-minnow-s1-all-pink,2,shopify,0,continue,manual,6.50,TRUE,TRUE,,,
clouser-minnow,,,,,,,,,#1,,Gray/white,clouser-minnow-s1-gray-white,2,shopify,0,continue,manual,6.50,TRUE,TRUE,,,
clouser-minnow,,,,,,,,,#1,,Flashtail,clouser-minnow-s1-flashtail,2,shopify,0,continue,manual,6.50,TRUE,TRUE,,,
clouser-minnow,,,,,,,,,#2,,Chartreuse/white,clouser-minnow-s2-chartreuse-white,2,shopify,0,continue,manual,6.50,TRUE,TRUE,,,
clouser-minnow,,,,,,,,,#2,,Pink/white,clouser-minnow-s2-pink-white,2,shopify,0,continue,manual,6.50,TRUE,TRUE,,,
clouser-minnow,,,,,,,,,#2,,All pink,clouser-minnow-s2-all-pink,2,shopify,0,continue,manual,6.50,TRUE,TRUE,,,
clouser-minnow,,,,,,,,,#2,,Gray/white,clouser-minnow-s2-gray-white,2,shopify,0,continue,manual,6.50,TRUE,TRUE,,,
clouser-minnow,,,,,,,,,#2,,Flashtail,clouser-minnow-s2-flashtail,2,shopify,0,continue,manual,6.50,TRUE,TRUE,,,
clouser-minnow,,,,,,,,,#4,,Chartreuse/white,clouser-minnow-s4-chartreuse-white,2,shopify,0,continue,manual,6.50,TRUE,TRUE,,,
clouser-minnow,,,,,,,,,#4,,Pink/white,clouser-minnow-s4-pink-white,2,shopify,0,continue,manual,6.50,TRUE,TRUE,,,
clouser-minnow,,,,,,,,,#4,,All pink,clouser-minnow-s4-all-pink,2,shopify,0,continue,manual,6.50,TRUE,TRUE,,,
clouser-minnow,,,,,,,,,#4,,Gray/white,clouser-minnow-s4-gray-white,2,shopify,0,continue,manual,6.50,TRUE,TRUE,,,
clouser-minnow,,,,,,,,,#4,,Flashtail,clouser-minnow-s4-flashtail,2,shopify,0,continue,manual,6.50,TRUE,TRUE,,,
clouser-minnow,,,,,,,,,#6,,Chartreuse/white,clouser-minnow-s6-chartreuse-white,2,shopify,0,continue,manual,6.50,TRUE,TRUE,,,
clouser-minnow,,,,,,,,,#6,,Pink/white,clouser-minnow-s6-pink-white,2,shopify,0,continue,manual,6.50,TRUE,TRUE,,,
clouser-minnow,,,,,,,,,#6,,All pink,clouser-minnow-s6-all-pink,2,shopify,0,continue,manual,6.50,TRUE,TRUE,,,
clouser-minnow,,,,,,,,,#6,,Gray/white,clouser-minnow-s6-gray-white,2,shopify,0,continue,manual,6.50,TRUE,TRUE,,,
clouser-minnow,,,,,,,,,#6,,Flashtail,clouser-minnow-s6-flashtail,2,shopify,0,continue,manual,6.50,TRUE,TRUE,,,
drunk-and-disorderly,Drunk and Disorderly,"<p>Tommy Lynch's wedge-headed articulated fly that 'swims differently with every strip to mimic an injured baitfish,' with a profile largest at the head and slender behind. Retrieve it with one sharp pop, three short strips, then let it swim and die out; several Pere Marquette and Upper Manistee browns over 24 inches have taken it. Best on a floating or intermediate line over structure in spring and fall.</p><p><strong>Fish it for:</strong> Brown trout, Rainbow trout (resident), Steelhead</p><p><em>Tommy Lynch (The Fish Whisperer), Pere Marquette and Upper Manistee, Baldwin</em></p><p>Hand-tied in Michigan for Michigan rivers. See when and where to fish it at michiganflies.com/flies/drunk-and-disorderly.</p>",Michigan Flies,Sporting Goods > Outdoor Recreation > Fishing > Fishing Tackle > Fishing Baits & Lures,Streamer,"Streamer, Brown trout, Rainbow trout (resident), Steelhead, streamer, dace, emerald-shiner, salmonid-parr, sculpin, evidence-A, collection:two-hearted-first-batch, river:two-hearted",TRUE,Size,#1,Color,Natural/olive,drunk-and-disorderly-s1-natural-olive,2,shopify,0,continue,manual,9.50,TRUE,TRUE,Drunk and Disorderly · hand-tied for Michigan rivers,"Tommy Lynch's wedge-headed articulated fly that 'swims differently with every strip to mimic an injured baitfish,' with a profile largest at the head and slender behind. Retrieve it with one sharp pop, three short strips, then let it swim and die out; several Pere Marquette and Upper Manistee browns",draft
drunk-and-disorderly,,,,,,,,,#1,,White,drunk-and-disorderly-s1-white,2,shopify,0,continue,manual,9.50,TRUE,TRUE,,,
drunk-and-disorderly,,,,,,,,,#1,,Yellow,drunk-and-disorderly-s1-yellow,2,shopify,0,continue,manual,9.50,TRUE,TRUE,,,
drunk-and-disorderly,,,,,,,,,#1,,Black,drunk-and-disorderly-s1-black,2,shopify,0,continue,manual,9.50,TRUE,TRUE,,,
drunk-and-disorderly,,,,,,,,,#1,,Chartreuse,drunk-and-disorderly-s1-chartreuse,2,shopify,0,continue,manual,9.50,TRUE,TRUE,,,
drunk-and-disorderly,,,,,,,,,#2,,Natural/olive,drunk-and-disorderly-s2-natural-olive,2,shopify,0,continue,manual,9.50,TRUE,TRUE,,,
drunk-and-disorderly,,,,,,,,,#2,,White,drunk-and-disorderly-s2-white,2,shopify,0,continue,manual,9.50,TRUE,TRUE,,,
drunk-and-disorderly,,,,,,,,,#2,,Yellow,drunk-and-disorderly-s2-yellow,2,shopify,0,continue,manual,9.50,TRUE,TRUE,,,
drunk-and-disorderly,,,,,,,,,#2,,Black,drunk-and-disorderly-s2-black,2,shopify,0,continue,manual,9.50,TRUE,TRUE,,,
drunk-and-disorderly,,,,,,,,,#2,,Chartreuse,drunk-and-disorderly-s2-chartreuse,2,shopify,0,continue,manual,9.50,TRUE,TRUE,,,
drunk-and-disorderly,,,,,,,,,#4,,Natural/olive,drunk-and-disorderly-s4-natural-olive,2,shopify,0,continue,manual,9.50,TRUE,TRUE,,,
drunk-and-disorderly,,,,,,,,,#4,,White,drunk-and-disorderly-s4-white,2,shopify,0,continue,manual,9.50,TRUE,TRUE,,,
drunk-and-disorderly,,,,,,,,,#4,,Yellow,drunk-and-disorderly-s4-yellow,2,shopify,0,continue,manual,9.50,TRUE,TRUE,,,
drunk-and-disorderly,,,,,,,,,#4,,Black,drunk-and-disorderly-s4-black,2,shopify,0,continue,manual,9.50,TRUE,TRUE,,,
drunk-and-disorderly,,,,,,,,,#4,,Chartreuse,drunk-and-disorderly-s4-chartreuse,2,shopify,0,continue,manual,9.50,TRUE,TRUE,,,
egg-sucking-leech,Egg-Sucking Leech,"<p>A leech profile with an egg hot spot, recognized as one of the most effective flies on Great Lakes tributary steelhead streams and, per Current Works, less intrusive than most patterns for selective fish. Betts fishes it for Pere Marquette fall salmon, and Michigan coho anglers swing it through runs and tailouts. Dead-drift or swing black, purple or olive bodies with chartreuse, orange, red or pink heads from September through April; #8 versions take pink salmon.</p><p><strong>Fish it for:</strong> Steelhead, Chinook salmon, Coho salmon, Brown trout, Pink salmon</p><p><em>Will Bauer, Alaska, about 1984; Michigan recipe by Current Works</em></p><p>Hand-tied in Michigan for Michigan rivers. See when and where to fish it at michiganflies.com/flies/egg-sucking-leech.</p>",Michigan Flies,Sporting Goods > Outdoor Recreation > Fishing > Fishing Tackle > Fishing Baits & Lures,Streamer,"Streamer, Steelhead, Chinook salmon, Coho salmon, Brown trout, Pink salmon, swing-spey, nymph-indicator, chuck-and-duck, streamer, chinook-eggs, coho-eggs, steelhead-eggs, leech, evidence-A, collection:two-hearted-first-batch, river:two-hearted",TRUE,Size,#2,Color,Black with chartreuse head,egg-sucking-leech-s2-black-with-chartreuse-head,2,shopify,0,continue,manual,6.50,TRUE,TRUE,Egg-Sucking Leech · hand-tied for Michigan rivers,"A leech profile with an egg hot spot, recognized as one of the most effective flies on Great Lakes tributary steelhead streams and, per Current Works, less intrusive than most patterns for selective fish. Betts fishes it for Pere Marquette fall salmon, and Michigan coho anglers swing it through runs",draft
egg-sucking-leech,,,,,,,,,#2,,Black with orange head,egg-sucking-leech-s2-black-with-orange-head,2,shopify,0,continue,manual,6.50,TRUE,TRUE,,,
egg-sucking-leech,,,,,,,,,#2,,Purple with pink head,egg-sucking-leech-s2-purple-with-pink-head,2,shopify,0,continue,manual,6.50,TRUE,TRUE,,,
egg-sucking-leech,,,,,,,,,#2,,Olive with red head,egg-sucking-leech-s2-olive-with-red-head,2,shopify,0,continue,manual,6.50,TRUE,TRUE,,,
egg-sucking-leech,,,,,,,,,#2,,Black with hot pink head,egg-sucking-leech-s2-black-with-hot-pink-head,2,shopify,0,continue,manual,6.50,TRUE,TRUE,,,
egg-sucking-leech,,,,,,,,,#4,,Black with chartreuse head,egg-sucking-leech-s4-black-with-chartreuse-head,2,shopify,0,continue,manual,6.50,TRUE,TRUE,,,
egg-sucking-leech,,,,,,,,,#4,,Black with orange head,egg-sucking-leech-s4-black-with-orange-head,2,shopify,0,continue,manual,6.50,TRUE,TRUE,,,
egg-sucking-leech,,,,,,,,,#4,,Purple with pink head,egg-sucking-leech-s4-purple-with-pink-head,2,shopify,0,continue,manual,6.50,TRUE,TRUE,,,
egg-sucking-leech,,,,,,,,,#4,,Olive with red head,egg-sucking-leech-s4-olive-with-red-head,2,shopify,0,continue,manual,6.50,TRUE,TRUE,,,
egg-sucking-leech,,,,,,,,,#4,,Black with hot pink head,egg-sucking-leech-s4-black-with-hot-pink-head,2,shopify,0,continue,manual,6.50,TRUE,TRUE,,,
egg-sucking-leech,,,,,,,,,#6,,Black with chartreuse head,egg-sucking-leech-s6-black-with-chartreuse-head,2,shopify,0,continue,manual,6.50,TRUE,TRUE,,,
egg-sucking-leech,,,,,,,,,#6,,Black with orange head,egg-sucking-leech-s6-black-with-orange-head,2,shopify,0,continue,manual,6.50,TRUE,TRUE,,,
egg-sucking-leech,,,,,,,,,#6,,Purple with pink head,egg-sucking-leech-s6-purple-with-pink-head,2,shopify,0,continue,manual,6.50,TRUE,TRUE,,,
egg-sucking-leech,,,,,,,,,#6,,Olive with red head,egg-sucking-leech-s6-olive-with-red-head,2,shopify,0,continue,manual,6.50,TRUE,TRUE,,,
egg-sucking-leech,,,,,,,,,#6,,Black with hot pink head,egg-sucking-leech-s6-black-with-hot-pink-head,2,shopify,0,continue,manual,6.50,TRUE,TRUE,,,
egg-sucking-leech,,,,,,,,,#8,,Black with chartreuse head,egg-sucking-leech-s8-black-with-chartreuse-head,2,shopify,0,continue,manual,6.50,TRUE,TRUE,,,
egg-sucking-leech,,,,,,,,,#8,,Black with orange head,egg-sucking-leech-s8-black-with-orange-head,2,shopify,0,continue,manual,6.50,TRUE,TRUE,,,
egg-sucking-leech,,,,,,,,,#8,,Purple with pink head,egg-sucking-leech-s8-purple-with-pink-head,2,shopify,0,continue,manual,6.50,TRUE,TRUE,,,
egg-sucking-leech,,,,,,,,,#8,,Olive with red head,egg-sucking-leech-s8-olive-with-red-head,2,shopify,0,continue,manual,6.50,TRUE,TRUE,,,
egg-sucking-leech,,,,,,,,,#8,,Black with hot pink head,egg-sucking-leech-s8-black-with-hot-pink-head,2,shopify,0,continue,manual,6.50,TRUE,TRUE,,,
grapefruit-head-leech,Feenstra's Grapefruit Head Leech,"<p>A bright pink and chartreuse head over a leech body on a #2 to #4 3XL streamer hook, 'one of the most reliable Midwest swung fly patterns' and exceptional in cold winter water when steelhead are lethargic. Swing it slow and deep on a Skagit head and sink tip from November through the spring on the Muskegon, Manistee and U.P. rivers.</p><p><strong>Fish it for:</strong> Steelhead, Brown trout</p><p><em>Kevin Feenstra, Muskegon River</em></p><p>Hand-tied in Michigan for Michigan rivers. See when and where to fish it at michiganflies.com/flies/grapefruit-head-leech.</p>",Michigan Flies,Sporting Goods > Outdoor Recreation > Fishing > Fishing Tackle > Fishing Baits & Lures,Streamer,"Streamer, Steelhead, Brown trout, swing-spey, leech, sculpin, evidence-A, collection:two-hearted-first-batch, river:two-hearted",TRUE,Size,#2,Color,Pink and chartreuse head over natural body,grapefruit-head-leech-s2-pink-and-chartreuse-head-over-natural-b,2,shopify,0,continue,manual,6.50,TRUE,TRUE,Feenstra's Grapefruit Head Leech · hand-tied for Michigan rivers,"A bright pink and chartreuse head over a leech body on a #2 to #4 3XL streamer hook, 'one of the most reliable Midwest swung fly patterns' and exceptional in cold winter water when steelhead are lethargic. Swing it slow and deep on a Skagit head and sink tip from November through the spring on the M",draft
grapefruit-head-leech,,,,,,,,,#4,,Pink and chartreuse head over natural body,grapefruit-head-leech-s4-pink-and-chartreuse-head-over-natural-b,2,shopify,0,continue,manual,6.50,TRUE,TRUE,,,
halloween-leech,Feenstra's Halloween Leech,"<p>Black marabou and schlappen over peacock and orange Ice Dub with pink and copper Flashabou, on a 25 mm Senyo shank with a trailer or a Daiichi 2461. Originating on the Muskegon, it is 'great through fall' when steelhead have switched from lake alewife to river shiners and respond to flash. Swing it from October through December.</p><p><strong>Fish it for:</strong> Steelhead, Brown trout, Coho salmon, Chinook salmon</p><p><em>Kevin Feenstra, Muskegon River</em></p><p>Hand-tied in Michigan for Michigan rivers. See when and where to fish it at michiganflies.com/flies/halloween-leech.</p>",Michigan Flies,Sporting Goods > Outdoor Recreation > Fishing > Fishing Tackle > Fishing Baits & Lures,Streamer,"Streamer, Steelhead, Brown trout, Coho salmon, Chinook salmon, swing-spey, leech, emerald-shiner, evidence-A, collection:two-hearted-first-batch, river:two-hearted",TRUE,Size,#2,Color,Black and orange with peacock and pink/copper flash,halloween-leech-s2-black-and-orange-with-peacock-and-pink-copper,2,shopify,0,continue,manual,6.50,TRUE,TRUE,Feenstra's Halloween Leech · hand-tied for Michigan rivers,"Black marabou and schlappen over peacock and orange Ice Dub with pink and copper Flashabou, on a 25 mm Senyo shank with a trailer or a Daiichi 2461. Originating on the Muskegon, it is 'great through fall' when steelhead have switched from lake alewife to river shiners and respond to flash. Swing it ",draft
halloween-leech,,,,,,,,,#4,,Black and orange with peacock and pink/copper flash,halloween-leech-s4-black-and-orange-with-peacock-and-pink-copper,2,shopify,0,continue,manual,6.50,TRUE,TRUE,,,
little-rascal,Little Rascal,"<p>The smallest of Hawkins' three named streamers, a ginger fly that reads as a small sculpin or crayfish. Its size makes it the summer and low-water choice on the Boardman and Upper Manistee, following Galloup's 'when in doubt, go small' rule.</p><p><strong>Fish it for:</strong> Brown trout, Rainbow trout (resident), Brook trout</p><p><em>Chuck Hawkins, Hawkins Outfitters, Traverse City</em></p><p>Hand-tied in Michigan for Michigan rivers. See when and where to fish it at michiganflies.com/flies/little-rascal.</p>",Michigan Flies,Sporting Goods > Outdoor Recreation > Fishing > Fishing Tackle > Fishing Baits & Lures,Streamer,"Streamer, Brown trout, Rainbow trout (resident), Brook trout, streamer, sculpin, crayfish, dace, evidence-A, collection:two-hearted-first-batch, river:two-hearted",TRUE,Size,#4,Color,Ginger,little-rascal-s4-ginger,2,shopify,0,continue,manual,6.50,TRUE,TRUE,Little Rascal · hand-tied for Michigan rivers,"The smallest of Hawkins' three named streamers, a ginger fly that reads as a small sculpin or crayfish. Its size makes it the summer and low-water choice on the Boardman and Upper Manistee, following Galloup's 'when in doubt, go small' rule.",draft
little-rascal,,,,,,,,,#6,,Ginger,little-rascal-s6-ginger,2,shopify,0,continue,manual,6.50,TRUE,TRUE,,,
muddler-minnow,Muddler Minnow,"<p>The deer-hair-head sculpin archetype that every Michigan articulated streamer descends from. Slimy and mottled sculpins are the most available forage in Michigan trout streams (about 90 percent of prey in the Anna River), so a #4 to #8 Muddler fished dead-drift and stripped along the bottom works year-round; small Muddlers #8 to #12 serve brook trout, and a weighted #8 takes pink salmon.</p><p><strong>Fish it for:</strong> Brown trout, Brook trout, Rainbow trout (resident), Pink salmon, Steelhead</p><p>Hand-tied in Michigan for Michigan rivers. See when and where to fish it at michiganflies.com/flies/muddler-minnow.</p>",Michigan Flies,Sporting Goods > Outdoor Recreation > Fishing > Fishing Tackle > Fishing Baits & Lures,Streamer,"Streamer, Brown trout, Brook trout, Rainbow trout (resident), Pink salmon, Steelhead, streamer, swing-spey, sculpin, dace, grasshopper, evidence-A, collection:two-hearted-first-batch, river:two-hearted",TRUE,Size,#2,Color,Natural,muddler-minnow-s2-natural,2,shopify,0,continue,manual,6.50,TRUE,TRUE,Muddler Minnow · hand-tied for Michigan rivers,"The deer-hair-head sculpin archetype that every Michigan articulated streamer descends from. Slimy and mottled sculpins are the most available forage in Michigan trout streams (about 90 percent of prey in the Anna River), so a #4 to #8 Muddler fished dead-drift and stripped along the bottom works ye",draft
muddler-minnow,,,,,,,,,#2,,Black,muddler-minnow-s2-black,2,shopify,0,continue,manual,6.50,TRUE,TRUE,,,
muddler-minnow,,,,,,,,,#2,,White,muddler-minnow-s2-white,2,shopify,0,continue,manual,6.50,TRUE,TRUE,,,
muddler-minnow,,,,,,,,,#2,,Marabou Muddler,muddler-minnow-s2-marabou-muddler,2,shopify,0,continue,manual,6.50,TRUE,TRUE,,,
muddler-minnow,,,,,,,,,#4,,Natural,muddler-minnow-s4-natural,2,shopify,0,continue,manual,6.50,TRUE,TRUE,,,
muddler-minnow,,,,,,,,,#4,,Black,muddler-minnow-s4-black,2,shopify,0,continue,manual,6.50,TRUE,TRUE,,,
muddler-minnow,,,,,,,,,#4,,White,muddler-minnow-s4-white,2,shopify,0,continue,manual,6.50,TRUE,TRUE,,,
muddler-minnow,,,,,,,,,#4,,Marabou Muddler,muddler-minnow-s4-marabou-muddler,2,shopify,0,continue,manual,6.50,TRUE,TRUE,,,
muddler-minnow,,,,,,,,,#6,,Natural,muddler-minnow-s6-natural,2,shopify,0,continue,manual,6.50,TRUE,TRUE,,,
muddler-minnow,,,,,,,,,#6,,Black,muddler-minnow-s6-black,2,shopify,0,continue,manual,6.50,TRUE,TRUE,,,
muddler-minnow,,,,,,,,,#6,,White,muddler-minnow-s6-white,2,shopify,0,continue,manual,6.50,TRUE,TRUE,,,
muddler-minnow,,,,,,,,,#6,,Marabou Muddler,muddler-minnow-s6-marabou-muddler,2,shopify,0,continue,manual,6.50,TRUE,TRUE,,,
muddler-minnow,,,,,,,,,#8,,Natural,muddler-minnow-s8-natural,2,shopify,0,continue,manual,6.50,TRUE,TRUE,,,
muddler-minnow,,,,,,,,,#8,,Black,muddler-minnow-s8-black,2,shopify,0,continue,manual,6.50,TRUE,TRUE,,,
muddler-minnow,,,,,,,,,#8,,White,muddler-minnow-s8-white,2,shopify,0,continue,manual,6.50,TRUE,TRUE,,,
muddler-minnow,,,,,,,,,#8,,Marabou Muddler,muddler-minnow-s8-marabou-muddler,2,shopify,0,continue,manual,6.50,TRUE,TRUE,,,
muddler-minnow,,,,,,,,,#10,,Natural,muddler-minnow-s10-natural,2,shopify,0,continue,manual,6.50,TRUE,TRUE,,,
muddler-minnow,,,,,,,,,#10,,Black,muddler-minnow-s10-black,2,shopify,0,continue,manual,6.50,TRUE,TRUE,,,
muddler-minnow,,,,,,,,,#10,,White,muddler-minnow-s10-white,2,shopify,0,continue,manual,6.50,TRUE,TRUE,,,
muddler-minnow,,,,,,,,,#10,,Marabou Muddler,muddler-minnow-s10-marabou-muddler,2,shopify,0,continue,manual,6.50,TRUE,TRUE,,,
muddler-minnow,,,,,,,,,#12,,Natural,muddler-minnow-s12-natural,2,shopify,0,continue,manual,6.50,TRUE,TRUE,,,
muddler-minnow,,,,,,,,,#12,,Black,muddler-minnow-s12-black,2,shopify,0,continue,manual,6.50,TRUE,TRUE,,,
muddler-minnow,,,,,,,,,#12,,White,muddler-minnow-s12-white,2,shopify,0,continue,manual,6.50,TRUE,TRUE,,,
muddler-minnow,,,,,,,,,#12,,Marabou Muddler,muddler-minnow-s12-marabou-muddler,2,shopify,0,continue,manual,6.50,TRUE,TRUE,,,
chinook-fry-streamer,Salmon Fry Streamer,"<p>Betts reports large trout and steelhead 'feeding heavily on Chinook salmon fry along the shoreline' of the Muskegon from March into June, when salmon fry, steelhead fry and sucker fry are the bulk of the trout diet. Feenstra adds that sucker fry have a purplish hue, so lavender and pink tones work. Strip or swing a #8 to #12 fry along shallow edges.</p><p><strong>Fish it for:</strong> Steelhead, Brown trout, Rainbow trout (resident)</p><p>Hand-tied in Michigan for Michigan rivers. See when and where to fish it at michiganflies.com/flies/chinook-fry-streamer.</p>",Michigan Flies,Sporting Goods > Outdoor Recreation > Fishing > Fishing Tackle > Fishing Baits & Lures,Streamer,"Streamer, Steelhead, Brown trout, Rainbow trout (resident), streamer, nymph-indicator, swing-spey, salmon-fry, salmonid-parr, evidence-A, collection:two-hearted-first-batch, river:two-hearted",TRUE,Size,#8,Color,Silver/olive,chinook-fry-streamer-s8-silver-olive,2,shopify,0,continue,manual,6.50,TRUE,TRUE,Salmon Fry Streamer · hand-tied for Michigan rivers,"Betts reports large trout and steelhead 'feeding heavily on Chinook salmon fry along the shoreline' of the Muskegon from March into June, when salmon fry, steelhead fry and sucker fry are the bulk of the trout diet. Feenstra adds that sucker fry have a purplish hue, so lavender and pink tones work. ",draft
chinook-fry-streamer,,,,,,,,,#8,,Lavender/pink (sucker fry),chinook-fry-streamer-s8-lavender-pink-sucker-fry,2,shopify,0,continue,manual,6.50,TRUE,TRUE,,,
chinook-fry-streamer,,,,,,,,,#10,,Silver/olive,chinook-fry-streamer-s10-silver-olive,2,shopify,0,continue,manual,6.50,TRUE,TRUE,,,
chinook-fry-streamer,,,,,,,,,#10,,Lavender/pink (sucker fry),chinook-fry-streamer-s10-lavender-pink-sucker-fry,2,shopify,0,continue,manual,6.50,TRUE,TRUE,,,
chinook-fry-streamer,,,,,,,,,#12,,Silver/olive,chinook-fry-streamer-s12-silver-olive,2,shopify,0,continue,manual,6.50,TRUE,TRUE,,,
chinook-fry-streamer,,,,,,,,,#12,,Lavender/pink (sucker fry),chinook-fry-streamer-s12-lavender-pink-sucker-fry,2,shopify,0,continue,manual,6.50,TRUE,TRUE,,,
sex-dungeon,Sex Dungeon,"<p>Galloup's heavy-headed articulated streamer: natural 'mimics everything from sculpins to juvenile trout and chub minnows' and is the go-to in clear or pressured water, olive suits clear to slightly stained flows, and Crawdad Orange is for off-color or stained water. Fish four to six inch versions with a heavy tip in spring runoff and again in October and November; MeatEater lists it for average fall flows.</p><p><strong>Fish it for:</strong> Brown trout, Rainbow trout (resident), Steelhead</p><p><em>Kelly Galloup</em></p><p>Hand-tied in Michigan for Michigan rivers. See when and where to fish it at michiganflies.com/flies/sex-dungeon.</p>",Michigan Flies,Sporting Goods > Outdoor Recreation > Fishing > Fishing Tackle > Fishing Baits & Lures,Streamer,"Streamer, Brown trout, Rainbow trout (resident), Steelhead, streamer, sculpin, salmonid-parr, dace, crayfish, evidence-A, collection:two-hearted-first-batch, river:two-hearted",TRUE,Size,#2,Color,Natural,sex-dungeon-s2-natural,2,shopify,0,continue,manual,9.50,TRUE,TRUE,Sex Dungeon · hand-tied for Michigan rivers,"Galloup's heavy-headed articulated streamer: natural 'mimics everything from sculpins to juvenile trout and chub minnows' and is the go-to in clear or pressured water, olive suits clear to slightly stained flows, and Crawdad Orange is for off-color or stained water. Fish four to six inch versions wi",draft
sex-dungeon,,,,,,,,,#2,,Olive,sex-dungeon-s2-olive,2,shopify,0,continue,manual,9.50,TRUE,TRUE,,,
sex-dungeon,,,,,,,,,#2,,Black,sex-dungeon-s2-black,2,shopify,0,continue,manual,9.50,TRUE,TRUE,,,
sex-dungeon,,,,,,,,,#2,,White,sex-dungeon-s2-white,2,shopify,0,continue,manual,9.50,TRUE,TRUE,,,
sex-dungeon,,,,,,,,,#2,,Yellow,sex-dungeon-s2-yellow,2,shopify,0,continue,manual,9.50,TRUE,TRUE,,,
sex-dungeon,,,,,,,,,#2,,Crawdad Orange,sex-dungeon-s2-crawdad-orange,2,shopify,0,continue,manual,9.50,TRUE,TRUE,,,
sex-dungeon,,,,,,,,,#4,,Natural,sex-dungeon-s4-natural,2,shopify,0,continue,manual,9.50,TRUE,TRUE,,,
sex-dungeon,,,,,,,,,#4,,Olive,sex-dungeon-s4-olive,2,shopify,0,continue,manual,9.50,TRUE,TRUE,,,
sex-dungeon,,,,,,,,,#4,,Black,sex-dungeon-s4-black,2,shopify,0,continue,manual,9.50,TRUE,TRUE,,,
sex-dungeon,,,,,,,,,#4,,White,sex-dungeon-s4-white,2,shopify,0,continue,manual,9.50,TRUE,TRUE,,,
sex-dungeon,,,,,,,,,#4,,Yellow,sex-dungeon-s4-yellow,2,shopify,0,continue,manual,9.50,TRUE,TRUE,,,
sex-dungeon,,,,,,,,,#4,,Crawdad Orange,sex-dungeon-s4-crawdad-orange,2,shopify,0,continue,manual,9.50,TRUE,TRUE,,,
sex-dungeon,,,,,,,,,#6,,Natural,sex-dungeon-s6-natural,2,shopify,0,continue,manual,9.50,TRUE,TRUE,,,
sex-dungeon,,,,,,,,,#6,,Olive,sex-dungeon-s6-olive,2,shopify,0,continue,manual,9.50,TRUE,TRUE,,,
sex-dungeon,,,,,,,,,#6,,Black,sex-dungeon-s6-black,2,shopify,0,continue,manual,9.50,TRUE,TRUE,,,
sex-dungeon,,,,,,,,,#6,,White,sex-dungeon-s6-white,2,shopify,0,continue,manual,9.50,TRUE,TRUE,,,
sex-dungeon,,,,,,,,,#6,,Yellow,sex-dungeon-s6-yellow,2,shopify,0,continue,manual,9.50,TRUE,TRUE,,,
sex-dungeon,,,,,,,,,#6,,Crawdad Orange,sex-dungeon-s6-crawdad-orange,2,shopify,0,continue,manual,9.50,TRUE,TRUE,,,
steelhead-bugger,Steelhead Bugger,"<p>Current Works' Steelhead Bugger #6 sits in its Michigan top five, and U.P. guides run a beadhead Woolly Bugger #8 in black or green in the nymph rig. Dead-drift it as the point fly with an egg trailing, or swing it through tailouts; it covers leeches, sculpins and crayfish at once.</p><p><strong>Fish it for:</strong> Steelhead, Brown trout, Chinook salmon, Coho salmon</p><p>Hand-tied in Michigan for Michigan rivers. See when and where to fish it at michiganflies.com/flies/steelhead-bugger.</p>",Michigan Flies,Sporting Goods > Outdoor Recreation > Fishing > Fishing Tackle > Fishing Baits & Lures,Streamer,"Streamer, Steelhead, Brown trout, Chinook salmon, Coho salmon, nymph-indicator, chuck-and-duck, swing-spey, leech, sculpin, crayfish, evidence-A, collection:two-hearted-first-batch, river:two-hearted",TRUE,Size,#4,Color,Black,steelhead-bugger-s4-black,2,shopify,0,continue,manual,6.50,TRUE,TRUE,Steelhead Bugger · hand-tied for Michigan rivers,"Current Works' Steelhead Bugger #6 sits in its Michigan top five, and U.P. guides run a beadhead Woolly Bugger #8 in black or green in the nymph rig. Dead-drift it as the point fly with an egg trailing, or swing it through tailouts; it covers leeches, sculpins and crayfish at once.",draft
steelhead-bugger,,,,,,,,,#4,,Olive,steelhead-bugger-s4-olive,2,shopify,0,continue,manual,6.50,TRUE,TRUE,,,
steelhead-bugger,,,,,,,,,#4,,Brown,steelhead-bugger-s4-brown,2,shopify,0,continue,manual,6.50,TRUE,TRUE,,,
steelhead-bugger,,,,,,,,,#4,,Black/green,steelhead-bugger-s4-black-green,2,shopify,0,continue,manual,6.50,TRUE,TRUE,,,
steelhead-bugger,,,,,,,,,#6,,Black,steelhead-bugger-s6-black,2,shopify,0,continue,manual,6.50,TRUE,TRUE,,,
steelhead-bugger,,,,,,,,,#6,,Olive,steelhead-bugger-s6-olive,2,shopify,0,continue,manual,6.50,TRUE,TRUE,,,
steelhead-bugger,,,,,,,,,#6,,Brown,steelhead-bugger-s6-brown,2,shopify,0,continue,manual,6.50,TRUE,TRUE,,,
steelhead-bugger,,,,,,,,,#6,,Black/green,steelhead-bugger-s6-black-green,2,shopify,0,continue,manual,6.50,TRUE,TRUE,,,
steelhead-bugger,,,,,,,,,#8,,Black,steelhead-bugger-s8-black,2,shopify,0,continue,manual,6.50,TRUE,TRUE,,,
steelhead-bugger,,,,,,,,,#8,,Olive,steelhead-bugger-s8-olive,2,shopify,0,continue,manual,6.50,TRUE,TRUE,,,
steelhead-bugger,,,,,,,,,#8,,Brown,steelhead-bugger-s8-brown,2,shopify,0,continue,manual,6.50,TRUE,TRUE,,,
steelhead-bugger,,,,,,,,,#8,,Black/green,steelhead-bugger-s8-black-green,2,shopify,0,continue,manual,6.50,TRUE,TRUE,,,
woolly-bugger,Woolly Bugger,"<p>The most-cited Michigan salmon fly: black, olive and purple buggers for Chinook and coho, 'essential' on the Pere Marquette, swung or dead-drifted into staged fish from September through October, especially in off-color water. A #8 beadhead in black, olive or pink is the standard pink salmon fly on the St. Marys and Carp in September, and #8 to #12 buggers serve brook trout and small browns all season. Downsize and slow down for trout, upsize and add a hot head for salmon.</p><p><strong>Fish it for:</strong> Chinook salmon, Coho salmon, Pink salmon, Steelhead, Brown trout, Rainbow trout (resident), Brook trout, Atlantic salmon</p><p>Hand-tied in Michigan for Michigan rivers. See when and where to fish it at michiganflies.com/flies/woolly-bugger.</p>",Michigan Flies,Sporting Goods > Outdoor Recreation > Fishing > Fishing Tackle > Fishing Baits & Lures,Streamer,"Streamer, Chinook salmon, Coho salmon, Pink salmon, Steelhead, Brown trout, Rainbow trout (resident), Brook trout, Atlantic salmon, streamer, swing-spey, nymph-indicator, chuck-and-duck, leech, sculpin, crayfish, dace, evidence-A, collection:two-hearted-first-batch, river:two-hearted",TRUE,Size,#2,Color,Black,woolly-bugger-s2-black,2,shopify,0,continue,manual,6.50,TRUE,TRUE,Woolly Bugger · hand-tied for Michigan rivers,"The most-cited Michigan salmon fly: black, olive and purple buggers for Chinook and coho, 'essential' on the Pere Marquette, swung or dead-drifted into staged fish from September through October, especially in off-color water. A #8 beadhead in black, olive or pink is the standard pink salmon fly on ",draft
woolly-bugger,,,,,,,,,#2,,Olive,woolly-bugger-s2-olive,2,shopify,0,continue,manual,6.50,TRUE,TRUE,,,
woolly-bugger,,,,,,,,,#2,,Purple,woolly-bugger-s2-purple,2,shopify,0,continue,manual,6.50,TRUE,TRUE,,,
woolly-bugger,,,,,,,,,#2,,Chartreuse,woolly-bugger-s2-chartreuse,2,shopify,0,continue,manual,6.50,TRUE,TRUE,,,
woolly-bugger,,,,,,,,,#2,,White,woolly-bugger-s2-white,2,shopify,0,continue,manual,6.50,TRUE,TRUE,,,
woolly-bugger,,,,,,,,,#2,,Brown/rust,woolly-bugger-s2-brown-rust,2,shopify,0,continue,manual,6.50,TRUE,TRUE,,,
woolly-bugger,,,,,,,,,#2,,Pink (pink salmon),woolly-bugger-s2-pink-pink-salmon,2,shopify,0,continue,manual,6.50,TRUE,TRUE,,,
woolly-bugger,,,,,,,,,#2,,Chartreuse UV Polar Chenille with black schlappen (PM salmon),woolly-bugger-s2-chartreuse-uv-polar-chenille-with-black-schlapp,2,shopify,0,continue,manual,6.50,TRUE,TRUE,,,
woolly-bugger,,,,,,,,,#4,,Black,woolly-bugger-s4-black,2,shopify,0,continue,manual,6.50,TRUE,TRUE,,,
woolly-bugger,,,,,,,,,#4,,Olive,woolly-bugger-s4-olive,2,shopify,0,continue,manual,6.50,TRUE,TRUE,,,
woolly-bugger,,,,,,,,,#4,,Purple,woolly-bugger-s4-purple,2,shopify,0,continue,manual,6.50,TRUE,TRUE,,,
woolly-bugger,,,,,,,,,#4,,Chartreuse,woolly-bugger-s4-chartreuse,2,shopify,0,continue,manual,6.50,TRUE,TRUE,,,
woolly-bugger,,,,,,,,,#4,,White,woolly-bugger-s4-white,2,shopify,0,continue,manual,6.50,TRUE,TRUE,,,
woolly-bugger,,,,,,,,,#4,,Brown/rust,woolly-bugger-s4-brown-rust,2,shopify,0,continue,manual,6.50,TRUE,TRUE,,,
woolly-bugger,,,,,,,,,#4,,Pink (pink salmon),woolly-bugger-s4-pink-pink-salmon,2,shopify,0,continue,manual,6.50,TRUE,TRUE,,,
woolly-bugger,,,,,,,,,#4,,Chartreuse UV Polar Chenille with black schlappen (PM salmon),woolly-bugger-s4-chartreuse-uv-polar-chenille-with-black-schlapp,2,shopify,0,continue,manual,6.50,TRUE,TRUE,,,
woolly-bugger,,,,,,,,,#6,,Black,woolly-bugger-s6-black,2,shopify,0,continue,manual,6.50,TRUE,TRUE,,,
woolly-bugger,,,,,,,,,#6,,Olive,woolly-bugger-s6-olive,2,shopify,0,continue,manual,6.50,TRUE,TRUE,,,
woolly-bugger,,,,,,,,,#6,,Purple,woolly-bugger-s6-purple,2,shopify,0,continue,manual,6.50,TRUE,TRUE,,,
woolly-bugger,,,,,,,,,#6,,Chartreuse,woolly-bugger-s6-chartreuse,2,shopify,0,continue,manual,6.50,TRUE,TRUE,,,
woolly-bugger,,,,,,,,,#6,,White,woolly-bugger-s6-white,2,shopify,0,continue,manual,6.50,TRUE,TRUE,,,
woolly-bugger,,,,,,,,,#6,,Brown/rust,woolly-bugger-s6-brown-rust,2,shopify,0,continue,manual,6.50,TRUE,TRUE,,,
woolly-bugger,,,,,,,,,#6,,Pink (pink salmon),woolly-bugger-s6-pink-pink-salmon,2,shopify,0,continue,manual,6.50,TRUE,TRUE,,,
woolly-bugger,,,,,,,,,#6,,Chartreuse UV Polar Chenille with black schlappen (PM salmon),woolly-bugger-s6-chartreuse-uv-polar-chenille-with-black-schlapp,2,shopify,0,continue,manual,6.50,TRUE,TRUE,,,
woolly-bugger,,,,,,,,,#8,,Black,woolly-bugger-s8-black,2,shopify,0,continue,manual,6.50,TRUE,TRUE,,,
woolly-bugger,,,,,,,,,#8,,Olive,woolly-bugger-s8-olive,2,shopify,0,continue,manual,6.50,TRUE,TRUE,,,
woolly-bugger,,,,,,,,,#8,,Purple,woolly-bugger-s8-purple,2,shopify,0,continue,manual,6.50,TRUE,TRUE,,,
woolly-bugger,,,,,,,,,#8,,Chartreuse,woolly-bugger-s8-chartreuse,2,shopify,0,continue,manual,6.50,TRUE,TRUE,,,
woolly-bugger,,,,,,,,,#8,,White,woolly-bugger-s8-white,2,shopify,0,continue,manual,6.50,TRUE,TRUE,,,
woolly-bugger,,,,,,,,,#8,,Brown/rust,woolly-bugger-s8-brown-rust,2,shopify,0,continue,manual,6.50,TRUE,TRUE,,,
woolly-bugger,,,,,,,,,#8,,Pink (pink salmon),woolly-bugger-s8-pink-pink-salmon,2,shopify,0,continue,manual,6.50,TRUE,TRUE,,,
woolly-bugger,,,,,,,,,#8,,Chartreuse UV Polar Chenille with black schlappen (PM salmon),woolly-bugger-s8-chartreuse-uv-polar-chenille-with-black-schlapp,2,shopify,0,continue,manual,6.50,TRUE,TRUE,,,
woolly-bugger,,,,,,,,,#10,,Black,woolly-bugger-s10-black,2,shopify,0,continue,manual,6.50,TRUE,TRUE,,,
woolly-bugger,,,,,,,,,#10,,Olive,woolly-bugger-s10-olive,2,shopify,0,continue,manual,6.50,TRUE,TRUE,,,
woolly-bugger,,,,,,,,,#10,,Purple,woolly-bugger-s10-purple,2,shopify,0,continue,manual,6.50,TRUE,TRUE,,,
woolly-bugger,,,,,,,,,#10,,Chartreuse,woolly-bugger-s10-chartreuse,2,shopify,0,continue,manual,6.50,TRUE,TRUE,,,
woolly-bugger,,,,,,,,,#10,,White,woolly-bugger-s10-white,2,shopify,0,continue,manual,6.50,TRUE,TRUE,,,
woolly-bugger,,,,,,,,,#10,,Brown/rust,woolly-bugger-s10-brown-rust,2,shopify,0,continue,manual,6.50,TRUE,TRUE,,,
woolly-bugger,,,,,,,,,#10,,Pink (pink salmon),woolly-bugger-s10-pink-pink-salmon,2,shopify,0,continue,manual,6.50,TRUE,TRUE,,,
woolly-bugger,,,,,,,,,#10,,Chartreuse UV Polar Chenille with black schlappen (PM salmon),woolly-bugger-s10-chartreuse-uv-polar-chenille-with-black-schlap,2,shopify,0,continue,manual,6.50,TRUE,TRUE,,,
woolly-bugger,,,,,,,,,#12,,Black,woolly-bugger-s12-black,2,shopify,0,continue,manual,6.50,TRUE,TRUE,,,
woolly-bugger,,,,,,,,,#12,,Olive,woolly-bugger-s12-olive,2,shopify,0,continue,manual,6.50,TRUE,TRUE,,,
woolly-bugger,,,,,,,,,#12,,Purple,woolly-bugger-s12-purple,2,shopify,0,continue,manual,6.50,TRUE,TRUE,,,
woolly-bugger,,,,,,,,,#12,,Chartreuse,woolly-bugger-s12-chartreuse,2,shopify,0,continue,manual,6.50,TRUE,TRUE,,,
woolly-bugger,,,,,,,,,#12,,White,woolly-bugger-s12-white,2,shopify,0,continue,manual,6.50,TRUE,TRUE,,,
woolly-bugger,,,,,,,,,#12,,Brown/rust,woolly-bugger-s12-brown-rust,2,shopify,0,continue,manual,6.50,TRUE,TRUE,,,
woolly-bugger,,,,,,,,,#12,,Pink (pink salmon),woolly-bugger-s12-pink-pink-salmon,2,shopify,0,continue,manual,6.50,TRUE,TRUE,,,
woolly-bugger,,,,,,,,,#12,,Chartreuse UV Polar Chenille with black schlappen (PM salmon),woolly-bugger-s12-chartreuse-uv-polar-chenille-with-black-schlap,2,shopify,0,continue,manual,6.50,TRUE,TRUE,,,
zoo-cougar,Zoo Cougar,"<p>Developed by Kelly Galloup in the mid 1990s for the Manistee, a neutrally buoyant deer-hair sculpin that dives and darts on a sink tip. The original is a mellow sulphur yellow; Galloup's rotation runs white, black, tan, olive, yellow and chartreuse, with light colors on bright days, olive or gray under clouds and tan when the river 'turns yellow' in late afternoon. Fish #2 to #4 hardest in April and May and late September through November, and #6 through summer at dawn and dusk.</p><p><strong>Fish it for:</strong> Brown trout, Rainbow trout (resident), Brook trout, Steelhead</p><p><em>Kelly Galloup, Manistee River (Troutsman fly shop), mid-1990s</em></p><p>Hand-tied in Michigan for Michigan rivers. See when and where to fish it at michiganflies.com/flies/zoo-cougar.</p>",Michigan Flies,Sporting Goods > Outdoor Recreation > Fishing > Fishing Tackle > Fishing Baits & Lures,Streamer,"Streamer, Brown trout, Rainbow trout (resident), Brook trout, Steelhead, streamer, sculpin, salmonid-parr, dace, evidence-A, collection:two-hearted-first-batch, river:two-hearted",TRUE,Size,#1,Color,Yellow (original),zoo-cougar-s1-yellow-original,2,shopify,0,continue,manual,9.50,TRUE,TRUE,Zoo Cougar · hand-tied for Michigan rivers,"Developed by Kelly Galloup in the mid 1990s for the Manistee, a neutrally buoyant deer-hair sculpin that dives and darts on a sink tip. The original is a mellow sulphur yellow; Galloup's rotation runs white, black, tan, olive, yellow and chartreuse, with light colors on bright days, olive or gray un",draft
zoo-cougar,,,,,,,,,#1,,White,zoo-cougar-s1-white,2,shopify,0,continue,manual,9.50,TRUE,TRUE,,,
zoo-cougar,,,,,,,,,#1,,Black,zoo-cougar-s1-black,2,shopify,0,continue,manual,9.50,TRUE,TRUE,,,
zoo-cougar,,,,,,,,,#1,,Olive,zoo-cougar-s1-olive,2,shopify,0,continue,manual,9.50,TRUE,TRUE,,,
zoo-cougar,,,,,,,,,#1,,Tan,zoo-cougar-s1-tan,2,shopify,0,continue,manual,9.50,TRUE,TRUE,,,
zoo-cougar,,,,,,,,,#1,,Gray,zoo-cougar-s1-gray,2,shopify,0,continue,manual,9.50,TRUE,TRUE,,,
zoo-cougar,,,,,,,,,#1,,Golden brown,zoo-cougar-s1-golden-brown,2,shopify,0,continue,manual,9.50,TRUE,TRUE,,,
zoo-cougar,,,,,,,,,#2,,Yellow (original),zoo-cougar-s2-yellow-original,2,shopify,0,continue,manual,9.50,TRUE,TRUE,,,
zoo-cougar,,,,,,,,,#2,,White,zoo-cougar-s2-white,2,shopify,0,continue,manual,9.50,TRUE,TRUE,,,
zoo-cougar,,,,,,,,,#2,,Black,zoo-cougar-s2-black,2,shopify,0,continue,manual,9.50,TRUE,TRUE,,,
zoo-cougar,,,,,,,,,#2,,Olive,zoo-cougar-s2-olive,2,shopify,0,continue,manual,9.50,TRUE,TRUE,,,
zoo-cougar,,,,,,,,,#2,,Tan,zoo-cougar-s2-tan,2,shopify,0,continue,manual,9.50,TRUE,TRUE,,,
zoo-cougar,,,,,,,,,#2,,Gray,zoo-cougar-s2-gray,2,shopify,0,continue,manual,9.50,TRUE,TRUE,,,
zoo-cougar,,,,,,,,,#2,,Golden brown,zoo-cougar-s2-golden-brown,2,shopify,0,continue,manual,9.50,TRUE,TRUE,,,
zoo-cougar,,,,,,,,,#4,,Yellow (original),zoo-cougar-s4-yellow-original,2,shopify,0,continue,manual,9.50,TRUE,TRUE,,,
zoo-cougar,,,,,,,,,#4,,White,zoo-cougar-s4-white,2,shopify,0,continue,manual,9.50,TRUE,TRUE,,,
zoo-cougar,,,,,,,,,#4,,Black,zoo-cougar-s4-black,2,shopify,0,continue,manual,9.50,TRUE,TRUE,,,
zoo-cougar,,,,,,,,,#4,,Olive,zoo-cougar-s4-olive,2,shopify,0,continue,manual,9.50,TRUE,TRUE,,,
zoo-cougar,,,,,,,,,#4,,Tan,zoo-cougar-s4-tan,2,shopify,0,continue,manual,9.50,TRUE,TRUE,,,
zoo-cougar,,,,,,,,,#4,,Gray,zoo-cougar-s4-gray,2,shopify,0,continue,manual,9.50,TRUE,TRUE,,,
zoo-cougar,,,,,,,,,#4,,Golden brown,zoo-cougar-s4-golden-brown,2,shopify,0,continue,manual,9.50,TRUE,TRUE,,,
zoo-cougar,,,,,,,,,#6,,Yellow (original),zoo-cougar-s6-yellow-original,2,shopify,0,continue,manual,9.50,TRUE,TRUE,,,
zoo-cougar,,,,,,,,,#6,,White,zoo-cougar-s6-white,2,shopify,0,continue,manual,9.50,TRUE,TRUE,,,
zoo-cougar,,,,,,,,,#6,,Black,zoo-cougar-s6-black,2,shopify,0,continue,manual,9.50,TRUE,TRUE,,,
zoo-cougar,,,,,,,,,#6,,Olive,zoo-cougar-s6-olive,2,shopify,0,continue,manual,9.50,TRUE,TRUE,,,
zoo-cougar,,,,,,,,,#6,,Tan,zoo-cougar-s6-tan,2,shopify,0,continue,manual,9.50,TRUE,TRUE,,,
zoo-cougar,,,,,,,,,#6,,Gray,zoo-cougar-s6-gray,2,shopify,0,continue,manual,9.50,TRUE,TRUE,,,
zoo-cougar,,,,,,,,,#6,,Golden brown,zoo-cougar-s6-golden-brown,2,shopify,0,continue,manual,9.50,TRUE,TRUE,,,
flying-ant,Flying Ant,"<p>Brown flying ants #16 to #22 fall on the Muskegon from mid August to mid September on hot afternoons, and RiverReports notes black and cinnamon flying ants on the Au Sable during late-summer mating flights. Trout key on them hard; carry winged ants on 6X for the two-week window.</p><p><strong>Fish it for:</strong> Brown trout, Brook trout, Rainbow trout (resident)</p><p>Hand-tied in Michigan for Michigan rivers. See when and where to fish it at michiganflies.com/flies/flying-ant.</p>",Michigan Flies,Sporting Goods > Outdoor Recreation > Fishing > Fishing Tackle > Fishing Baits & Lures,Terrestrial,"Terrestrial, Brown trout, Brook trout, Rainbow trout (resident), dry-fly, ant, evidence-A, collection:two-hearted-first-batch, river:two-hearted",TRUE,Size,#14,Color,Black,flying-ant-s14-black,2,shopify,0,continue,manual,3.50,TRUE,TRUE,Flying Ant · hand-tied for Michigan rivers,"Brown flying ants #16 to #22 fall on the Muskegon from mid August to mid September on hot afternoons, and RiverReports notes black and cinnamon flying ants on the Au Sable during late-summer mating flights. Trout key on them hard; carry winged ants on 6X for the two-week window.",draft
flying-ant,,,,,,,,,#14,,Cinnamon/brown,flying-ant-s14-cinnamon-brown,2,shopify,0,continue,manual,3.50,TRUE,TRUE,,,
flying-ant,,,,,,,,,#16,,Black,flying-ant-s16-black,2,shopify,0,continue,manual,3.50,TRUE,TRUE,,,
flying-ant,,,,,,,,,#16,,Cinnamon/brown,flying-ant-s16-cinnamon-brown,2,shopify,0,continue,manual,3.50,TRUE,TRUE,,,
flying-ant,,,,,,,,,#18,,Black,flying-ant-s18-black,2,shopify,0,continue,manual,3.50,TRUE,TRUE,,,
flying-ant,,,,,,,,,#18,,Cinnamon/brown,flying-ant-s18-cinnamon-brown,2,shopify,0,continue,manual,3.50,TRUE,TRUE,,,
flying-ant,,,,,,,,,#20,,Black,flying-ant-s20-black,2,shopify,0,continue,manual,3.50,TRUE,TRUE,,,
flying-ant,,,,,,,,,#20,,Cinnamon/brown,flying-ant-s20-cinnamon-brown,2,shopify,0,continue,manual,3.50,TRUE,TRUE,,,
flying-ant,,,,,,,,,#22,,Black,flying-ant-s22-black,2,shopify,0,continue,manual,3.50,TRUE,TRUE,,,
flying-ant,,,,,,,,,#22,,Cinnamon/brown,flying-ant-s22-cinnamon-brown,2,shopify,0,continue,manual,3.50,TRUE,TRUE,,,
soft-hackle-wet,Soft-Hackle Wet Fly,"<p>Perfect Fly lists wet flies among St. Marys Atlantic salmon patterns, and Atlantics feed on caddis and midges from mid July through August. A swung soft hackle covers emerging caddis pupae and Sulphurs on any Michigan river; swing it down and across in riffles at dusk, or hang it below a dry.</p><p><strong>Imitates:</strong> Tan Caddis, Little Sister Sedge, Sulphur, Grannom, Midge</p><p><strong>Fish it for:</strong> Atlantic salmon, Brown trout, Brook trout, Rainbow trout (resident)</p><p>Hand-tied in Michigan for Michigan rivers. See when and where to fish it at michiganflies.com/flies/soft-hackle-wet.</p>",Michigan Flies,Sporting Goods > Outdoor Recreation > Fishing > Fishing Tackle > Fishing Baits & Lures,Wet fly,"Wet fly, Atlantic salmon, Brown trout, Brook trout, Rainbow trout (resident), swing-spey, dry-fly, nymph-indicator, tan-caddis, little-sister-caddis, sulphur-invaria, grannom, midge, evidence-A, collection:two-hearted-first-batch, river:two-hearted",TRUE,Size,#8,Color,Partridge and orange,soft-hackle-wet-s8-partridge-and-orange,2,shopify,0,continue,manual,2.75,TRUE,TRUE,Soft-Hackle Wet Fly · hand-tied for Michigan rivers,"Perfect Fly lists wet flies among St. Marys Atlantic salmon patterns, and Atlantics feed on caddis and midges from mid July through August. A swung soft hackle covers emerging caddis pupae and Sulphurs on any Michigan river; swing it down and across in riffles at dusk, or hang it below a dry.",draft
soft-hackle-wet,,,,,,,,,#8,,Partridge and green,soft-hackle-wet-s8-partridge-and-green,2,shopify,0,continue,manual,2.75,TRUE,TRUE,,,
soft-hackle-wet,,,,,,,,,#8,,Hare's ear soft hackle,soft-hackle-wet-s8-hare-s-ear-soft-hackle,2,shopify,0,continue,manual,2.75,TRUE,TRUE,,,
soft-hackle-wet,,,,,,,,,#10,,Partridge and orange,soft-hackle-wet-s10-partridge-and-orange,2,shopify,0,continue,manual,2.75,TRUE,TRUE,,,
soft-hackle-wet,,,,,,,,,#10,,Partridge and green,soft-hackle-wet-s10-partridge-and-green,2,shopify,0,continue,manual,2.75,TRUE,TRUE,,,
soft-hackle-wet,,,,,,,,,#10,,Hare's ear soft hackle,soft-hackle-wet-s10-hare-s-ear-soft-hackle,2,shopify,0,continue,manual,2.75,TRUE,TRUE,,,
soft-hackle-wet,,,,,,,,,#12,,Partridge and orange,soft-hackle-wet-s12-partridge-and-orange,2,shopify,0,continue,manual,2.75,TRUE,TRUE,,,
soft-hackle-wet,,,,,,,,,#12,,Partridge and green,soft-hackle-wet-s12-partridge-and-green,2,shopify,0,continue,manual,2.75,TRUE,TRUE,,,
soft-hackle-wet,,,,,,,,,#12,,Hare's ear soft hackle,soft-hackle-wet-s12-hare-s-ear-soft-hackle,2,shopify,0,continue,manual,2.75,TRUE,TRUE,,,
soft-hackle-wet,,,,,,,,,#14,,Partridge and orange,soft-hackle-wet-s14-partridge-and-orange,2,shopify,0,continue,manual,2.75,TRUE,TRUE,,,
soft-hackle-wet,,,,,,,,,#14,,Partridge and green,soft-hackle-wet-s14-partridge-and-green,2,shopify,0,continue,manual,2.75,TRUE,TRUE,,,
soft-hackle-wet,,,,,,,,,#14,,Hare's ear soft hackle,soft-hackle-wet-s14-hare-s-ear-soft-hackle,2,shopify,0,continue,manual,2.75,TRUE,TRUE,,,
soft-hackle-wet,,,,,,,,,#16,,Partridge and orange,soft-hackle-wet-s16-partridge-and-orange,2,shopify,0,continue,manual,2.75,TRUE,TRUE,,,
soft-hackle-wet,,,,,,,,,#16,,Partridge and green,soft-hackle-wet-s16-partridge-and-green,2,shopify,0,continue,manual,2.75,TRUE,TRUE,,,
soft-hackle-wet,,,,,,,,,#16,,Hare's ear soft hackle,soft-hackle-wet-s16-hare-s-ear-soft-hackle,2,shopify,0,continue,manual,2.75,TRUE,TRUE,,,
wet-skunk,Wet Skunk,"<p>A weighted, rubber-legged Michigan classic that Hawkins fishes 'on a floating line near the structure' and says 'can produce at times when nothing else will.' Current Works lists Skunks among its terrestrials. Twitch it along banks and through log jams from late May through September as a cross between a drowned hopper and a small sculpin.</p><p><strong>Fish it for:</strong> Brown trout, Brook trout, Rainbow trout (resident)</p><p><em>Michigan classic</em></p><p>Hand-tied in Michigan for Michigan rivers. See when and where to fish it at michiganflies.com/flies/wet-skunk.</p>",Michigan Flies,Sporting Goods > Outdoor Recreation > Fishing > Fishing Tackle > Fishing Baits & Lures,Wet fly,"Wet fly, Brown trout, Brook trout, Rainbow trout (resident), streamer, nymph-indicator, grasshopper, sculpin, evidence-A, collection:two-hearted-first-batch, river:two-hearted",TRUE,Size,#6,Color,Black and white with rubber legs,wet-skunk-s6-black-and-white-with-rubber-legs,2,shopify,0,continue,manual,2.75,TRUE,TRUE,Wet Skunk · hand-tied for Michigan rivers,"A weighted, rubber-legged Michigan classic that Hawkins fishes 'on a floating line near the structure' and says 'can produce at times when nothing else will.' Current Works lists Skunks among its terrestrials. Twitch it along banks and through log jams from late May through September as a cross betw",draft
wet-skunk,,,,,,,,,#8,,Black and white with rubber legs,wet-skunk-s8-black-and-white-with-rubber-legs,2,shopify,0,continue,manual,2.75,TRUE,TRUE,,,
wet-skunk,,,,,,,,,#10,,Black and white with rubber legs,wet-skunk-s10-black-and-white-with-rubber-legs,2,shopify,0,continue,manual,2.75,TRUE,TRUE,,,
san-juan-worm,San Juan Worm,"<p>A chenille worm for high, off-color water in spring and after fall rains, when earthworms and aquatic worms wash into the drift. The DNR lists worms in brook trout diets but the notes found no Michigan guide naming it; fish it as a heavy point fly with an egg or nymph trailer during March to May runoff, including for steelhead.</p><p><strong>Fish it for:</strong> Brown trout, Rainbow trout (resident), Brook trout, Steelhead</p><p>Hand-tied in Michigan for Michigan rivers. See when and where to fish it at michiganflies.com/flies/san-juan-worm.</p>",Michigan Flies,Sporting Goods > Outdoor Recreation > Fishing > Fishing Tackle > Fishing Baits & Lures,Worm,"Worm, Brown trout, Rainbow trout (resident), Brook trout, Steelhead, nymph-indicator, euro-nymph, chuck-and-duck, aquatic-worm, earthworm, evidence-I, collection:two-hearted-first-batch, river:two-hearted",TRUE,Size,#8,Color,Red,san-juan-worm-s8-red,2,shopify,0,continue,manual,2.25,TRUE,TRUE,San Juan Worm · hand-tied for Michigan rivers,"A chenille worm for high, off-color water in spring and after fall rains, when earthworms and aquatic worms wash into the drift. The DNR lists worms in brook trout diets but the notes found no Michigan guide naming it; fish it as a heavy point fly with an egg or nymph trailer during March to May run",draft
san-juan-worm,,,,,,,,,#8,,Pink,san-juan-worm-s8-pink,2,shopify,0,continue,manual,2.25,TRUE,TRUE,,,
san-juan-worm,,,,,,,,,#8,,Wine,san-juan-worm-s8-wine,2,shopify,0,continue,manual,2.25,TRUE,TRUE,,,
san-juan-worm,,,,,,,,,#8,,Tan,san-juan-worm-s8-tan,2,shopify,0,continue,manual,2.25,TRUE,TRUE,,,
san-juan-worm,,,,,,,,,#10,,Red,san-juan-worm-s10-red,2,shopify,0,continue,manual,2.25,TRUE,TRUE,,,
san-juan-worm,,,,,,,,,#10,,Pink,san-juan-worm-s10-pink,2,shopify,0,continue,manual,2.25,TRUE,TRUE,,,
san-juan-worm,,,,,,,,,#10,,Wine,san-juan-worm-s10-wine,2,shopify,0,continue,manual,2.25,TRUE,TRUE,,,
san-juan-worm,,,,,,,,,#10,,Tan,san-juan-worm-s10-tan,2,shopify,0,continue,manual,2.25,TRUE,TRUE,,,
san-juan-worm,,,,,,,,,#12,,Red,san-juan-worm-s12-red,2,shopify,0,continue,manual,2.25,TRUE,TRUE,,,
san-juan-worm,,,,,,,,,#12,,Pink,san-juan-worm-s12-pink,2,shopify,0,continue,manual,2.25,TRUE,TRUE,,,
san-juan-worm,,,,,,,,,#12,,Wine,san-juan-worm-s12-wine,2,shopify,0,continue,manual,2.25,TRUE,TRUE,,,
san-juan-worm,,,,,,,,,#12,,Tan,san-juan-worm-s12-tan,2,shopify,0,continue,manual,2.25,TRUE,TRUE,,,
san-juan-worm,,,,,,,,,#14,,Red,san-juan-worm-s14-red,2,shopify,0,continue,manual,2.25,TRUE,TRUE,,,
san-juan-worm,,,,,,,,,#14,,Pink,san-juan-worm-s14-pink,2,shopify,0,continue,manual,2.25,TRUE,TRUE,,,
san-juan-worm,,,,,,,,,#14,,Wine,san-juan-worm-s14-wine,2,shopify,0,continue,manual,2.25,TRUE,TRUE,,,
san-juan-worm,,,,,,,,,#14,,Tan,san-juan-worm-s14-tan,2,shopify,0,continue,manual,2.25,TRUE,TRUE,,,
