Handle,Title,Body (HTML),Vendor,Product Category,Type,Tags,Published,Option1 Name,Option1 Value,Option2 Name,Option2 Value,Variant SKU,Variant Grams,Variant Inventory Tracker,Variant Inventory Qty,Variant Inventory Policy,Variant Fulfillment Service,Variant Price,Variant Requires Shipping,Variant Taxable,SEO Title,SEO Description,Status
chicken-little,Chicken Little,"<p>A big, bright marabou attractor that a Michigan guide lists with Egg Sucking Leeches and Intruders as 'bright flies that bring out angry strikes from the salmon.' Swing or dead-drift it at the head of the pool where staged Chinook and coho hold in September and October.</p><p><strong>Fish it for:</strong> Chinook salmon, Coho salmon, Steelhead</p><p>Hand-tied in Michigan for Michigan rivers. See when and where to fish it at michiganflies.com/flies/chicken-little.</p>",Michigan Flies,Sporting Goods > Outdoor Recreation > Fishing > Fishing Tackle > Fishing Baits & Lures,Attractor,"Attractor, Chinook salmon, Coho salmon, Steelhead, swing-spey, chuck-and-duck, streamer, leech, evidence-A",TRUE,Size,#2,Color,Chartreuse,chicken-little-s2-chartreuse,2,shopify,0,continue,manual,3.50,TRUE,TRUE,Chicken Little · hand-tied for Michigan rivers,"A big, bright marabou attractor that a Michigan guide lists with Egg Sucking Leeches and Intruders as 'bright flies that bring out angry strikes from the salmon.' Swing or dead-drift it at the head of the pool where staged Chinook and coho hold in September and October.",draft
chicken-little,,,,,,,,,#2,,Pink,chicken-little-s2-pink,2,shopify,0,continue,manual,3.50,TRUE,TRUE,,,
chicken-little,,,,,,,,,#2,,Orange,chicken-little-s2-orange,2,shopify,0,continue,manual,3.50,TRUE,TRUE,,,
chicken-little,,,,,,,,,#2,,Black/chartreuse,chicken-little-s2-black-chartreuse,2,shopify,0,continue,manual,3.50,TRUE,TRUE,,,
chicken-little,,,,,,,,,#4,,Chartreuse,chicken-little-s4-chartreuse,2,shopify,0,continue,manual,3.50,TRUE,TRUE,,,
chicken-little,,,,,,,,,#4,,Pink,chicken-little-s4-pink,2,shopify,0,continue,manual,3.50,TRUE,TRUE,,,
chicken-little,,,,,,,,,#4,,Orange,chicken-little-s4-orange,2,shopify,0,continue,manual,3.50,TRUE,TRUE,,,
chicken-little,,,,,,,,,#4,,Black/chartreuse,chicken-little-s4-black-chartreuse,2,shopify,0,continue,manual,3.50,TRUE,TRUE,,,
chicken-little,,,,,,,,,#6,,Chartreuse,chicken-little-s6-chartreuse,2,shopify,0,continue,manual,3.50,TRUE,TRUE,,,
chicken-little,,,,,,,,,#6,,Pink,chicken-little-s6-pink,2,shopify,0,continue,manual,3.50,TRUE,TRUE,,,
chicken-little,,,,,,,,,#6,,Orange,chicken-little-s6-orange,2,shopify,0,continue,manual,3.50,TRUE,TRUE,,,
chicken-little,,,,,,,,,#6,,Black/chartreuse,chicken-little-s6-black-chartreuse,2,shopify,0,continue,manual,3.50,TRUE,TRUE,,,
coho-flash-fly,Coho Flash Fly,"<p>Krystal Flash and Flashabou-winged flies (Pope's, California Neon, Pink Pop Cycle) built for coho, which respond to flash more than kings. Chartreuse is best in low light or slightly murky water. Strip or swing them for fresh chrome coho in the lower Platte, Manistee, Betsie and St. Joseph from mid September into November; the recommendation is general coho lore, not Michigan-sourced.</p><p><strong>Fish it for:</strong> Coho salmon, Chinook salmon</p><p>Hand-tied in Michigan for Michigan rivers. See when and where to fish it at michiganflies.com/flies/coho-flash-fly.</p>",Michigan Flies,Sporting Goods > Outdoor Recreation > Fishing > Fishing Tackle > Fishing Baits & Lures,Attractor,"Attractor, Coho salmon, Chinook salmon, streamer, swing-spey, alewife, emerald-shiner, evidence-I",TRUE,Size,#2,Color,Chartreuse/white,coho-flash-fly-s2-chartreuse-white,2,shopify,0,continue,manual,3.50,TRUE,TRUE,Coho Flash Fly · hand-tied for Michigan rivers,"Krystal Flash and Flashabou-winged flies (Pope's, California Neon, Pink Pop Cycle) built for coho, which respond to flash more than kings. Chartreuse is best in low light or slightly murky water. Strip or swing them for fresh chrome coho in the lower Platte, Manistee, Betsie and St. Joseph from mid ",draft
coho-flash-fly,,,,,,,,,#2,,Pink/white,coho-flash-fly-s2-pink-white,2,shopify,0,continue,manual,3.50,TRUE,TRUE,,,
coho-flash-fly,,,,,,,,,#2,,All pink,coho-flash-fly-s2-all-pink,2,shopify,0,continue,manual,3.50,TRUE,TRUE,,,
coho-flash-fly,,,,,,,,,#2,,California Neon,coho-flash-fly-s2-california-neon,2,shopify,0,continue,manual,3.50,TRUE,TRUE,,,
coho-flash-fly,,,,,,,,,#2,,Pink Pop Cycle,coho-flash-fly-s2-pink-pop-cycle,2,shopify,0,continue,manual,3.50,TRUE,TRUE,,,
coho-flash-fly,,,,,,,,,#4,,Chartreuse/white,coho-flash-fly-s4-chartreuse-white,2,shopify,0,continue,manual,3.50,TRUE,TRUE,,,
coho-flash-fly,,,,,,,,,#4,,Pink/white,coho-flash-fly-s4-pink-white,2,shopify,0,continue,manual,3.50,TRUE,TRUE,,,
coho-flash-fly,,,,,,,,,#4,,All pink,coho-flash-fly-s4-all-pink,2,shopify,0,continue,manual,3.50,TRUE,TRUE,,,
coho-flash-fly,,,,,,,,,#4,,California Neon,coho-flash-fly-s4-california-neon,2,shopify,0,continue,manual,3.50,TRUE,TRUE,,,
coho-flash-fly,,,,,,,,,#4,,Pink Pop Cycle,coho-flash-fly-s4-pink-pop-cycle,2,shopify,0,continue,manual,3.50,TRUE,TRUE,,,
coho-flash-fly,,,,,,,,,#6,,Chartreuse/white,coho-flash-fly-s6-chartreuse-white,2,shopify,0,continue,manual,3.50,TRUE,TRUE,,,
coho-flash-fly,,,,,,,,,#6,,Pink/white,coho-flash-fly-s6-pink-white,2,shopify,0,continue,manual,3.50,TRUE,TRUE,,,
coho-flash-fly,,,,,,,,,#6,,All pink,coho-flash-fly-s6-all-pink,2,shopify,0,continue,manual,3.50,TRUE,TRUE,,,
coho-flash-fly,,,,,,,,,#6,,California Neon,coho-flash-fly-s6-california-neon,2,shopify,0,continue,manual,3.50,TRUE,TRUE,,,
coho-flash-fly,,,,,,,,,#6,,Pink Pop Cycle,coho-flash-fly-s6-pink-pop-cycle,2,shopify,0,continue,manual,3.50,TRUE,TRUE,,,
comet,Comet,"<p>A bead-chain-eyed West Coast salmon fly with a bright chenille body and long tail that sinks fast and swims hook-up. It is a generic aggression fly for Michigan Chinook and coho, swung or bounced through runs in September and October; Michigan sources do not name it.</p><p><strong>Fish it for:</strong> Chinook salmon, Coho salmon, Steelhead</p><p>Hand-tied in Michigan for Michigan rivers. See when and where to fish it at michiganflies.com/flies/comet.</p>",Michigan Flies,Sporting Goods > Outdoor Recreation > Fishing > Fishing Tackle > Fishing Baits & Lures,Attractor,"Attractor, Chinook salmon, Coho salmon, Steelhead, swing-spey, chuck-and-duck, evidence-I",TRUE,Size,#2,Color,Orange,comet-s2-orange,2,shopify,0,continue,manual,3.50,TRUE,TRUE,Comet · hand-tied for Michigan rivers,"A bead-chain-eyed West Coast salmon fly with a bright chenille body and long tail that sinks fast and swims hook-up. It is a generic aggression fly for Michigan Chinook and coho, swung or bounced through runs in September and October; Michigan sources do not name it.",draft
comet,,,,,,,,,#2,,Chartreuse,comet-s2-chartreuse,2,shopify,0,continue,manual,3.50,TRUE,TRUE,,,
comet,,,,,,,,,#2,,Pink,comet-s2-pink,2,shopify,0,continue,manual,3.50,TRUE,TRUE,,,
comet,,,,,,,,,#2,,Boss (black/orange),comet-s2-boss-black-orange,2,shopify,0,continue,manual,3.50,TRUE,TRUE,,,
comet,,,,,,,,,#4,,Orange,comet-s4-orange,2,shopify,0,continue,manual,3.50,TRUE,TRUE,,,
comet,,,,,,,,,#4,,Chartreuse,comet-s4-chartreuse,2,shopify,0,continue,manual,3.50,TRUE,TRUE,,,
comet,,,,,,,,,#4,,Pink,comet-s4-pink,2,shopify,0,continue,manual,3.50,TRUE,TRUE,,,
comet,,,,,,,,,#4,,Boss (black/orange),comet-s4-boss-black-orange,2,shopify,0,continue,manual,3.50,TRUE,TRUE,,,
comet,,,,,,,,,#6,,Orange,comet-s6-orange,2,shopify,0,continue,manual,3.50,TRUE,TRUE,,,
comet,,,,,,,,,#6,,Chartreuse,comet-s6-chartreuse,2,shopify,0,continue,manual,3.50,TRUE,TRUE,,,
comet,,,,,,,,,#6,,Pink,comet-s6-pink,2,shopify,0,continue,manual,3.50,TRUE,TRUE,,,
comet,,,,,,,,,#6,,Boss (black/orange),comet-s6-boss-black-orange,2,shopify,0,continue,manual,3.50,TRUE,TRUE,,,
pink-salmon-flash-nymph,Pink Salmon Flash Nymph,"<p>Pink salmon favor small bright pink or chartreuse beadhead flies with ample flash, so scale everything down: #10 to #14 nymphs and small eggs. Fish them in the St. Marys rapids, the Carp and the Chocolay from late August through early October, heaviest in odd years, in clear water; switch to bright eggs in faster water.</p><p><strong>Fish it for:</strong> Pink salmon</p><p>Hand-tied in Michigan for Michigan rivers. See when and where to fish it at michiganflies.com/flies/pink-salmon-flash-nymph.</p>",Michigan Flies,Sporting Goods > Outdoor Recreation > Fishing > Fishing Tackle > Fishing Baits & Lures,Attractor,"Attractor, Pink salmon, nymph-indicator, euro-nymph, swing-spey, evidence-I",TRUE,Size,#10,Color,Hot pink,pink-salmon-flash-nymph-s10-hot-pink,2,shopify,0,continue,manual,3.50,TRUE,TRUE,Pink Salmon Flash Nymph · hand-tied for Michigan rivers,"Pink salmon favor small bright pink or chartreuse beadhead flies with ample flash, so scale everything down: #10 to #14 nymphs and small eggs. Fish them in the St. Marys rapids, the Carp and the Chocolay from late August through early October, heaviest in odd years, in clear water; switch to bright ",draft
pink-salmon-flash-nymph,,,,,,,,,#10,,Chartreuse,pink-salmon-flash-nymph-s10-chartreuse,2,shopify,0,continue,manual,3.50,TRUE,TRUE,,,
pink-salmon-flash-nymph,,,,,,,,,#10,,Pink with pearl flash,pink-salmon-flash-nymph-s10-pink-with-pearl-flash,2,shopify,0,continue,manual,3.50,TRUE,TRUE,,,
pink-salmon-flash-nymph,,,,,,,,,#12,,Hot pink,pink-salmon-flash-nymph-s12-hot-pink,2,shopify,0,continue,manual,3.50,TRUE,TRUE,,,
pink-salmon-flash-nymph,,,,,,,,,#12,,Chartreuse,pink-salmon-flash-nymph-s12-chartreuse,2,shopify,0,continue,manual,3.50,TRUE,TRUE,,,
pink-salmon-flash-nymph,,,,,,,,,#12,,Pink with pearl flash,pink-salmon-flash-nymph-s12-pink-with-pearl-flash,2,shopify,0,continue,manual,3.50,TRUE,TRUE,,,
pink-salmon-flash-nymph,,,,,,,,,#14,,Hot pink,pink-salmon-flash-nymph-s14-hot-pink,2,shopify,0,continue,manual,3.50,TRUE,TRUE,,,
pink-salmon-flash-nymph,,,,,,,,,#14,,Chartreuse,pink-salmon-flash-nymph-s14-chartreuse,2,shopify,0,continue,manual,3.50,TRUE,TRUE,,,
pink-salmon-flash-nymph,,,,,,,,,#14,,Pink with pearl flash,pink-salmon-flash-nymph-s14-pink-with-pearl-flash,2,shopify,0,continue,manual,3.50,TRUE,TRUE,,,
adams-parachute,Adams (and Parachute Adams),"<p>Michigan's own fly, born on the Boardman, and still the default searching dry on every river in the state. Hawkins recommends a slim-tied #10 to #12 Adams for Gray Drake spinner falls at dusk on the Pere Marquette and Muskegon, and smaller sizes pass for most gray-winged mayflies from April through October.</p><p><strong>Imitates:</strong> Gray Drake, Hendrickson, March Brown, Blue Quill, Black Quill, Isonychia, Blue-Winged Olive</p><p><strong>Fish it for:</strong> Brown trout, Brook trout, Rainbow trout (resident)</p><p><em>Boardman River, Michigan</em></p><p>Hand-tied in Michigan for Michigan rivers. See when and where to fish it at michiganflies.com/flies/adams-parachute.</p>",Michigan Flies,Sporting Goods > Outdoor Recreation > Fishing > Fishing Tackle > Fishing Baits & Lures,Dry fly,"Dry fly, Brown trout, Brook trout, Rainbow trout (resident), dry-fly, gray-drake, hendrickson, march-brown, blue-quill, black-quill, isonychia, blue-winged-olive, evidence-A",TRUE,Size,#10,Color,Gray (standard),adams-parachute-s10-gray-standard,2,shopify,0,continue,manual,3.00,TRUE,TRUE,Adams (and Parachute Adams) · hand-tied for Michigan rivers,"Michigan's own fly, born on the Boardman, and still the default searching dry on every river in the state. Hawkins recommends a slim-tied #10 to #12 Adams for Gray Drake spinner falls at dusk on the Pere Marquette and Muskegon, and smaller sizes pass for most gray-winged mayflies from April through ",draft
adams-parachute,,,,,,,,,#10,,Slim-bodied #10-12 for Gray Drake,adams-parachute-s10-slim-bodied-10-12-for-gray-drake,2,shopify,0,continue,manual,3.00,TRUE,TRUE,,,
adams-parachute,,,,,,,,,#12,,Gray (standard),adams-parachute-s12-gray-standard,2,shopify,0,continue,manual,3.00,TRUE,TRUE,,,
adams-parachute,,,,,,,,,#12,,Slim-bodied #10-12 for Gray Drake,adams-parachute-s12-slim-bodied-10-12-for-gray-drake,2,shopify,0,continue,manual,3.00,TRUE,TRUE,,,
adams-parachute,,,,,,,,,#14,,Gray (standard),adams-parachute-s14-gray-standard,2,shopify,0,continue,manual,3.00,TRUE,TRUE,,,
adams-parachute,,,,,,,,,#14,,Slim-bodied #10-12 for Gray Drake,adams-parachute-s14-slim-bodied-10-12-for-gray-drake,2,shopify,0,continue,manual,3.00,TRUE,TRUE,,,
adams-parachute,,,,,,,,,#16,,Gray (standard),adams-parachute-s16-gray-standard,2,shopify,0,continue,manual,3.00,TRUE,TRUE,,,
adams-parachute,,,,,,,,,#16,,Slim-bodied #10-12 for Gray Drake,adams-parachute-s16-slim-bodied-10-12-for-gray-drake,2,shopify,0,continue,manual,3.00,TRUE,TRUE,,,
adams-parachute,,,,,,,,,#18,,Gray (standard),adams-parachute-s18-gray-standard,2,shopify,0,continue,manual,3.00,TRUE,TRUE,,,
adams-parachute,,,,,,,,,#18,,Slim-bodied #10-12 for Gray Drake,adams-parachute-s18-slim-bodied-10-12-for-gray-drake,2,shopify,0,continue,manual,3.00,TRUE,TRUE,,,
adams-parachute,,,,,,,,,#20,,Gray (standard),adams-parachute-s20-gray-standard,2,shopify,0,continue,manual,3.00,TRUE,TRUE,,,
adams-parachute,,,,,,,,,#20,,Slim-bodied #10-12 for Gray Drake,adams-parachute-s20-slim-bodied-10-12-for-gray-drake,2,shopify,0,continue,manual,3.00,TRUE,TRUE,,,
black-quill-parachute,Black Quill Parachute,"<p>Matches the Great Mahogany or Black Quill (Leptophlebia cupida), a #10 to #14 spring mayfly on Michigan charts from late April to mid June, and the Muskegon's 'Early Quills' around May 10. It emerges midday, often crawling out, so a low-floating parachute or emerger works best in the slow edges where the nymphs live.</p><p><strong>Imitates:</strong> Black Quill</p><p><strong>Fish it for:</strong> Brown trout, Brook trout, Rainbow trout (resident)</p><p>Hand-tied in Michigan for Michigan rivers. See when and where to fish it at michiganflies.com/flies/black-quill-parachute.</p>",Michigan Flies,Sporting Goods > Outdoor Recreation > Fishing > Fishing Tackle > Fishing Baits & Lures,Dry fly,"Dry fly, Brown trout, Brook trout, Rainbow trout (resident), dry-fly, black-quill, evidence-A",TRUE,Size,#10,Color,"Dark brown-black body, dark gray wing",black-quill-parachute-s10-dark-brown-black-body-dark-gray-wing,2,shopify,0,continue,manual,3.00,TRUE,TRUE,Black Quill Parachute · hand-tied for Michigan rivers,"Matches the Great Mahogany or Black Quill (Leptophlebia cupida), a #10 to #14 spring mayfly on Michigan charts from late April to mid June, and the Muskegon's 'Early Quills' around May 10. It emerges midday, often crawling out, so a low-floating parachute or emerger works best in the slow edges wher",draft
black-quill-parachute,,,,,,,,,#12,,"Dark brown-black body, dark gray wing",black-quill-parachute-s12-dark-brown-black-body-dark-gray-wing,2,shopify,0,continue,manual,3.00,TRUE,TRUE,,,
black-quill-parachute,,,,,,,,,#14,,"Dark brown-black body, dark gray wing",black-quill-parachute-s14-dark-brown-black-body-dark-gray-wing,2,shopify,0,continue,manual,3.00,TRUE,TRUE,,,
blue-quill-parachute,Blue Quill Parachute,"<p>Matches the Little Mahogany (Neoleptophlebia adoptiva), a #16 to #18 mayfly that emerges midday once water has held above 50 F for a few days, from mid April into early July with a peak in the first half of May. Fish it in slower edges and eddies alongside the Hendrickson, since the two overlap on the Au Sable and Manistee.</p><p><strong>Imitates:</strong> Blue Quill</p><p><strong>Fish it for:</strong> Brown trout, Brook trout, Rainbow trout (resident)</p><p>Hand-tied in Michigan for Michigan rivers. See when and where to fish it at michiganflies.com/flies/blue-quill-parachute.</p>",Michigan Flies,Sporting Goods > Outdoor Recreation > Fishing > Fishing Tackle > Fishing Baits & Lures,Dry fly,"Dry fly, Brown trout, Brook trout, Rainbow trout (resident), dry-fly, blue-quill, evidence-A",TRUE,Size,#16,Color,"Dark mahogany body, slate wing",blue-quill-parachute-s16-dark-mahogany-body-slate-wing,2,shopify,0,continue,manual,3.00,TRUE,TRUE,Blue Quill Parachute · hand-tied for Michigan rivers,"Matches the Little Mahogany (Neoleptophlebia adoptiva), a #16 to #18 mayfly that emerges midday once water has held above 50 F for a few days, from mid April into early July with a peak in the first half of May. Fish it in slower edges and eddies alongside the Hendrickson, since the two overlap on t",draft
blue-quill-parachute,,,,,,,,,#18,,"Dark mahogany body, slate wing",blue-quill-parachute-s18-dark-mahogany-body-slate-wing,2,shopify,0,continue,manual,3.00,TRUE,TRUE,,,
bwo-parachute,Blue-Winged Olive Parachute,"<p>Baetis hatch three broods in Michigan, with the biggest in early May, a second in late June and a third in September, and they run through winter on the Muskegon and Big Manistee tailwaters. Current Works lists BWOs #16 to #22 as year-round on the Upper Manistee. Fish it midday, especially on overcast, drizzly afternoons, and go down to #24 for the late-season Pseudocloeon on the Muskegon.</p><p><strong>Imitates:</strong> Blue-Winged Olive</p><p><strong>Fish it for:</strong> Brown trout, Brook trout, Rainbow trout (resident)</p><p>Hand-tied in Michigan for Michigan rivers. See when and where to fish it at michiganflies.com/flies/bwo-parachute.</p>",Michigan Flies,Sporting Goods > Outdoor Recreation > Fishing > Fishing Tackle > Fishing Baits & Lures,Dry fly,"Dry fly, Brown trout, Brook trout, Rainbow trout (resident), dry-fly, blue-winged-olive, evidence-A",TRUE,Size,#14,Color,"Olive body, gray wing",bwo-parachute-s14-olive-body-gray-wing,2,shopify,0,continue,manual,3.00,TRUE,TRUE,Blue-Winged Olive Parachute · hand-tied for Michigan rivers,"Baetis hatch three broods in Michigan, with the biggest in early May, a second in late June and a third in September, and they run through winter on the Muskegon and Big Manistee tailwaters. Current Works lists BWOs #16 to #22 as year-round on the Upper Manistee. Fish it midday, especially on overca",draft
bwo-parachute,,,,,,,,,#14,,Olive-brown,bwo-parachute-s14-olive-brown,2,shopify,0,continue,manual,3.00,TRUE,TRUE,,,
bwo-parachute,,,,,,,,,#16,,"Olive body, gray wing",bwo-parachute-s16-olive-body-gray-wing,2,shopify,0,continue,manual,3.00,TRUE,TRUE,,,
bwo-parachute,,,,,,,,,#16,,Olive-brown,bwo-parachute-s16-olive-brown,2,shopify,0,continue,manual,3.00,TRUE,TRUE,,,
bwo-parachute,,,,,,,,,#18,,"Olive body, gray wing",bwo-parachute-s18-olive-body-gray-wing,2,shopify,0,continue,manual,3.00,TRUE,TRUE,,,
bwo-parachute,,,,,,,,,#18,,Olive-brown,bwo-parachute-s18-olive-brown,2,shopify,0,continue,manual,3.00,TRUE,TRUE,,,
bwo-parachute,,,,,,,,,#20,,"Olive body, gray wing",bwo-parachute-s20-olive-body-gray-wing,2,shopify,0,continue,manual,3.00,TRUE,TRUE,,,
bwo-parachute,,,,,,,,,#20,,Olive-brown,bwo-parachute-s20-olive-brown,2,shopify,0,continue,manual,3.00,TRUE,TRUE,,,
bwo-parachute,,,,,,,,,#22,,"Olive body, gray wing",bwo-parachute-s22-olive-body-gray-wing,2,shopify,0,continue,manual,3.00,TRUE,TRUE,,,
bwo-parachute,,,,,,,,,#22,,Olive-brown,bwo-parachute-s22-olive-brown,2,shopify,0,continue,manual,3.00,TRUE,TRUE,,,
bwo-parachute,,,,,,,,,#24,,"Olive body, gray wing",bwo-parachute-s24-olive-body-gray-wing,2,shopify,0,continue,manual,3.00,TRUE,TRUE,,,
bwo-parachute,,,,,,,,,#24,,Olive-brown,bwo-parachute-s24-olive-brown,2,shopify,0,continue,manual,3.00,TRUE,TRUE,,,
bomber,Bomber,"<p>A cigar-shaped deer-hair dry that is skated or dead-drifted over holding Atlantic salmon. Generic to Atlantic salmon fishing and not named by any Michigan source for the St. Marys; a niche option for warm, low water in late summer.</p><p><strong>Fish it for:</strong> Atlantic salmon</p><p>Hand-tied in Michigan for Michigan rivers. See when and where to fish it at michiganflies.com/flies/bomber.</p>",Michigan Flies,Sporting Goods > Outdoor Recreation > Fishing > Fishing Tackle > Fishing Baits & Lures,Dry fly,"Dry fly, Atlantic salmon, dry-fly, swing-spey, evidence-I",TRUE,Size,#4,Color,Natural deer hair,bomber-s4-natural-deer-hair,2,shopify,0,continue,manual,3.00,TRUE,TRUE,Bomber · hand-tied for Michigan rivers,"A cigar-shaped deer-hair dry that is skated or dead-drifted over holding Atlantic salmon. Generic to Atlantic salmon fishing and not named by any Michigan source for the St. Marys; a niche option for warm, low water in late summer.",draft
bomber,,,,,,,,,#4,,Green,bomber-s4-green,2,shopify,0,continue,manual,3.00,TRUE,TRUE,,,
bomber,,,,,,,,,#4,,Orange,bomber-s4-orange,2,shopify,0,continue,manual,3.00,TRUE,TRUE,,,
bomber,,,,,,,,,#6,,Natural deer hair,bomber-s6-natural-deer-hair,2,shopify,0,continue,manual,3.00,TRUE,TRUE,,,
bomber,,,,,,,,,#6,,Green,bomber-s6-green,2,shopify,0,continue,manual,3.00,TRUE,TRUE,,,
bomber,,,,,,,,,#6,,Orange,bomber-s6-orange,2,shopify,0,continue,manual,3.00,TRUE,TRUE,,,
bomber,,,,,,,,,#8,,Natural deer hair,bomber-s8-natural-deer-hair,2,shopify,0,continue,manual,3.00,TRUE,TRUE,,,
bomber,,,,,,,,,#8,,Green,bomber-s8-green,2,shopify,0,continue,manual,3.00,TRUE,TRUE,,,
bomber,,,,,,,,,#8,,Orange,bomber-s8-orange,2,shopify,0,continue,manual,3.00,TRUE,TRUE,,,
boondoggle-hex,Boondoggle Hex,"<p>Ed McCoy's high-floating Hex pattern, recommended by Hawkins alongside the All Day Dun and a large Roberts Yellow Drake. It rides through the chop of a night rise and is easy to track by sound and feel. Fish it during the late June to mid July Hex window on the Au Sable, Manistee, Pere Marquette and Rifle.</p><p><strong>Imitates:</strong> Hex</p><p><strong>Fish it for:</strong> Brown trout, Brook trout, Rainbow trout (resident)</p><p><em>Ed McCoy, Mangled Fly, Manistee River</em></p><p>Hand-tied in Michigan for Michigan rivers. See when and where to fish it at michiganflies.com/flies/boondoggle-hex.</p>",Michigan Flies,Sporting Goods > Outdoor Recreation > Fishing > Fishing Tackle > Fishing Baits & Lures,Dry fly,"Dry fly, Brown trout, Brook trout, Rainbow trout (resident), dry-fly, hex, evidence-A",TRUE,Size,#4,Color,Yellow,boondoggle-hex-s4-yellow,2,shopify,0,continue,manual,3.00,TRUE,TRUE,Boondoggle Hex · hand-tied for Michigan rivers,"Ed McCoy's high-floating Hex pattern, recommended by Hawkins alongside the All Day Dun and a large Roberts Yellow Drake. It rides through the chop of a night rise and is easy to track by sound and feel. Fish it during the late June to mid July Hex window on the Au Sable, Manistee, Pere Marquette and",draft
boondoggle-hex,,,,,,,,,#4,,Dark Hex (late season),boondoggle-hex-s4-dark-hex-late-season,2,shopify,0,continue,manual,3.00,TRUE,TRUE,,,
boondoggle-hex,,,,,,,,,#6,,Yellow,boondoggle-hex-s6-yellow,2,shopify,0,continue,manual,3.00,TRUE,TRUE,,,
boondoggle-hex,,,,,,,,,#6,,Dark Hex (late season),boondoggle-hex-s6-dark-hex-late-season,2,shopify,0,continue,manual,3.00,TRUE,TRUE,,,
boondoggle-hex,,,,,,,,,#8,,Yellow,boondoggle-hex-s8-yellow,2,shopify,0,continue,manual,3.00,TRUE,TRUE,,,
boondoggle-hex,,,,,,,,,#8,,Dark Hex (late season),boondoggle-hex-s8-dark-hex-late-season,2,shopify,0,continue,manual,3.00,TRUE,TRUE,,,
borchers-parachute,Borchers Parachute,"<p>Grayling's dark all-purpose mayfly, listed by Hawkins in #10 to #16 for Mahogany and Isonychia spinners. It doubles as a Hendrickson and Black Quill dun in spring and a fall Mahogany Dun on the Pere Marquette from mid September through October. Fish it at dusk for Iso spinner falls from June through September.</p><p><strong>Imitates:</strong> Mahogany Dun, Isonychia, Blue Quill, Black Quill, Hendrickson</p><p><strong>Fish it for:</strong> Brown trout, Brook trout, Rainbow trout (resident)</p><p><em>Ernie Borchers, Grayling (Au Sable River)</em></p><p>Hand-tied in Michigan for Michigan rivers. See when and where to fish it at michiganflies.com/flies/borchers-parachute.</p>",Michigan Flies,Sporting Goods > Outdoor Recreation > Fishing > Fishing Tackle > Fishing Baits & Lures,Dry fly,"Dry fly, Brown trout, Brook trout, Rainbow trout (resident), dry-fly, mahogany-dun, isonychia, blue-quill, black-quill, hendrickson, evidence-A",TRUE,Size,#10,Color,"Dark turkey-quill body, brown hackle",borchers-parachute-s10-dark-turkey-quill-body-brown-hackle,2,shopify,0,continue,manual,3.00,TRUE,TRUE,Borchers Parachute · hand-tied for Michigan rivers,"Grayling's dark all-purpose mayfly, listed by Hawkins in #10 to #16 for Mahogany and Isonychia spinners. It doubles as a Hendrickson and Black Quill dun in spring and a fall Mahogany Dun on the Pere Marquette from mid September through October. Fish it at dusk for Iso spinner falls from June through",draft
borchers-parachute,,,,,,,,,#12,,"Dark turkey-quill body, brown hackle",borchers-parachute-s12-dark-turkey-quill-body-brown-hackle,2,shopify,0,continue,manual,3.00,TRUE,TRUE,,,
borchers-parachute,,,,,,,,,#14,,"Dark turkey-quill body, brown hackle",borchers-parachute-s14-dark-turkey-quill-body-brown-hackle,2,shopify,0,continue,manual,3.00,TRUE,TRUE,,,
borchers-parachute,,,,,,,,,#16,,"Dark turkey-quill body, brown hackle",borchers-parachute-s16-dark-turkey-quill-body-brown-hackle,2,shopify,0,continue,manual,3.00,TRUE,TRUE,,,
brown-drake-parachute,Brown Drake Parachute,"<p>Brown Drakes hatch at dusk into darkness for only three to seven nights per reach, moving upriver, from late May to mid June on the Au Sable, Pere Marquette and Upper Manistee (mid June to mid July in the U.P.). Fish a #8 to #12 extended-body parachute from 8 pm to midnight over sand and silt flats where the nymphs burrow.</p><p><strong>Imitates:</strong> Brown Drake</p><p><strong>Fish it for:</strong> Brown trout, Brook trout, Rainbow trout (resident)</p><p>Hand-tied in Michigan for Michigan rivers. See when and where to fish it at michiganflies.com/flies/brown-drake-parachute.</p>",Michigan Flies,Sporting Goods > Outdoor Recreation > Fishing > Fishing Tackle > Fishing Baits & Lures,Dry fly,"Dry fly, Brown trout, Brook trout, Rainbow trout (resident), dry-fly, brown-drake, evidence-A",TRUE,Size,#8,Color,"Brownish tan body, mottled brown wing",brown-drake-parachute-s8-brownish-tan-body-mottled-brown-wing,2,shopify,0,continue,manual,3.00,TRUE,TRUE,Brown Drake Parachute · hand-tied for Michigan rivers,"Brown Drakes hatch at dusk into darkness for only three to seven nights per reach, moving upriver, from late May to mid June on the Au Sable, Pere Marquette and Upper Manistee (mid June to mid July in the U.P.). Fish a #8 to #12 extended-body parachute from 8 pm to midnight over sand and silt flats ",draft
brown-drake-parachute,,,,,,,,,#10,,"Brownish tan body, mottled brown wing",brown-drake-parachute-s10-brownish-tan-body-mottled-brown-wing,2,shopify,0,continue,manual,3.00,TRUE,TRUE,,,
brown-drake-parachute,,,,,,,,,#12,,"Brownish tan body, mottled brown wing",brown-drake-parachute-s12-brownish-tan-body-mottled-brown-wing,2,shopify,0,continue,manual,3.00,TRUE,TRUE,,,
brown-drake-spinner,Brown Drake Spinner,"<p>The spinner fall at dusk into darkness is the best Brown Drake fishing, often on the same nights as the emergence in early June. Fish a #8 to #10 spent-wing pattern with a short leader on the South Branch Au Sable, Boardman and Pere Marquette, listening for rises after dark.</p><p><strong>Imitates:</strong> Brown Drake</p><p><strong>Fish it for:</strong> Brown trout, Brook trout, Rainbow trout (resident)</p><p>Hand-tied in Michigan for Michigan rivers. See when and where to fish it at michiganflies.com/flies/brown-drake-spinner.</p>",Michigan Flies,Sporting Goods > Outdoor Recreation > Fishing > Fishing Tackle > Fishing Baits & Lures,Dry fly,"Dry fly, Brown trout, Brook trout, Rainbow trout (resident), dry-fly, brown-drake, evidence-A",TRUE,Size,#8,Color,Dark brown with blotched wings,brown-drake-spinner-s8-dark-brown-with-blotched-wings,2,shopify,0,continue,manual,3.00,TRUE,TRUE,Brown Drake Spinner · hand-tied for Michigan rivers,"The spinner fall at dusk into darkness is the best Brown Drake fishing, often on the same nights as the emergence in early June. Fish a #8 to #10 spent-wing pattern with a short leader on the South Branch Au Sable, Boardman and Pere Marquette, listening for rises after dark.",draft
brown-drake-spinner,,,,,,,,,#10,,Dark brown with blotched wings,brown-drake-spinner-s10-dark-brown-with-blotched-wings,2,shopify,0,continue,manual,3.00,TRUE,TRUE,,,
elk-hair-caddis,Elk Hair Caddis,"<p>The all-purpose adult caddis for Michigan's May through October caddis season, which Houghton's Manistee work shows peaking in early to mid July with flight heaviest an hour or two after sunset. Carry tan #14 to #16 for Hydropsyche, black #16 to #20 for the spring black caddis, and #8 to #10 orange for October Caddis. Skitter it at dusk when egg-layers are on the water.</p><p><strong>Imitates:</strong> Tan Caddis, Grannom, Little Sister Sedge, Little Black Caddis, White Miller, October Caddis</p><p><strong>Fish it for:</strong> Brown trout, Brook trout, Rainbow trout (resident)</p><p>Hand-tied in Michigan for Michigan rivers. See when and where to fish it at michiganflies.com/flies/elk-hair-caddis.</p>",Michigan Flies,Sporting Goods > Outdoor Recreation > Fishing > Fishing Tackle > Fishing Baits & Lures,Dry fly,"Dry fly, Brown trout, Brook trout, Rainbow trout (resident), dry-fly, tan-caddis, grannom, little-sister-caddis, little-black-caddis, white-miller, october-caddis, evidence-I",TRUE,Size,#10,Color,Tan,elk-hair-caddis-s10-tan,2,shopify,0,continue,manual,3.00,TRUE,TRUE,Elk Hair Caddis · hand-tied for Michigan rivers,"The all-purpose adult caddis for Michigan's May through October caddis season, which Houghton's Manistee work shows peaking in early to mid July with flight heaviest an hour or two after sunset. Carry tan #14 to #16 for Hydropsyche, black #16 to #20 for the spring black caddis, and #8 to #10 orange ",draft
elk-hair-caddis,,,,,,,,,#10,,Olive,elk-hair-caddis-s10-olive,2,shopify,0,continue,manual,3.00,TRUE,TRUE,,,
elk-hair-caddis,,,,,,,,,#10,,Black,elk-hair-caddis-s10-black,2,shopify,0,continue,manual,3.00,TRUE,TRUE,,,
elk-hair-caddis,,,,,,,,,#10,,Cream (White Miller),elk-hair-caddis-s10-cream-white-miller,2,shopify,0,continue,manual,3.00,TRUE,TRUE,,,
elk-hair-caddis,,,,,,,,,#10,,Orange (October Caddis),elk-hair-caddis-s10-orange-october-caddis,2,shopify,0,continue,manual,3.00,TRUE,TRUE,,,
elk-hair-caddis,,,,,,,,,#12,,Tan,elk-hair-caddis-s12-tan,2,shopify,0,continue,manual,3.00,TRUE,TRUE,,,
elk-hair-caddis,,,,,,,,,#12,,Olive,elk-hair-caddis-s12-olive,2,shopify,0,continue,manual,3.00,TRUE,TRUE,,,
elk-hair-caddis,,,,,,,,,#12,,Black,elk-hair-caddis-s12-black,2,shopify,0,continue,manual,3.00,TRUE,TRUE,,,
elk-hair-caddis,,,,,,,,,#12,,Cream (White Miller),elk-hair-caddis-s12-cream-white-miller,2,shopify,0,continue,manual,3.00,TRUE,TRUE,,,
elk-hair-caddis,,,,,,,,,#12,,Orange (October Caddis),elk-hair-caddis-s12-orange-october-caddis,2,shopify,0,continue,manual,3.00,TRUE,TRUE,,,
elk-hair-caddis,,,,,,,,,#14,,Tan,elk-hair-caddis-s14-tan,2,shopify,0,continue,manual,3.00,TRUE,TRUE,,,
elk-hair-caddis,,,,,,,,,#14,,Olive,elk-hair-caddis-s14-olive,2,shopify,0,continue,manual,3.00,TRUE,TRUE,,,
elk-hair-caddis,,,,,,,,,#14,,Black,elk-hair-caddis-s14-black,2,shopify,0,continue,manual,3.00,TRUE,TRUE,,,
elk-hair-caddis,,,,,,,,,#14,,Cream (White Miller),elk-hair-caddis-s14-cream-white-miller,2,shopify,0,continue,manual,3.00,TRUE,TRUE,,,
elk-hair-caddis,,,,,,,,,#14,,Orange (October Caddis),elk-hair-caddis-s14-orange-october-caddis,2,shopify,0,continue,manual,3.00,TRUE,TRUE,,,
elk-hair-caddis,,,,,,,,,#16,,Tan,elk-hair-caddis-s16-tan,2,shopify,0,continue,manual,3.00,TRUE,TRUE,,,
elk-hair-caddis,,,,,,,,,#16,,Olive,elk-hair-caddis-s16-olive,2,shopify,0,continue,manual,3.00,TRUE,TRUE,,,
elk-hair-caddis,,,,,,,,,#16,,Black,elk-hair-caddis-s16-black,2,shopify,0,continue,manual,3.00,TRUE,TRUE,,,
elk-hair-caddis,,,,,,,,,#16,,Cream (White Miller),elk-hair-caddis-s16-cream-white-miller,2,shopify,0,continue,manual,3.00,TRUE,TRUE,,,
elk-hair-caddis,,,,,,,,,#16,,Orange (October Caddis),elk-hair-caddis-s16-orange-october-caddis,2,shopify,0,continue,manual,3.00,TRUE,TRUE,,,
elk-hair-caddis,,,,,,,,,#18,,Tan,elk-hair-caddis-s18-tan,2,shopify,0,continue,manual,3.00,TRUE,TRUE,,,
elk-hair-caddis,,,,,,,,,#18,,Olive,elk-hair-caddis-s18-olive,2,shopify,0,continue,manual,3.00,TRUE,TRUE,,,
elk-hair-caddis,,,,,,,,,#18,,Black,elk-hair-caddis-s18-black,2,shopify,0,continue,manual,3.00,TRUE,TRUE,,,
elk-hair-caddis,,,,,,,,,#18,,Cream (White Miller),elk-hair-caddis-s18-cream-white-miller,2,shopify,0,continue,manual,3.00,TRUE,TRUE,,,
elk-hair-caddis,,,,,,,,,#18,,Orange (October Caddis),elk-hair-caddis-s18-orange-october-caddis,2,shopify,0,continue,manual,3.00,TRUE,TRUE,,,
elk-hair-caddis,,,,,,,,,#20,,Tan,elk-hair-caddis-s20-tan,2,shopify,0,continue,manual,3.00,TRUE,TRUE,,,
elk-hair-caddis,,,,,,,,,#20,,Olive,elk-hair-caddis-s20-olive,2,shopify,0,continue,manual,3.00,TRUE,TRUE,,,
elk-hair-caddis,,,,,,,,,#20,,Black,elk-hair-caddis-s20-black,2,shopify,0,continue,manual,3.00,TRUE,TRUE,,,
elk-hair-caddis,,,,,,,,,#20,,Cream (White Miller),elk-hair-caddis-s20-cream-white-miller,2,shopify,0,continue,manual,3.00,TRUE,TRUE,,,
elk-hair-caddis,,,,,,,,,#20,,Orange (October Caddis),elk-hair-caddis-s20-orange-october-caddis,2,shopify,0,continue,manual,3.00,TRUE,TRUE,,,
griffiths-gnat,Griffith's Gnat,"<p>A cluster-midge dry for trout surface-feeding on winter midges near Muskegon springs and on summer evenings on northern rivers. Fish it on 6X to 7X in slow seams when fish are dimpling on clusters of adults, typically warm afternoons from December through April on the tailwaters.</p><p><strong>Imitates:</strong> Midge</p><p><strong>Fish it for:</strong> Brown trout, Rainbow trout (resident), Brook trout</p><p>Hand-tied in Michigan for Michigan rivers. See when and where to fish it at michiganflies.com/flies/griffiths-gnat.</p>",Michigan Flies,Sporting Goods > Outdoor Recreation > Fishing > Fishing Tackle > Fishing Baits & Lures,Dry fly,"Dry fly, Brown trout, Rainbow trout (resident), Brook trout, dry-fly, midge, evidence-I",TRUE,Size,#18,Color,Peacock and grizzly,griffiths-gnat-s18-peacock-and-grizzly,2,shopify,0,continue,manual,3.00,TRUE,TRUE,Griffith's Gnat · hand-tied for Michigan rivers,"A cluster-midge dry for trout surface-feeding on winter midges near Muskegon springs and on summer evenings on northern rivers. Fish it on 6X to 7X in slow seams when fish are dimpling on clusters of adults, typically warm afternoons from December through April on the tailwaters.",draft
griffiths-gnat,,,,,,,,,#20,,Peacock and grizzly,griffiths-gnat-s20-peacock-and-grizzly,2,shopify,0,continue,manual,3.00,TRUE,TRUE,,,
griffiths-gnat,,,,,,,,,#22,,Peacock and grizzly,griffiths-gnat-s22-peacock-and-grizzly,2,shopify,0,continue,manual,3.00,TRUE,TRUE,,,
griffiths-gnat,,,,,,,,,#24,,Peacock and grizzly,griffiths-gnat-s24-peacock-and-grizzly,2,shopify,0,continue,manual,3.00,TRUE,TRUE,,,
henryville-special,Henryville Special,"<p>A classic down-wing caddis dry with a slimmer silhouette than an Elk Hair, good on flat water for the Grannom and black caddis of May and the Hydropsyche of summer. Dead-drift it in the film, then twitch as egg-laying females skitter in the last hour of light.</p><p><strong>Imitates:</strong> Little Black Caddis, Grannom, Tan Caddis</p><p><strong>Fish it for:</strong> Brown trout, Brook trout, Rainbow trout (resident)</p><p>Hand-tied in Michigan for Michigan rivers. See when and where to fish it at michiganflies.com/flies/henryville-special.</p>",Michigan Flies,Sporting Goods > Outdoor Recreation > Fishing > Fishing Tackle > Fishing Baits & Lures,Dry fly,"Dry fly, Brown trout, Brook trout, Rainbow trout (resident), dry-fly, little-black-caddis, grannom, tan-caddis, evidence-I",TRUE,Size,#14,Color,"Olive body, grizzly palmer, duck-quill wing",henryville-special-s14-olive-body-grizzly-palmer-duck-quill-wing,2,shopify,0,continue,manual,3.00,TRUE,TRUE,Henryville Special · hand-tied for Michigan rivers,"A classic down-wing caddis dry with a slimmer silhouette than an Elk Hair, good on flat water for the Grannom and black caddis of May and the Hydropsyche of summer. Dead-drift it in the film, then twitch as egg-laying females skitter in the last hour of light.",draft
henryville-special,,,,,,,,,#16,,"Olive body, grizzly palmer, duck-quill wing",henryville-special-s16-olive-body-grizzly-palmer-duck-quill-wing,2,shopify,0,continue,manual,3.00,TRUE,TRUE,,,
henryville-special,,,,,,,,,#18,,"Olive body, grizzly palmer, duck-quill wing",henryville-special-s18-olive-body-grizzly-palmer-duck-quill-wing,2,shopify,0,continue,manual,3.00,TRUE,TRUE,,,
hex-spinner,Hex Spinner,"<p>Hex spinners fall shortly after dark one to three nights after the duns emerge, and the spent-wing pattern is what the largest browns eat once the flat is covered in dead bugs. Fish a #4 to #8 spinner from about 10:30 pm on Au Sable, Manistee and Pere Marquette silt flats in late June and early July.</p><p><strong>Imitates:</strong> Hex</p><p><strong>Fish it for:</strong> Brown trout, Brook trout, Rainbow trout (resident)</p><p>Hand-tied in Michigan for Michigan rivers. See when and where to fish it at michiganflies.com/flies/hex-spinner.</p>",Michigan Flies,Sporting Goods > Outdoor Recreation > Fishing > Fishing Tackle > Fishing Baits & Lures,Dry fly,"Dry fly, Brown trout, Brook trout, Rainbow trout (resident), dry-fly, hex, evidence-A",TRUE,Size,#4,Color,"Yellow body, clear or gray wings",hex-spinner-s4-yellow-body-clear-or-gray-wings,2,shopify,0,continue,manual,3.00,TRUE,TRUE,Hex Spinner · hand-tied for Michigan rivers,"Hex spinners fall shortly after dark one to three nights after the duns emerge, and the spent-wing pattern is what the largest browns eat once the flat is covered in dead bugs. Fish a #4 to #8 spinner from about 10:30 pm on Au Sable, Manistee and Pere Marquette silt flats in late June and early July",draft
hex-spinner,,,,,,,,,#4,,Dark Hex,hex-spinner-s4-dark-hex,2,shopify,0,continue,manual,3.00,TRUE,TRUE,,,
hex-spinner,,,,,,,,,#6,,"Yellow body, clear or gray wings",hex-spinner-s6-yellow-body-clear-or-gray-wings,2,shopify,0,continue,manual,3.00,TRUE,TRUE,,,
hex-spinner,,,,,,,,,#6,,Dark Hex,hex-spinner-s6-dark-hex,2,shopify,0,continue,manual,3.00,TRUE,TRUE,,,
hex-spinner,,,,,,,,,#8,,"Yellow body, clear or gray wings",hex-spinner-s8-yellow-body-clear-or-gray-wings,2,shopify,0,continue,manual,3.00,TRUE,TRUE,,,
hex-spinner,,,,,,,,,#8,,Dark Hex,hex-spinner-s8-dark-hex,2,shopify,0,continue,manual,3.00,TRUE,TRUE,,,
isonychia-parachute,Isonychia Parachute,"<p>Isonychia is one of the Au Sable's Big Five, hatching in two peaks, June and September, from mid May to the end of September. The nymphs crawl out to emerge, so Michigan guides fish nymphs and spinners more than duns; use this parachute as a spinner or searching dry on evening riffles, and midday in fall.</p><p><strong>Imitates:</strong> Isonychia</p><p><strong>Fish it for:</strong> Brown trout, Brook trout, Rainbow trout (resident)</p><p>Hand-tied in Michigan for Michigan rivers. See when and where to fish it at michiganflies.com/flies/isonychia-parachute.</p>",Michigan Flies,Sporting Goods > Outdoor Recreation > Fishing > Fishing Tackle > Fishing Baits & Lures,Dry fly,"Dry fly, Brown trout, Brook trout, Rainbow trout (resident), dry-fly, isonychia, evidence-A",TRUE,Size,#8,Color,"Mahogany body, slate wing",isonychia-parachute-s8-mahogany-body-slate-wing,2,shopify,0,continue,manual,3.00,TRUE,TRUE,Isonychia Parachute · hand-tied for Michigan rivers,"Isonychia is one of the Au Sable's Big Five, hatching in two peaks, June and September, from mid May to the end of September. The nymphs crawl out to emerge, so Michigan guides fish nymphs and spinners more than duns; use this parachute as a spinner or searching dry on evening riffles, and midday in",draft
isonychia-parachute,,,,,,,,,#10,,"Mahogany body, slate wing",isonychia-parachute-s10-mahogany-body-slate-wing,2,shopify,0,continue,manual,3.00,TRUE,TRUE,,,
isonychia-parachute,,,,,,,,,#12,,"Mahogany body, slate wing",isonychia-parachute-s12-mahogany-body-slate-wing,2,shopify,0,continue,manual,3.00,TRUE,TRUE,,,
light-cahill-parachute,Light Cahill,"<p>Cream Stenacron and Maccaffertium mayflies hatch from early June to mid August, 2 pm to 10 pm, and carry the evening fishing after the Hex on the Upper Manistee, Au Sable and Muskegon. Fish a #12 to #14 cream parachute or Catskill tie in the last two hours of light through July and August.</p><p><strong>Imitates:</strong> Light Cahill</p><p><strong>Fish it for:</strong> Brown trout, Brook trout, Rainbow trout (resident)</p><p>Hand-tied in Michigan for Michigan rivers. See when and where to fish it at michiganflies.com/flies/light-cahill-parachute.</p>",Michigan Flies,Sporting Goods > Outdoor Recreation > Fishing > Fishing Tackle > Fishing Baits & Lures,Dry fly,"Dry fly, Brown trout, Brook trout, Rainbow trout (resident), dry-fly, light-cahill, evidence-A",TRUE,Size,#10,Color,Cream,light-cahill-parachute-s10-cream,2,shopify,0,continue,manual,3.00,TRUE,TRUE,Light Cahill · hand-tied for Michigan rivers,"Cream Stenacron and Maccaffertium mayflies hatch from early June to mid August, 2 pm to 10 pm, and carry the evening fishing after the Hex on the Upper Manistee, Au Sable and Muskegon. Fish a #12 to #14 cream parachute or Catskill tie in the last two hours of light through July and August.",draft
light-cahill-parachute,,,,,,,,,#10,,Pale yellow,light-cahill-parachute-s10-pale-yellow,2,shopify,0,continue,manual,3.00,TRUE,TRUE,,,
light-cahill-parachute,,,,,,,,,#12,,Cream,light-cahill-parachute-s12-cream,2,shopify,0,continue,manual,3.00,TRUE,TRUE,,,
light-cahill-parachute,,,,,,,,,#12,,Pale yellow,light-cahill-parachute-s12-pale-yellow,2,shopify,0,continue,manual,3.00,TRUE,TRUE,,,
light-cahill-parachute,,,,,,,,,#14,,Cream,light-cahill-parachute-s14-cream,2,shopify,0,continue,manual,3.00,TRUE,TRUE,,,
light-cahill-parachute,,,,,,,,,#14,,Pale yellow,light-cahill-parachute-s14-pale-yellow,2,shopify,0,continue,manual,3.00,TRUE,TRUE,,,
little-black-caddis-adult,Little Black Caddis (Chimarra),"<p>Chimarra aterrima emerges midday and lays eggs late afternoon from April 20 to June 30, peaking May 1 to 14, alongside the Hendricksons on the Au Sable, Upper Manistee, Boardman and Pere Marquette; on the Muskegon black caddis are extremely heavy at dusk mid May through June. Fish a #16 to #20 black adult or emerger low in the film.</p><p><strong>Imitates:</strong> Little Black Caddis</p><p><strong>Fish it for:</strong> Brown trout, Brook trout, Rainbow trout (resident)</p><p>Hand-tied in Michigan for Michigan rivers. See when and where to fish it at michiganflies.com/flies/little-black-caddis-adult.</p>",Michigan Flies,Sporting Goods > Outdoor Recreation > Fishing > Fishing Tackle > Fishing Baits & Lures,Dry fly,"Dry fly, Brown trout, Brook trout, Rainbow trout (resident), dry-fly, little-black-caddis, evidence-A",TRUE,Size,#16,Color,"Black body, dark wing",little-black-caddis-adult-s16-black-body-dark-wing,2,shopify,0,continue,manual,3.00,TRUE,TRUE,Little Black Caddis (Chimarra) · hand-tied for Michigan rivers,"Chimarra aterrima emerges midday and lays eggs late afternoon from April 20 to June 30, peaking May 1 to 14, alongside the Hendricksons on the Au Sable, Upper Manistee, Boardman and Pere Marquette; on the Muskegon black caddis are extremely heavy at dusk mid May through June. Fish a #16 to #20 black",draft
little-black-caddis-adult,,,,,,,,,#16,,CDC black caddis,little-black-caddis-adult-s16-cdc-black-caddis,2,shopify,0,continue,manual,3.00,TRUE,TRUE,,,
little-black-caddis-adult,,,,,,,,,#18,,"Black body, dark wing",little-black-caddis-adult-s18-black-body-dark-wing,2,shopify,0,continue,manual,3.00,TRUE,TRUE,,,
little-black-caddis-adult,,,,,,,,,#18,,CDC black caddis,little-black-caddis-adult-s18-cdc-black-caddis,2,shopify,0,continue,manual,3.00,TRUE,TRUE,,,
little-black-caddis-adult,,,,,,,,,#20,,"Black body, dark wing",little-black-caddis-adult-s20-black-body-dark-wing,2,shopify,0,continue,manual,3.00,TRUE,TRUE,,,
little-black-caddis-adult,,,,,,,,,#20,,CDC black caddis,little-black-caddis-adult-s20-cdc-black-caddis,2,shopify,0,continue,manual,3.00,TRUE,TRUE,,,
mahogany-dun-parachute,Mahogany Dun Parachute,"<p>For the fall Mahogany Duns that draw feeding fish on the Pere Marquette from mid September through October, and the Slate Wing Mahoganies of U.P. charts. Fish it on cool afternoons in slow seams; it also matches the spring Blue Quill in #16 to #18.</p><p><strong>Imitates:</strong> Mahogany Dun</p><p><strong>Fish it for:</strong> Brown trout, Brook trout, Rainbow trout (resident)</p><p>Hand-tied in Michigan for Michigan rivers. See when and where to fish it at michiganflies.com/flies/mahogany-dun-parachute.</p>",Michigan Flies,Sporting Goods > Outdoor Recreation > Fishing > Fishing Tackle > Fishing Baits & Lures,Dry fly,"Dry fly, Brown trout, Brook trout, Rainbow trout (resident), dry-fly, mahogany-dun, evidence-A",TRUE,Size,#14,Color,"Mahogany body, slate wing",mahogany-dun-parachute-s14-mahogany-body-slate-wing,2,shopify,0,continue,manual,3.00,TRUE,TRUE,Mahogany Dun Parachute · hand-tied for Michigan rivers,"For the fall Mahogany Duns that draw feeding fish on the Pere Marquette from mid September through October, and the Slate Wing Mahoganies of U.P. charts. Fish it on cool afternoons in slow seams; it also matches the spring Blue Quill in #16 to #18.",draft
mahogany-dun-parachute,,,,,,,,,#16,,"Mahogany body, slate wing",mahogany-dun-parachute-s16-mahogany-body-slate-wing,2,shopify,0,continue,manual,3.00,TRUE,TRUE,,,
mahogany-dun-parachute,,,,,,,,,#18,,"Mahogany body, slate wing",mahogany-dun-parachute-s18-mahogany-body-slate-wing,2,shopify,0,continue,manual,3.00,TRUE,TRUE,,,
march-brown-parachute,March Brown Parachute,"<p>Michigan's March Brown (Maccaffertium vicarium) hatches mid May into July once water reaches the mid 50s, sporadically through the afternoon rather than in a blizzard. The same species appears as the paler Gray Fox, so carry both shades in #10 to #12. Strongest on the Upper Manistee, Muskegon and Chocolay.</p><p><strong>Imitates:</strong> March Brown</p><p><strong>Fish it for:</strong> Brown trout, Brook trout, Rainbow trout (resident)</p><p>Hand-tied in Michigan for Michigan rivers. See when and where to fish it at michiganflies.com/flies/march-brown-parachute.</p>",Michigan Flies,Sporting Goods > Outdoor Recreation > Fishing > Fishing Tackle > Fishing Baits & Lures,Dry fly,"Dry fly, Brown trout, Brook trout, Rainbow trout (resident), dry-fly, march-brown, evidence-A",TRUE,Size,#8,Color,Amber-tan (March Brown),march-brown-parachute-s8-amber-tan-march-brown,2,shopify,0,continue,manual,3.00,TRUE,TRUE,March Brown Parachute · hand-tied for Michigan rivers,"Michigan's March Brown (Maccaffertium vicarium) hatches mid May into July once water reaches the mid 50s, sporadically through the afternoon rather than in a blizzard. The same species appears as the paler Gray Fox, so carry both shades in #10 to #12. Strongest on the Upper Manistee, Muskegon and Ch",draft
march-brown-parachute,,,,,,,,,#8,,Pale ginger (Gray Fox),march-brown-parachute-s8-pale-ginger-gray-fox,2,shopify,0,continue,manual,3.00,TRUE,TRUE,,,
march-brown-parachute,,,,,,,,,#10,,Amber-tan (March Brown),march-brown-parachute-s10-amber-tan-march-brown,2,shopify,0,continue,manual,3.00,TRUE,TRUE,,,
march-brown-parachute,,,,,,,,,#10,,Pale ginger (Gray Fox),march-brown-parachute-s10-pale-ginger-gray-fox,2,shopify,0,continue,manual,3.00,TRUE,TRUE,,,
march-brown-parachute,,,,,,,,,#12,,Amber-tan (March Brown),march-brown-parachute-s12-amber-tan-march-brown,2,shopify,0,continue,manual,3.00,TRUE,TRUE,,,
march-brown-parachute,,,,,,,,,#12,,Pale ginger (Gray Fox),march-brown-parachute-s12-pale-ginger-gray-fox,2,shopify,0,continue,manual,3.00,TRUE,TRUE,,,
mccoys-all-day-dun,McCoy's All Day Dun (Hex),"<p>A Hex dun named by Hawkins for the giant Michigan mayfly, which emerges after dark once water reaches 68 F, peaking June 21 to July 7 on the Au Sable and Manistee (June 8 to 20 on the Muskegon, two to three weeks later in the U.P.). Fish it from 10 pm on a 6 ft 2X leader over silt banks, casting to the sound of rises.</p><p><strong>Imitates:</strong> Hex</p><p><strong>Fish it for:</strong> Brown trout, Brook trout, Rainbow trout (resident)</p><p><em>Ed McCoy, Mangled Fly, Manistee River</em></p><p>Hand-tied in Michigan for Michigan rivers. See when and where to fish it at michiganflies.com/flies/mccoys-all-day-dun.</p>",Michigan Flies,Sporting Goods > Outdoor Recreation > Fishing > Fishing Tackle > Fishing Baits & Lures,Dry fly,"Dry fly, Brown trout, Brook trout, Rainbow trout (resident), dry-fly, hex, evidence-A",TRUE,Size,#4,Color,Pale yellow with reddish-brown markings,mccoys-all-day-dun-s4-pale-yellow-with-reddish-brown-markings,2,shopify,0,continue,manual,3.00,TRUE,TRUE,McCoy's All Day Dun (Hex) · hand-tied for Michigan rivers,"A Hex dun named by Hawkins for the giant Michigan mayfly, which emerges after dark once water reaches 68 F, peaking June 21 to July 7 on the Au Sable and Manistee (June 8 to 20 on the Muskegon, two to three weeks later in the U.P.). Fish it from 10 pm on a 6 ft 2X leader over silt banks, casting to ",draft
mccoys-all-day-dun,,,,,,,,,#6,,Pale yellow with reddish-brown markings,mccoys-all-day-dun-s6-pale-yellow-with-reddish-brown-markings,2,shopify,0,continue,manual,3.00,TRUE,TRUE,,,
mccoys-all-day-dun,,,,,,,,,#8,,Pale yellow with reddish-brown markings,mccoys-all-day-dun-s8-pale-yellow-with-reddish-brown-markings,2,shopify,0,continue,manual,3.00,TRUE,TRUE,,,
october-caddis-adult,October Caddis,"<p>Pycnopsyche, about 20 mm and uniformly reddish brown, flies mostly August through October in Michigan, listed as October Caddis #8 to #14 on state charts. Skate or dead-drift a big orange-brown caddis in the evening and morning from late September into October on the Au Sable, Manistee and Pere Marquette; fall steelhead occasionally rise to it.</p><p><strong>Imitates:</strong> October Caddis</p><p><strong>Fish it for:</strong> Brown trout, Brook trout, Rainbow trout (resident), Steelhead</p><p>Hand-tied in Michigan for Michigan rivers. See when and where to fish it at michiganflies.com/flies/october-caddis-adult.</p>",Michigan Flies,Sporting Goods > Outdoor Recreation > Fishing > Fishing Tackle > Fishing Baits & Lures,Dry fly,"Dry fly, Brown trout, Brook trout, Rainbow trout (resident), Steelhead, dry-fly, october-caddis, evidence-A",TRUE,Size,#8,Color,Reddish brown / burnt orange,october-caddis-adult-s8-reddish-brown-burnt-orange,2,shopify,0,continue,manual,3.00,TRUE,TRUE,October Caddis · hand-tied for Michigan rivers,"Pycnopsyche, about 20 mm and uniformly reddish brown, flies mostly August through October in Michigan, listed as October Caddis #8 to #14 on state charts. Skate or dead-drift a big orange-brown caddis in the evening and morning from late September into October on the Au Sable, Manistee and Pere Marq",draft
october-caddis-adult,,,,,,,,,#10,,Reddish brown / burnt orange,october-caddis-adult-s10-reddish-brown-burnt-orange,2,shopify,0,continue,manual,3.00,TRUE,TRUE,,,
october-caddis-adult,,,,,,,,,#12,,Reddish brown / burnt orange,october-caddis-adult-s12-reddish-brown-burnt-orange,2,shopify,0,continue,manual,3.00,TRUE,TRUE,,,
real-mccoy-gray-drake-spinner,Real McCoy Gray Drake Spinner,"<p>Gray Drake nymphs crawl out to emerge, so the spinner is the only stage worth imitating, and this is the Michigan pattern for it. Spinner flights happen every evening from 7 pm until dark from the third week of May through July on the Muskegon and Pere Marquette, and in June on most northern rivers. Fish it over riffly current where the mating swarms drop.</p><p><strong>Imitates:</strong> Gray Drake</p><p><strong>Fish it for:</strong> Brown trout, Brook trout, Rainbow trout (resident)</p><p><em>Ed McCoy, Mangled Fly, Manistee River</em></p><p>Hand-tied in Michigan for Michigan rivers. See when and where to fish it at michiganflies.com/flies/real-mccoy-gray-drake-spinner.</p>",Michigan Flies,Sporting Goods > Outdoor Recreation > Fishing > Fishing Tackle > Fishing Baits & Lures,Dry fly,"Dry fly, Brown trout, Brook trout, Rainbow trout (resident), dry-fly, gray-drake, evidence-A",TRUE,Size,#8,Color,"Gray body with white head stripe, clear wings",real-mccoy-gray-drake-spinner-s8-gray-body-with-white-head-strip,2,shopify,0,continue,manual,3.00,TRUE,TRUE,Real McCoy Gray Drake Spinner · hand-tied for Michigan rivers,"Gray Drake nymphs crawl out to emerge, so the spinner is the only stage worth imitating, and this is the Michigan pattern for it. Spinner flights happen every evening from 7 pm until dark from the third week of May through July on the Muskegon and Pere Marquette, and in June on most northern rivers.",draft
real-mccoy-gray-drake-spinner,,,,,,,,,#10,,"Gray body with white head stripe, clear wings",real-mccoy-gray-drake-spinner-s10-gray-body-with-white-head-stri,2,shopify,0,continue,manual,3.00,TRUE,TRUE,,,
real-mccoy-gray-drake-spinner,,,,,,,,,#12,,"Gray body with white head stripe, clear wings",real-mccoy-gray-drake-spinner-s12-gray-body-with-white-head-stri,2,shopify,0,continue,manual,3.00,TRUE,TRUE,,,
red-quill,Red Quill,"<p>Imitates the male Hendrickson dun, which is darker and one hook size smaller than the female Light Hendrickson. Useful when fish key on the smaller males late in the Michigan Hendrickson window (early to mid May in the northern Lower Peninsula, a week or two later in the U.P.).</p><p><strong>Imitates:</strong> Hendrickson</p><p><strong>Fish it for:</strong> Brown trout, Brook trout, Rainbow trout (resident)</p><p>Hand-tied in Michigan for Michigan rivers. See when and where to fish it at michiganflies.com/flies/red-quill.</p>",Michigan Flies,Sporting Goods > Outdoor Recreation > Fishing > Fishing Tackle > Fishing Baits & Lures,Dry fly,"Dry fly, Brown trout, Brook trout, Rainbow trout (resident), dry-fly, hendrickson, evidence-A",TRUE,Size,#14,Color,Reddish brown quill body,red-quill-s14-reddish-brown-quill-body,2,shopify,0,continue,manual,3.00,TRUE,TRUE,Red Quill · hand-tied for Michigan rivers,"Imitates the male Hendrickson dun, which is darker and one hook size smaller than the female Light Hendrickson. Useful when fish key on the smaller males late in the Michigan Hendrickson window (early to mid May in the northern Lower Peninsula, a week or two later in the U.P.).",draft
red-quill,,,,,,,,,#16,,Reddish brown quill body,red-quill-s16-reddish-brown-quill-body,2,shopify,0,continue,manual,3.00,TRUE,TRUE,,,
regans-hendrickson-parachute,Regan's Hendrickson Parachute,"<p>The Au Sable guide standard for the first of the Big Five hatches, fished from the last week of April into mid May when water holds 50 to 55 F. Duns come off mid-afternoon (2 to 5 pm on the Au Sable) for one to two hours; drift it drag-free over riffles and tailouts. Carry both the dark male and lighter female shades in #12 and #14.</p><p><strong>Imitates:</strong> Hendrickson</p><p><strong>Fish it for:</strong> Brown trout, Brook trout, Rainbow trout (resident)</p><p><em>Au Sable River, Grayling</em></p><p>Hand-tied in Michigan for Michigan rivers. See when and where to fish it at michiganflies.com/flies/regans-hendrickson-parachute.</p>",Michigan Flies,Sporting Goods > Outdoor Recreation > Fishing > Fishing Tackle > Fishing Baits & Lures,Dry fly,"Dry fly, Brown trout, Brook trout, Rainbow trout (resident), dry-fly, hendrickson, evidence-A",TRUE,Size,#12,Color,Dark Hendrickson (reddish brown),regans-hendrickson-parachute-s12-dark-hendrickson-reddish-brown,2,shopify,0,continue,manual,3.00,TRUE,TRUE,Regan's Hendrickson Parachute · hand-tied for Michigan rivers,"The Au Sable guide standard for the first of the Big Five hatches, fished from the last week of April into mid May when water holds 50 to 55 F. Duns come off mid-afternoon (2 to 5 pm on the Au Sable) for one to two hours; drift it drag-free over riffles and tailouts. Carry both the dark male and lig",draft
regans-hendrickson-parachute,,,,,,,,,#12,,Light Hendrickson (creamy tan),regans-hendrickson-parachute-s12-light-hendrickson-creamy-tan,2,shopify,0,continue,manual,3.00,TRUE,TRUE,,,
regans-hendrickson-parachute,,,,,,,,,#14,,Dark Hendrickson (reddish brown),regans-hendrickson-parachute-s14-dark-hendrickson-reddish-brown,2,shopify,0,continue,manual,3.00,TRUE,TRUE,,,
regans-hendrickson-parachute,,,,,,,,,#14,,Light Hendrickson (creamy tan),regans-hendrickson-parachute-s14-light-hendrickson-creamy-tan,2,shopify,0,continue,manual,3.00,TRUE,TRUE,,,
regans-hendrickson-spinner,Regan's Hendrickson Spinner,"<p>Rusty spinner for the Hendrickson fall, which happens late afternoon into dusk over riffles and is often compressed into about thirty minutes. Cool evenings suppress the fall and push it to the next morning. Fish it flush in the film below riffles from late April through mid May.</p><p><strong>Imitates:</strong> Hendrickson</p><p><strong>Fish it for:</strong> Brown trout, Brook trout, Rainbow trout (resident)</p><p><em>Au Sable River, Grayling</em></p><p>Hand-tied in Michigan for Michigan rivers. See when and where to fish it at michiganflies.com/flies/regans-hendrickson-spinner.</p>",Michigan Flies,Sporting Goods > Outdoor Recreation > Fishing > Fishing Tackle > Fishing Baits & Lures,Dry fly,"Dry fly, Brown trout, Brook trout, Rainbow trout (resident), dry-fly, hendrickson, evidence-A",TRUE,Size,#12,Color,Rusty brown,regans-hendrickson-spinner-s12-rusty-brown,2,shopify,0,continue,manual,3.00,TRUE,TRUE,Regan's Hendrickson Spinner · hand-tied for Michigan rivers,"Rusty spinner for the Hendrickson fall, which happens late afternoon into dusk over riffles and is often compressed into about thirty minutes. Cool evenings suppress the fall and push it to the next morning. Fish it flush in the film below riffles from late April through mid May.",draft
regans-hendrickson-spinner,,,,,,,,,#14,,Rusty brown,regans-hendrickson-spinner-s14-rusty-brown,2,shopify,0,continue,manual,3.00,TRUE,TRUE,,,
roberts-yellow-drake,Roberts Yellow Drake,"<p>Grayling's all-purpose pale mayfly, an extended deer-hair body under a parachute post, sized #4 through #18 to cover Sulphurs, Cahills, Brown Drakes and the Hex. Hawkins names a large Roberts Yellow Drake as a Hex dun and spinner; fish it after dark in late June on a short 6 ft 2X leader. Every Au Sable shop stocks it.</p><p><strong>Imitates:</strong> Sulphur, Light Cahill, Brown Drake, Hex</p><p><strong>Fish it for:</strong> Brown trout, Brook trout, Rainbow trout (resident)</p><p><em>Clarence Roberts, Grayling (Au Sable River)</em></p><p>Hand-tied in Michigan for Michigan rivers. See when and where to fish it at michiganflies.com/flies/roberts-yellow-drake.</p>",Michigan Flies,Sporting Goods > Outdoor Recreation > Fishing > Fishing Tackle > Fishing Baits & Lures,Dry fly,"Dry fly, Brown trout, Brook trout, Rainbow trout (resident), dry-fly, sulphur-invaria, light-cahill, brown-drake, hex, evidence-A",TRUE,Size,#4,Color,Yellow (deer-hair body),roberts-yellow-drake-s4-yellow-deer-hair-body,2,shopify,0,continue,manual,3.00,TRUE,TRUE,Roberts Yellow Drake · hand-tied for Michigan rivers,"Grayling's all-purpose pale mayfly, an extended deer-hair body under a parachute post, sized #4 through #18 to cover Sulphurs, Cahills, Brown Drakes and the Hex. Hawkins names a large Roberts Yellow Drake as a Hex dun and spinner; fish it after dark in late June on a short 6 ft 2X leader. Every Au S",draft
roberts-yellow-drake,,,,,,,,,#4,,Yellow tied large for Hex,roberts-yellow-drake-s4-yellow-tied-large-for-hex,2,shopify,0,continue,manual,3.00,TRUE,TRUE,,,
roberts-yellow-drake,,,,,,,,,#6,,Yellow (deer-hair body),roberts-yellow-drake-s6-yellow-deer-hair-body,2,shopify,0,continue,manual,3.00,TRUE,TRUE,,,
roberts-yellow-drake,,,,,,,,,#6,,Yellow tied large for Hex,roberts-yellow-drake-s6-yellow-tied-large-for-hex,2,shopify,0,continue,manual,3.00,TRUE,TRUE,,,
roberts-yellow-drake,,,,,,,,,#8,,Yellow (deer-hair body),roberts-yellow-drake-s8-yellow-deer-hair-body,2,shopify,0,continue,manual,3.00,TRUE,TRUE,,,
roberts-yellow-drake,,,,,,,,,#8,,Yellow tied large for Hex,roberts-yellow-drake-s8-yellow-tied-large-for-hex,2,shopify,0,continue,manual,3.00,TRUE,TRUE,,,
roberts-yellow-drake,,,,,,,,,#10,,Yellow (deer-hair body),roberts-yellow-drake-s10-yellow-deer-hair-body,2,shopify,0,continue,manual,3.00,TRUE,TRUE,,,
roberts-yellow-drake,,,,,,,,,#10,,Yellow tied large for Hex,roberts-yellow-drake-s10-yellow-tied-large-for-hex,2,shopify,0,continue,manual,3.00,TRUE,TRUE,,,
roberts-yellow-drake,,,,,,,,,#12,,Yellow (deer-hair body),roberts-yellow-drake-s12-yellow-deer-hair-body,2,shopify,0,continue,manual,3.00,TRUE,TRUE,,,
roberts-yellow-drake,,,,,,,,,#12,,Yellow tied large for Hex,roberts-yellow-drake-s12-yellow-tied-large-for-hex,2,shopify,0,continue,manual,3.00,TRUE,TRUE,,,
roberts-yellow-drake,,,,,,,,,#14,,Yellow (deer-hair body),roberts-yellow-drake-s14-yellow-deer-hair-body,2,shopify,0,continue,manual,3.00,TRUE,TRUE,,,
roberts-yellow-drake,,,,,,,,,#14,,Yellow tied large for Hex,roberts-yellow-drake-s14-yellow-tied-large-for-hex,2,shopify,0,continue,manual,3.00,TRUE,TRUE,,,
roberts-yellow-drake,,,,,,,,,#16,,Yellow (deer-hair body),roberts-yellow-drake-s16-yellow-deer-hair-body,2,shopify,0,continue,manual,3.00,TRUE,TRUE,,,
roberts-yellow-drake,,,,,,,,,#16,,Yellow tied large for Hex,roberts-yellow-drake-s16-yellow-tied-large-for-hex,2,shopify,0,continue,manual,3.00,TRUE,TRUE,,,
roberts-yellow-drake,,,,,,,,,#18,,Yellow (deer-hair body),roberts-yellow-drake-s18-yellow-deer-hair-body,2,shopify,0,continue,manual,3.00,TRUE,TRUE,,,
roberts-yellow-drake,,,,,,,,,#18,,Yellow tied large for Hex,roberts-yellow-drake-s18-yellow-tied-large-for-hex,2,shopify,0,continue,manual,3.00,TRUE,TRUE,,,
rusty-spinner,Rusty Spinner,"<p>Supinski's Muskegon chart says 'rusty spinners at dark' for Sulphurs, and the same fly covers Hendrickson, Cahill and March Brown falls over riffles at sunset. Fish it flush in the film at dusk from May through July when you see spent wings in the foam lines.</p><p><strong>Imitates:</strong> Sulphur, Little Sulphur, Hendrickson, Light Cahill, March Brown</p><p><strong>Fish it for:</strong> Brown trout, Brook trout, Rainbow trout (resident)</p><p>Hand-tied in Michigan for Michigan rivers. See when and where to fish it at michiganflies.com/flies/rusty-spinner.</p>",Michigan Flies,Sporting Goods > Outdoor Recreation > Fishing > Fishing Tackle > Fishing Baits & Lures,Dry fly,"Dry fly, Brown trout, Brook trout, Rainbow trout (resident), dry-fly, sulphur-invaria, sulphur-dorothea, hendrickson, light-cahill, march-brown, evidence-A",TRUE,Size,#12,Color,Rusty brown,rusty-spinner-s12-rusty-brown,2,shopify,0,continue,manual,3.00,TRUE,TRUE,Rusty Spinner · hand-tied for Michigan rivers,"Supinski's Muskegon chart says 'rusty spinners at dark' for Sulphurs, and the same fly covers Hendrickson, Cahill and March Brown falls over riffles at sunset. Fish it flush in the film at dusk from May through July when you see spent wings in the foam lines.",draft
rusty-spinner,,,,,,,,,#12,,Rust with clear wings,rusty-spinner-s12-rust-with-clear-wings,2,shopify,0,continue,manual,3.00,TRUE,TRUE,,,
rusty-spinner,,,,,,,,,#14,,Rusty brown,rusty-spinner-s14-rusty-brown,2,shopify,0,continue,manual,3.00,TRUE,TRUE,,,
rusty-spinner,,,,,,,,,#14,,Rust with clear wings,rusty-spinner-s14-rust-with-clear-wings,2,shopify,0,continue,manual,3.00,TRUE,TRUE,,,
rusty-spinner,,,,,,,,,#16,,Rusty brown,rusty-spinner-s16-rusty-brown,2,shopify,0,continue,manual,3.00,TRUE,TRUE,,,
rusty-spinner,,,,,,,,,#16,,Rust with clear wings,rusty-spinner-s16-rust-with-clear-wings,2,shopify,0,continue,manual,3.00,TRUE,TRUE,,,
rusty-spinner,,,,,,,,,#18,,Rusty brown,rusty-spinner-s18-rusty-brown,2,shopify,0,continue,manual,3.00,TRUE,TRUE,,,
rusty-spinner,,,,,,,,,#18,,Rust with clear wings,rusty-spinner-s18-rust-with-clear-wings,2,shopify,0,continue,manual,3.00,TRUE,TRUE,,,
rusty-spinner,,,,,,,,,#20,,Rusty brown,rusty-spinner-s20-rusty-brown,2,shopify,0,continue,manual,3.00,TRUE,TRUE,,,
rusty-spinner,,,,,,,,,#20,,Rust with clear wings,rusty-spinner-s20-rust-with-clear-wings,2,shopify,0,continue,manual,3.00,TRUE,TRUE,,,
sly-sister-stone,Sly Sister Stone,"<p>A CDC-winged adult early black stonefly for the egg-laying flights on warm late-winter afternoons, when females beat their wings continuously on the surface. Fish it noon to 4 pm on the Muskegon and Pere Marquette from late February through April for resident trout and the occasional rising steelhead.</p><p><strong>Imitates:</strong> Early Black Stonefly</p><p><strong>Fish it for:</strong> Brown trout, Rainbow trout (resident), Steelhead</p><p>Hand-tied in Michigan for Michigan rivers. See when and where to fish it at michiganflies.com/flies/sly-sister-stone.</p>",Michigan Flies,Sporting Goods > Outdoor Recreation > Fishing > Fishing Tackle > Fishing Baits & Lures,Dry fly,"Dry fly, Brown trout, Rainbow trout (resident), Steelhead, dry-fly, early-black-stonefly, evidence-A",TRUE,Size,#12,Color,Black with CDC wing,sly-sister-stone-s12-black-with-cdc-wing,2,shopify,0,continue,manual,3.00,TRUE,TRUE,Sly Sister Stone · hand-tied for Michigan rivers,"A CDC-winged adult early black stonefly for the egg-laying flights on warm late-winter afternoons, when females beat their wings continuously on the surface. Fish it noon to 4 pm on the Muskegon and Pere Marquette from late February through April for resident trout and the occasional rising steelhea",draft
sly-sister-stone,,,,,,,,,#14,,Black with CDC wing,sly-sister-stone-s14-black-with-cdc-wing,2,shopify,0,continue,manual,3.00,TRUE,TRUE,,,
spent-caddis,Spent Caddis (Quad-Wing),"<p>Muskegon trout feed heavily on spent 'quad-wing' egg-layers at dusk, and the same happens on the Au Sable and Manistee when female caddis die on the water after ovipositing. Fish a flush-floating spent pattern on 6X in the foam lines in the last light from May through September.</p><p><strong>Imitates:</strong> Tan Caddis, Little Black Caddis, Little Sister Sedge</p><p><strong>Fish it for:</strong> Brown trout, Rainbow trout (resident), Brook trout</p><p>Hand-tied in Michigan for Michigan rivers. See when and where to fish it at michiganflies.com/flies/spent-caddis.</p>",Michigan Flies,Sporting Goods > Outdoor Recreation > Fishing > Fishing Tackle > Fishing Baits & Lures,Dry fly,"Dry fly, Brown trout, Rainbow trout (resident), Brook trout, dry-fly, tan-caddis, little-black-caddis, little-sister-caddis, evidence-A",TRUE,Size,#14,Color,Tan,spent-caddis-s14-tan,2,shopify,0,continue,manual,3.00,TRUE,TRUE,Spent Caddis (Quad-Wing) · hand-tied for Michigan rivers,"Muskegon trout feed heavily on spent 'quad-wing' egg-layers at dusk, and the same happens on the Au Sable and Manistee when female caddis die on the water after ovipositing. Fish a flush-floating spent pattern on 6X in the foam lines in the last light from May through September.",draft
spent-caddis,,,,,,,,,#14,,Black,spent-caddis-s14-black,2,shopify,0,continue,manual,3.00,TRUE,TRUE,,,
spent-caddis,,,,,,,,,#14,,Olive,spent-caddis-s14-olive,2,shopify,0,continue,manual,3.00,TRUE,TRUE,,,
spent-caddis,,,,,,,,,#16,,Tan,spent-caddis-s16-tan,2,shopify,0,continue,manual,3.00,TRUE,TRUE,,,
spent-caddis,,,,,,,,,#16,,Black,spent-caddis-s16-black,2,shopify,0,continue,manual,3.00,TRUE,TRUE,,,
spent-caddis,,,,,,,,,#16,,Olive,spent-caddis-s16-olive,2,shopify,0,continue,manual,3.00,TRUE,TRUE,,,
spent-caddis,,,,,,,,,#18,,Tan,spent-caddis-s18-tan,2,shopify,0,continue,manual,3.00,TRUE,TRUE,,,
spent-caddis,,,,,,,,,#18,,Black,spent-caddis-s18-black,2,shopify,0,continue,manual,3.00,TRUE,TRUE,,,
spent-caddis,,,,,,,,,#18,,Olive,spent-caddis-s18-olive,2,shopify,0,continue,manual,3.00,TRUE,TRUE,,,
spent-caddis,,,,,,,,,#20,,Tan,spent-caddis-s20-tan,2,shopify,0,continue,manual,3.00,TRUE,TRUE,,,
spent-caddis,,,,,,,,,#20,,Black,spent-caddis-s20-black,2,shopify,0,continue,manual,3.00,TRUE,TRUE,,,
spent-caddis,,,,,,,,,#20,,Olive,spent-caddis-s20-olive,2,shopify,0,continue,manual,3.00,TRUE,TRUE,,,
stimulator,Stimulator,"<p>A buoyant palmered dry that stands in for golden stone adults during the Hex weeks (Gates reports yellow and golden stones concurrent with the June Hex), Yellow Sallies in May and June, and October Caddis in fall. It also floats a dropper nymph in fast water on the Pine and Sturgeon.</p><p><strong>Imitates:</strong> Golden Stonefly, Little Yellow Sally, October Caddis</p><p><strong>Fish it for:</strong> Brown trout, Brook trout, Rainbow trout (resident)</p><p>Hand-tied in Michigan for Michigan rivers. See when and where to fish it at michiganflies.com/flies/stimulator.</p>",Michigan Flies,Sporting Goods > Outdoor Recreation > Fishing > Fishing Tackle > Fishing Baits & Lures,Dry fly,"Dry fly, Brown trout, Brook trout, Rainbow trout (resident), dry-fly, golden-stone, little-yellow-sally, october-caddis, evidence-I",TRUE,Size,#6,Color,Yellow,stimulator-s6-yellow,2,shopify,0,continue,manual,3.00,TRUE,TRUE,Stimulator · hand-tied for Michigan rivers,"A buoyant palmered dry that stands in for golden stone adults during the Hex weeks (Gates reports yellow and golden stones concurrent with the June Hex), Yellow Sallies in May and June, and October Caddis in fall. It also floats a dropper nymph in fast water on the Pine and Sturgeon.",draft
stimulator,,,,,,,,,#6,,Orange,stimulator-s6-orange,2,shopify,0,continue,manual,3.00,TRUE,TRUE,,,
stimulator,,,,,,,,,#6,,Olive,stimulator-s6-olive,2,shopify,0,continue,manual,3.00,TRUE,TRUE,,,
stimulator,,,,,,,,,#8,,Yellow,stimulator-s8-yellow,2,shopify,0,continue,manual,3.00,TRUE,TRUE,,,
stimulator,,,,,,,,,#8,,Orange,stimulator-s8-orange,2,shopify,0,continue,manual,3.00,TRUE,TRUE,,,
stimulator,,,,,,,,,#8,,Olive,stimulator-s8-olive,2,shopify,0,continue,manual,3.00,TRUE,TRUE,,,
stimulator,,,,,,,,,#10,,Yellow,stimulator-s10-yellow,2,shopify,0,continue,manual,3.00,TRUE,TRUE,,,
stimulator,,,,,,,,,#10,,Orange,stimulator-s10-orange,2,shopify,0,continue,manual,3.00,TRUE,TRUE,,,
stimulator,,,,,,,,,#10,,Olive,stimulator-s10-olive,2,shopify,0,continue,manual,3.00,TRUE,TRUE,,,
stimulator,,,,,,,,,#12,,Yellow,stimulator-s12-yellow,2,shopify,0,continue,manual,3.00,TRUE,TRUE,,,
stimulator,,,,,,,,,#12,,Orange,stimulator-s12-orange,2,shopify,0,continue,manual,3.00,TRUE,TRUE,,,
stimulator,,,,,,,,,#12,,Olive,stimulator-s12-olive,2,shopify,0,continue,manual,3.00,TRUE,TRUE,,,
stimulator,,,,,,,,,#14,,Yellow,stimulator-s14-yellow,2,shopify,0,continue,manual,3.00,TRUE,TRUE,,,
stimulator,,,,,,,,,#14,,Orange,stimulator-s14-orange,2,shopify,0,continue,manual,3.00,TRUE,TRUE,,,
stimulator,,,,,,,,,#14,,Olive,stimulator-s14-olive,2,shopify,0,continue,manual,3.00,TRUE,TRUE,,,
sulphur-comparadun,Sulphur Comparadun,"<p>A low-riding no-hackle dun for the Sulphur hatch that runs mid May into July on Michigan rivers, with an afternoon emergence window of one to two hours. Carry creamy yellow through olive and orange shades to match the Au Sable's variable naturals, in #14 to #16 for E. invaria and #18 to #20 for E. dorothea. Switch to an emerger or rusty spinner when fish refuse it.</p><p><strong>Imitates:</strong> Sulphur, Little Sulphur</p><p><strong>Fish it for:</strong> Brown trout, Brook trout, Rainbow trout (resident)</p><p>Hand-tied in Michigan for Michigan rivers. See when and where to fish it at michiganflies.com/flies/sulphur-comparadun.</p>",Michigan Flies,Sporting Goods > Outdoor Recreation > Fishing > Fishing Tackle > Fishing Baits & Lures,Dry fly,"Dry fly, Brown trout, Brook trout, Rainbow trout (resident), dry-fly, sulphur-invaria, sulphur-dorothea, evidence-I",TRUE,Size,#14,Color,Pale yellow,sulphur-comparadun-s14-pale-yellow,2,shopify,0,continue,manual,3.00,TRUE,TRUE,Sulphur Comparadun · hand-tied for Michigan rivers,"A low-riding no-hackle dun for the Sulphur hatch that runs mid May into July on Michigan rivers, with an afternoon emergence window of one to two hours. Carry creamy yellow through olive and orange shades to match the Au Sable's variable naturals, in #14 to #16 for E. invaria and #18 to #20 for E. d",draft
sulphur-comparadun,,,,,,,,,#14,,Yellow-olive,sulphur-comparadun-s14-yellow-olive,2,shopify,0,continue,manual,3.00,TRUE,TRUE,,,
sulphur-comparadun,,,,,,,,,#14,,Yellow-orange,sulphur-comparadun-s14-yellow-orange,2,shopify,0,continue,manual,3.00,TRUE,TRUE,,,
sulphur-comparadun,,,,,,,,,#16,,Pale yellow,sulphur-comparadun-s16-pale-yellow,2,shopify,0,continue,manual,3.00,TRUE,TRUE,,,
sulphur-comparadun,,,,,,,,,#16,,Yellow-olive,sulphur-comparadun-s16-yellow-olive,2,shopify,0,continue,manual,3.00,TRUE,TRUE,,,
sulphur-comparadun,,,,,,,,,#16,,Yellow-orange,sulphur-comparadun-s16-yellow-orange,2,shopify,0,continue,manual,3.00,TRUE,TRUE,,,
sulphur-comparadun,,,,,,,,,#18,,Pale yellow,sulphur-comparadun-s18-pale-yellow,2,shopify,0,continue,manual,3.00,TRUE,TRUE,,,
sulphur-comparadun,,,,,,,,,#18,,Yellow-olive,sulphur-comparadun-s18-yellow-olive,2,shopify,0,continue,manual,3.00,TRUE,TRUE,,,
sulphur-comparadun,,,,,,,,,#18,,Yellow-orange,sulphur-comparadun-s18-yellow-orange,2,shopify,0,continue,manual,3.00,TRUE,TRUE,,,
sulphur-comparadun,,,,,,,,,#20,,Pale yellow,sulphur-comparadun-s20-pale-yellow,2,shopify,0,continue,manual,3.00,TRUE,TRUE,,,
sulphur-comparadun,,,,,,,,,#20,,Yellow-olive,sulphur-comparadun-s20-yellow-olive,2,shopify,0,continue,manual,3.00,TRUE,TRUE,,,
sulphur-comparadun,,,,,,,,,#20,,Yellow-orange,sulphur-comparadun-s20-yellow-orange,2,shopify,0,continue,manual,3.00,TRUE,TRUE,,,
trico-spinner,Trico Spinner,"<p>The morning spinner fall, 6 to 10 am, from July 20 to mid October on the Au Sable, Boardman and Pere Marquette (August 3 onward in the U.P.). Supinski's Muskegon chart says fish #24 double spinner patterns, since fish gorge on clumps. Requires 6X to 7X and a downstream drift over flat water.</p><p><strong>Imitates:</strong> Trico</p><p><strong>Fish it for:</strong> Brown trout, Brook trout, Rainbow trout (resident)</p><p>Hand-tied in Michigan for Michigan rivers. See when and where to fish it at michiganflies.com/flies/trico-spinner.</p>",Michigan Flies,Sporting Goods > Outdoor Recreation > Fishing > Fishing Tackle > Fishing Baits & Lures,Dry fly,"Dry fly, Brown trout, Brook trout, Rainbow trout (resident), dry-fly, trico, evidence-A",TRUE,Size,#20,Color,"Black body, clear wings (female)",trico-spinner-s20-black-body-clear-wings-female,2,shopify,0,continue,manual,3.00,TRUE,TRUE,Trico Spinner · hand-tied for Michigan rivers,"The morning spinner fall, 6 to 10 am, from July 20 to mid October on the Au Sable, Boardman and Pere Marquette (August 3 onward in the U.P.). Supinski's Muskegon chart says fish #24 double spinner patterns, since fish gorge on clumps. Requires 6X to 7X and a downstream drift over flat water.",draft
trico-spinner,,,,,,,,,#20,,Olive body (dun),trico-spinner-s20-olive-body-dun,2,shopify,0,continue,manual,3.00,TRUE,TRUE,,,
trico-spinner,,,,,,,,,#20,,Double spinner,trico-spinner-s20-double-spinner,2,shopify,0,continue,manual,3.00,TRUE,TRUE,,,
trico-spinner,,,,,,,,,#22,,"Black body, clear wings (female)",trico-spinner-s22-black-body-clear-wings-female,2,shopify,0,continue,manual,3.00,TRUE,TRUE,,,
trico-spinner,,,,,,,,,#22,,Olive body (dun),trico-spinner-s22-olive-body-dun,2,shopify,0,continue,manual,3.00,TRUE,TRUE,,,
trico-spinner,,,,,,,,,#22,,Double spinner,trico-spinner-s22-double-spinner,2,shopify,0,continue,manual,3.00,TRUE,TRUE,,,
trico-spinner,,,,,,,,,#24,,"Black body, clear wings (female)",trico-spinner-s24-black-body-clear-wings-female,2,shopify,0,continue,manual,3.00,TRUE,TRUE,,,
trico-spinner,,,,,,,,,#24,,Olive body (dun),trico-spinner-s24-olive-body-dun,2,shopify,0,continue,manual,3.00,TRUE,TRUE,,,
trico-spinner,,,,,,,,,#24,,Double spinner,trico-spinner-s24-double-spinner,2,shopify,0,continue,manual,3.00,TRUE,TRUE,,,
trico-spinner,,,,,,,,,#26,,"Black body, clear wings (female)",trico-spinner-s26-black-body-clear-wings-female,2,shopify,0,continue,manual,3.00,TRUE,TRUE,,,
trico-spinner,,,,,,,,,#26,,Olive body (dun),trico-spinner-s26-olive-body-dun,2,shopify,0,continue,manual,3.00,TRUE,TRUE,,,
trico-spinner,,,,,,,,,#26,,Double spinner,trico-spinner-s26-double-spinner,2,shopify,0,continue,manual,3.00,TRUE,TRUE,,,
white-fly-parachute,White Fly Parachute,"<p>Ephoron hatches at dusk for about two hours from around August 14 through September once water reaches 65 to 70 F, on the Au Sable, White, Huron and Escanaba. FlyFishFinder lists the White Parachute, White Wulff and White Comparadun in #14 to #16; the naturals are cream with gray wings, so avoid pure white. Females never molt, so one pattern covers dun and spinner.</p><p><strong>Imitates:</strong> White Fly</p><p><strong>Fish it for:</strong> Brown trout, Brook trout, Rainbow trout (resident)</p><p>Hand-tied in Michigan for Michigan rivers. See when and where to fish it at michiganflies.com/flies/white-fly-parachute.</p>",Michigan Flies,Sporting Goods > Outdoor Recreation > Fishing > Fishing Tackle > Fishing Baits & Lures,Dry fly,"Dry fly, Brown trout, Brook trout, Rainbow trout (resident), dry-fly, white-fly, evidence-A",TRUE,Size,#10,Color,"Cream body, light gray wing",white-fly-parachute-s10-cream-body-light-gray-wing,2,shopify,0,continue,manual,3.00,TRUE,TRUE,White Fly Parachute · hand-tied for Michigan rivers,"Ephoron hatches at dusk for about two hours from around August 14 through September once water reaches 65 to 70 F, on the Au Sable, White, Huron and Escanaba. FlyFishFinder lists the White Parachute, White Wulff and White Comparadun in #14 to #16; the naturals are cream with gray wings, so avoid pur",draft
white-fly-parachute,,,,,,,,,#10,,White,white-fly-parachute-s10-white,2,shopify,0,continue,manual,3.00,TRUE,TRUE,,,
white-fly-parachute,,,,,,,,,#12,,"Cream body, light gray wing",white-fly-parachute-s12-cream-body-light-gray-wing,2,shopify,0,continue,manual,3.00,TRUE,TRUE,,,
white-fly-parachute,,,,,,,,,#12,,White,white-fly-parachute-s12-white,2,shopify,0,continue,manual,3.00,TRUE,TRUE,,,
white-fly-parachute,,,,,,,,,#14,,"Cream body, light gray wing",white-fly-parachute-s14-cream-body-light-gray-wing,2,shopify,0,continue,manual,3.00,TRUE,TRUE,,,
white-fly-parachute,,,,,,,,,#14,,White,white-fly-parachute-s14-white,2,shopify,0,continue,manual,3.00,TRUE,TRUE,,,
white-fly-parachute,,,,,,,,,#16,,"Cream body, light gray wing",white-fly-parachute-s16-cream-body-light-gray-wing,2,shopify,0,continue,manual,3.00,TRUE,TRUE,,,
white-fly-parachute,,,,,,,,,#16,,White,white-fly-parachute-s16-white,2,shopify,0,continue,manual,3.00,TRUE,TRUE,,,
white-miller-caddis,White Miller Caddis,"<p>Nectopsyche, the White Miller, hatches July 1 to September 30 on northern charts and at dark in #14 on the Muskegon from mid July through October. Fish a cream #12 to #16 caddis in the afternoon and again after dark on warm summer nights.</p><p><strong>Imitates:</strong> White Miller</p><p><strong>Fish it for:</strong> Brown trout, Brook trout, Rainbow trout (resident)</p><p>Hand-tied in Michigan for Michigan rivers. See when and where to fish it at michiganflies.com/flies/white-miller-caddis.</p>",Michigan Flies,Sporting Goods > Outdoor Recreation > Fishing > Fishing Tackle > Fishing Baits & Lures,Dry fly,"Dry fly, Brown trout, Brook trout, Rainbow trout (resident), dry-fly, white-miller, evidence-A",TRUE,Size,#12,Color,Cream-white,white-miller-caddis-s12-cream-white,2,shopify,0,continue,manual,3.00,TRUE,TRUE,White Miller Caddis · hand-tied for Michigan rivers,"Nectopsyche, the White Miller, hatches July 1 to September 30 on northern charts and at dark in #14 on the Muskegon from mid July through October. Fish a cream #12 to #16 caddis in the afternoon and again after dark on warm summer nights.",draft
white-miller-caddis,,,,,,,,,#14,,Cream-white,white-miller-caddis-s14-cream-white,2,shopify,0,continue,manual,3.00,TRUE,TRUE,,,
white-miller-caddis,,,,,,,,,#16,,Cream-white,white-miller-caddis-s16-cream-white,2,shopify,0,continue,manual,3.00,TRUE,TRUE,,,
white-wulff,White Wulff,"<p>A high-floating, easily seen White Fly dun for the last light and first dark of the mid August to September hatch. Fish it in riffle tails on the Au Sable from Mio downstream and on the White River when the swarms come off around sunset.</p><p><strong>Imitates:</strong> White Fly</p><p><strong>Fish it for:</strong> Brown trout, Brook trout, Rainbow trout (resident)</p><p>Hand-tied in Michigan for Michigan rivers. See when and where to fish it at michiganflies.com/flies/white-wulff.</p>",Michigan Flies,Sporting Goods > Outdoor Recreation > Fishing > Fishing Tackle > Fishing Baits & Lures,Dry fly,"Dry fly, Brown trout, Brook trout, Rainbow trout (resident), dry-fly, white-fly, evidence-A",TRUE,Size,#10,Color,White with calf-tail wing,white-wulff-s10-white-with-calf-tail-wing,2,shopify,0,continue,manual,3.00,TRUE,TRUE,White Wulff · hand-tied for Michigan rivers,"A high-floating, easily seen White Fly dun for the last light and first dark of the mid August to September hatch. Fish it in riffle tails on the Au Sable from Mio downstream and on the White River when the swarms come off around sunset.",draft
white-wulff,,,,,,,,,#12,,White with calf-tail wing,white-wulff-s12-white-with-calf-tail-wing,2,shopify,0,continue,manual,3.00,TRUE,TRUE,,,
white-wulff,,,,,,,,,#14,,White with calf-tail wing,white-wulff-s14-white-with-calf-tail-wing,2,shopify,0,continue,manual,3.00,TRUE,TRUE,,,
white-wulff,,,,,,,,,#16,,White with calf-tail wing,white-wulff-s16-white-with-calf-tail-wing,2,shopify,0,continue,manual,3.00,TRUE,TRUE,,,
yellow-crane-fly-adult,Yellow Crane Fly Adult,"<p>Supinski's Muskegon chart notes #16 yellow crane flies hatching along with the Sulphurs in late May and June, often confused with mayflies by anglers. Skate or dead-drift a long-legged yellow adult in the evening when fish refuse Sulphur duns on the Muskegon.</p><p><strong>Imitates:</strong> Crane Fly, Sulphur</p><p><strong>Fish it for:</strong> Brown trout, Rainbow trout (resident)</p><p>Hand-tied in Michigan for Michigan rivers. See when and where to fish it at michiganflies.com/flies/yellow-crane-fly-adult.</p>",Michigan Flies,Sporting Goods > Outdoor Recreation > Fishing > Fishing Tackle > Fishing Baits & Lures,Dry fly,"Dry fly, Brown trout, Rainbow trout (resident), dry-fly, crane-fly, sulphur-invaria, evidence-A",TRUE,Size,#14,Color,Pale yellow with long legs,yellow-crane-fly-adult-s14-pale-yellow-with-long-legs,2,shopify,0,continue,manual,3.00,TRUE,TRUE,Yellow Crane Fly Adult · hand-tied for Michigan rivers,"Supinski's Muskegon chart notes #16 yellow crane flies hatching along with the Sulphurs in late May and June, often confused with mayflies by anglers. Skate or dead-drift a long-legged yellow adult in the evening when fish refuse Sulphur duns on the Muskegon.",draft
yellow-crane-fly-adult,,,,,,,,,#16,,Pale yellow with long legs,yellow-crane-fly-adult-s16-pale-yellow-with-long-legs,2,shopify,0,continue,manual,3.00,TRUE,TRUE,,,
yellow-sally-dry,Yellow Sally,"<p>Isoperla Yellow Sallies hatch sporadically May through June and into summer on the Upper Manistee, Jordan and Au Sable, #10 to #16 depending on the chart. Fish a small yellow stimulator-style dry in the afternoon along the banks where nymphs crawl out, or as the indicator fly over a nymph.</p><p><strong>Imitates:</strong> Little Yellow Sally</p><p><strong>Fish it for:</strong> Brown trout, Brook trout, Rainbow trout (resident)</p><p>Hand-tied in Michigan for Michigan rivers. See when and where to fish it at michiganflies.com/flies/yellow-sally-dry.</p>",Michigan Flies,Sporting Goods > Outdoor Recreation > Fishing > Fishing Tackle > Fishing Baits & Lures,Dry fly,"Dry fly, Brown trout, Brook trout, Rainbow trout (resident), dry-fly, little-yellow-sally, evidence-A",TRUE,Size,#12,Color,Yellow with red egg sac,yellow-sally-dry-s12-yellow-with-red-egg-sac,2,shopify,0,continue,manual,3.00,TRUE,TRUE,Yellow Sally · hand-tied for Michigan rivers,"Isoperla Yellow Sallies hatch sporadically May through June and into summer on the Upper Manistee, Jordan and Au Sable, #10 to #16 depending on the chart. Fish a small yellow stimulator-style dry in the afternoon along the banks where nymphs crawl out, or as the indicator fly over a nymph.",draft
yellow-sally-dry,,,,,,,,,#12,,Chartreuse-yellow,yellow-sally-dry-s12-chartreuse-yellow,2,shopify,0,continue,manual,3.00,TRUE,TRUE,,,
yellow-sally-dry,,,,,,,,,#14,,Yellow with red egg sac,yellow-sally-dry-s14-yellow-with-red-egg-sac,2,shopify,0,continue,manual,3.00,TRUE,TRUE,,,
yellow-sally-dry,,,,,,,,,#14,,Chartreuse-yellow,yellow-sally-dry-s14-chartreuse-yellow,2,shopify,0,continue,manual,3.00,TRUE,TRUE,,,
yellow-sally-dry,,,,,,,,,#16,,Yellow with red egg sac,yellow-sally-dry-s16-yellow-with-red-egg-sac,2,shopify,0,continue,manual,3.00,TRUE,TRUE,,,
yellow-sally-dry,,,,,,,,,#16,,Chartreuse-yellow,yellow-sally-dry-s16-chartreuse-yellow,2,shopify,0,continue,manual,3.00,TRUE,TRUE,,,
blood-dot-egg,Blood Dot Egg,"<p>A pale egg with a contrasting blood dot, designed by Great Lakes guide Jeff Blood to resemble a spawn-bag cluster. Its washed-out body matches aging eggs from November through February, when most drifting eggs are milky with patches of color. Fish it #10 to #14 in clear winter water.</p><p><strong>Fish it for:</strong> Steelhead, Brown trout, Rainbow trout (resident)</p><p><em>Jeff Blood, Great Lakes tributaries</em></p><p>Hand-tied in Michigan for Michigan rivers. See when and where to fish it at michiganflies.com/flies/blood-dot-egg.</p>",Michigan Flies,Sporting Goods > Outdoor Recreation > Fishing > Fishing Tackle > Fishing Baits & Lures,Egg,"Egg, Steelhead, Brown trout, Rainbow trout (resident), nymph-indicator, chuck-and-duck, chinook-eggs, coho-eggs, steelhead-eggs, brown-trout-eggs, evidence-A",TRUE,Size,#8,Color,Cream with red dot,blood-dot-egg-s8-cream-with-red-dot,2,shopify,0,continue,manual,2.25,TRUE,TRUE,Blood Dot Egg · hand-tied for Michigan rivers,"A pale egg with a contrasting blood dot, designed by Great Lakes guide Jeff Blood to resemble a spawn-bag cluster. Its washed-out body matches aging eggs from November through February, when most drifting eggs are milky with patches of color. Fish it #10 to #14 in clear winter water.",draft
blood-dot-egg,,,,,,,,,#8,,Oregon Cheese with red dot,blood-dot-egg-s8-oregon-cheese-with-red-dot,2,shopify,0,continue,manual,2.25,TRUE,TRUE,,,
blood-dot-egg,,,,,,,,,#8,,Peach with orange dot,blood-dot-egg-s8-peach-with-orange-dot,2,shopify,0,continue,manual,2.25,TRUE,TRUE,,,
blood-dot-egg,,,,,,,,,#10,,Cream with red dot,blood-dot-egg-s10-cream-with-red-dot,2,shopify,0,continue,manual,2.25,TRUE,TRUE,,,
blood-dot-egg,,,,,,,,,#10,,Oregon Cheese with red dot,blood-dot-egg-s10-oregon-cheese-with-red-dot,2,shopify,0,continue,manual,2.25,TRUE,TRUE,,,
blood-dot-egg,,,,,,,,,#10,,Peach with orange dot,blood-dot-egg-s10-peach-with-orange-dot,2,shopify,0,continue,manual,2.25,TRUE,TRUE,,,
blood-dot-egg,,,,,,,,,#12,,Cream with red dot,blood-dot-egg-s12-cream-with-red-dot,2,shopify,0,continue,manual,2.25,TRUE,TRUE,,,
blood-dot-egg,,,,,,,,,#12,,Oregon Cheese with red dot,blood-dot-egg-s12-oregon-cheese-with-red-dot,2,shopify,0,continue,manual,2.25,TRUE,TRUE,,,
blood-dot-egg,,,,,,,,,#12,,Peach with orange dot,blood-dot-egg-s12-peach-with-orange-dot,2,shopify,0,continue,manual,2.25,TRUE,TRUE,,,
blood-dot-egg,,,,,,,,,#14,,Cream with red dot,blood-dot-egg-s14-cream-with-red-dot,2,shopify,0,continue,manual,2.25,TRUE,TRUE,,,
blood-dot-egg,,,,,,,,,#14,,Oregon Cheese with red dot,blood-dot-egg-s14-oregon-cheese-with-red-dot,2,shopify,0,continue,manual,2.25,TRUE,TRUE,,,
blood-dot-egg,,,,,,,,,#14,,Peach with orange dot,blood-dot-egg-s14-peach-with-orange-dot,2,shopify,0,continue,manual,2.25,TRUE,TRUE,,,
clown-egg,Clown Egg (Rag Egg),"<p>A multi-color yarn rag egg that Hawkins calls 'a deadly fly' under a float on the Manistee and that 'will fool most salmon and steelhead.' Chuck Hawkins sizes it dime-sized in pinks and oranges before runoff, quarter-sized in chartreuse, orange and bright yellow during runoff, and muted afterward; Kraimer fishes a quarter-sized Clown as the attractor above a smaller realistic egg. Fish it under an 8 to 20 g float or chuck-and-duck from fall through April.</p><p><strong>Fish it for:</strong> Steelhead, Chinook salmon, Coho salmon, Brown trout</p><p><em>Manistee River float-fishing guides</em></p><p>Hand-tied in Michigan for Michigan rivers. See when and where to fish it at michiganflies.com/flies/clown-egg.</p>",Michigan Flies,Sporting Goods > Outdoor Recreation > Fishing > Fishing Tackle > Fishing Baits & Lures,Egg,"Egg, Steelhead, Chinook salmon, Coho salmon, Brown trout, nymph-indicator, chuck-and-duck, chinook-eggs, coho-eggs, steelhead-eggs, evidence-A",TRUE,Size,#6,Color,"Pink/orange (pre-runoff, dime-sized)",clown-egg-s6-pink-orange-pre-runoff-dime-sized,2,shopify,0,continue,manual,2.25,TRUE,TRUE,Clown Egg (Rag Egg) · hand-tied for Michigan rivers,"A multi-color yarn rag egg that Hawkins calls 'a deadly fly' under a float on the Manistee and that 'will fool most salmon and steelhead.' Chuck Hawkins sizes it dime-sized in pinks and oranges before runoff, quarter-sized in chartreuse, orange and bright yellow during runoff, and muted afterward; K",draft
clown-egg,,,,,,,,,#6,,"Chartreuse/orange/bright yellow (runoff, quarter-sized)",clown-egg-s6-chartreuse-orange-bright-yellow-runoff-quarter-size,2,shopify,0,continue,manual,2.25,TRUE,TRUE,,,
clown-egg,,,,,,,,,#6,,Muted natural (post-runoff),clown-egg-s6-muted-natural-post-runoff,2,shopify,0,continue,manual,2.25,TRUE,TRUE,,,
clown-egg,,,,,,,,,#8,,"Pink/orange (pre-runoff, dime-sized)",clown-egg-s8-pink-orange-pre-runoff-dime-sized,2,shopify,0,continue,manual,2.25,TRUE,TRUE,,,
clown-egg,,,,,,,,,#8,,"Chartreuse/orange/bright yellow (runoff, quarter-sized)",clown-egg-s8-chartreuse-orange-bright-yellow-runoff-quarter-size,2,shopify,0,continue,manual,2.25,TRUE,TRUE,,,
clown-egg,,,,,,,,,#8,,Muted natural (post-runoff),clown-egg-s8-muted-natural-post-runoff,2,shopify,0,continue,manual,2.25,TRUE,TRUE,,,
clown-egg,,,,,,,,,#10,,"Pink/orange (pre-runoff, dime-sized)",clown-egg-s10-pink-orange-pre-runoff-dime-sized,2,shopify,0,continue,manual,2.25,TRUE,TRUE,,,
clown-egg,,,,,,,,,#10,,"Chartreuse/orange/bright yellow (runoff, quarter-sized)",clown-egg-s10-chartreuse-orange-bright-yellow-runoff-quarter-siz,2,shopify,0,continue,manual,2.25,TRUE,TRUE,,,
clown-egg,,,,,,,,,#10,,Muted natural (post-runoff),clown-egg-s10-muted-natural-post-runoff,2,shopify,0,continue,manual,2.25,TRUE,TRUE,,,
clown-egg,,,,,,,,,#12,,"Pink/orange (pre-runoff, dime-sized)",clown-egg-s12-pink-orange-pre-runoff-dime-sized,2,shopify,0,continue,manual,2.25,TRUE,TRUE,,,
clown-egg,,,,,,,,,#12,,"Chartreuse/orange/bright yellow (runoff, quarter-sized)",clown-egg-s12-chartreuse-orange-bright-yellow-runoff-quarter-siz,2,shopify,0,continue,manual,2.25,TRUE,TRUE,,,
clown-egg,,,,,,,,,#12,,Muted natural (post-runoff),clown-egg-s12-muted-natural-post-runoff,2,shopify,0,continue,manual,2.25,TRUE,TRUE,,,
clown-egg,,,,,,,,,#14,,"Pink/orange (pre-runoff, dime-sized)",clown-egg-s14-pink-orange-pre-runoff-dime-sized,2,shopify,0,continue,manual,2.25,TRUE,TRUE,,,
clown-egg,,,,,,,,,#14,,"Chartreuse/orange/bright yellow (runoff, quarter-sized)",clown-egg-s14-chartreuse-orange-bright-yellow-runoff-quarter-siz,2,shopify,0,continue,manual,2.25,TRUE,TRUE,,,
clown-egg,,,,,,,,,#14,,Muted natural (post-runoff),clown-egg-s14-muted-natural-post-runoff,2,shopify,0,continue,manual,2.25,TRUE,TRUE,,,
crystal-meth,Crystal Meth Egg,"<p>A Sucker Spawn tied with dyed pearl Diamond Braid instead of yarn, so it flashes in off-color water. Supinski lists 'Krystal Meth weave eggs' among PM, Muskegon, Au Sable and Platte winter staples, and Great Lakes guides rate it best in dirty water. Retail sizes #8 to #14; fish it larger and brighter as flows rise.</p><p><strong>Fish it for:</strong> Steelhead, Brown trout, Rainbow trout (resident), Chinook salmon, Coho salmon</p><p>Hand-tied in Michigan for Michigan rivers. See when and where to fish it at michiganflies.com/flies/crystal-meth.</p>",Michigan Flies,Sporting Goods > Outdoor Recreation > Fishing > Fishing Tackle > Fishing Baits & Lures,Egg,"Egg, Steelhead, Brown trout, Rainbow trout (resident), Chinook salmon, Coho salmon, nymph-indicator, chuck-and-duck, chinook-eggs, coho-eggs, steelhead-eggs, sucker-eggs, evidence-A",TRUE,Size,#8,Color,Pearl/white,crystal-meth-s8-pearl-white,2,shopify,0,continue,manual,2.25,TRUE,TRUE,Crystal Meth Egg · hand-tied for Michigan rivers,"A Sucker Spawn tied with dyed pearl Diamond Braid instead of yarn, so it flashes in off-color water. Supinski lists 'Krystal Meth weave eggs' among PM, Muskegon, Au Sable and Platte winter staples, and Great Lakes guides rate it best in dirty water. Retail sizes #8 to #14; fish it larger and brighte",draft
crystal-meth,,,,,,,,,#8,,Chartreuse,crystal-meth-s8-chartreuse,2,shopify,0,continue,manual,2.25,TRUE,TRUE,,,
crystal-meth,,,,,,,,,#8,,Peach,crystal-meth-s8-peach,2,shopify,0,continue,manual,2.25,TRUE,TRUE,,,
crystal-meth,,,,,,,,,#8,,Pink,crystal-meth-s8-pink,2,shopify,0,continue,manual,2.25,TRUE,TRUE,,,
crystal-meth,,,,,,,,,#8,,Cream,crystal-meth-s8-cream,2,shopify,0,continue,manual,2.25,TRUE,TRUE,,,
crystal-meth,,,,,,,,,#10,,Pearl/white,crystal-meth-s10-pearl-white,2,shopify,0,continue,manual,2.25,TRUE,TRUE,,,
crystal-meth,,,,,,,,,#10,,Chartreuse,crystal-meth-s10-chartreuse,2,shopify,0,continue,manual,2.25,TRUE,TRUE,,,
crystal-meth,,,,,,,,,#10,,Peach,crystal-meth-s10-peach,2,shopify,0,continue,manual,2.25,TRUE,TRUE,,,
crystal-meth,,,,,,,,,#10,,Pink,crystal-meth-s10-pink,2,shopify,0,continue,manual,2.25,TRUE,TRUE,,,
crystal-meth,,,,,,,,,#10,,Cream,crystal-meth-s10-cream,2,shopify,0,continue,manual,2.25,TRUE,TRUE,,,
crystal-meth,,,,,,,,,#12,,Pearl/white,crystal-meth-s12-pearl-white,2,shopify,0,continue,manual,2.25,TRUE,TRUE,,,
crystal-meth,,,,,,,,,#12,,Chartreuse,crystal-meth-s12-chartreuse,2,shopify,0,continue,manual,2.25,TRUE,TRUE,,,
crystal-meth,,,,,,,,,#12,,Peach,crystal-meth-s12-peach,2,shopify,0,continue,manual,2.25,TRUE,TRUE,,,
crystal-meth,,,,,,,,,#12,,Pink,crystal-meth-s12-pink,2,shopify,0,continue,manual,2.25,TRUE,TRUE,,,
crystal-meth,,,,,,,,,#12,,Cream,crystal-meth-s12-cream,2,shopify,0,continue,manual,2.25,TRUE,TRUE,,,
crystal-meth,,,,,,,,,#14,,Pearl/white,crystal-meth-s14-pearl-white,2,shopify,0,continue,manual,2.25,TRUE,TRUE,,,
crystal-meth,,,,,,,,,#14,,Chartreuse,crystal-meth-s14-chartreuse,2,shopify,0,continue,manual,2.25,TRUE,TRUE,,,
crystal-meth,,,,,,,,,#14,,Peach,crystal-meth-s14-peach,2,shopify,0,continue,manual,2.25,TRUE,TRUE,,,
crystal-meth,,,,,,,,,#14,,Pink,crystal-meth-s14-pink,2,shopify,0,continue,manual,2.25,TRUE,TRUE,,,
crystal-meth,,,,,,,,,#14,,Cream,crystal-meth-s14-cream,2,shopify,0,continue,manual,2.25,TRUE,TRUE,,,
eggstacy-egg,Eggstacy Egg,"<p>A translucent chenille egg that George Daniel fishes in #16 'sweetcorn' during the sucker spawn, where any egg close to the natural pale-yellow color produces. Fish it as a small dropper below a heavier nymph behind sucker redds in late April and May.</p><p><strong>Fish it for:</strong> Steelhead, Brown trout, Rainbow trout (resident)</p><p>Hand-tied in Michigan for Michigan rivers. See when and where to fish it at michiganflies.com/flies/eggstacy-egg.</p>",Michigan Flies,Sporting Goods > Outdoor Recreation > Fishing > Fishing Tackle > Fishing Baits & Lures,Egg,"Egg, Steelhead, Brown trout, Rainbow trout (resident), nymph-indicator, euro-nymph, sucker-eggs, walleye-eggs, steelhead-eggs, evidence-A",TRUE,Size,#12,Color,Sweetcorn,eggstacy-egg-s12-sweetcorn,2,shopify,0,continue,manual,2.25,TRUE,TRUE,Eggstacy Egg · hand-tied for Michigan rivers,"A translucent chenille egg that George Daniel fishes in #16 'sweetcorn' during the sucker spawn, where any egg close to the natural pale-yellow color produces. Fish it as a small dropper below a heavier nymph behind sucker redds in late April and May.",draft
eggstacy-egg,,,,,,,,,#12,,Apricot,eggstacy-egg-s12-apricot,2,shopify,0,continue,manual,2.25,TRUE,TRUE,,,
eggstacy-egg,,,,,,,,,#12,,Peach,eggstacy-egg-s12-peach,2,shopify,0,continue,manual,2.25,TRUE,TRUE,,,
eggstacy-egg,,,,,,,,,#14,,Sweetcorn,eggstacy-egg-s14-sweetcorn,2,shopify,0,continue,manual,2.25,TRUE,TRUE,,,
eggstacy-egg,,,,,,,,,#14,,Apricot,eggstacy-egg-s14-apricot,2,shopify,0,continue,manual,2.25,TRUE,TRUE,,,
eggstacy-egg,,,,,,,,,#14,,Peach,eggstacy-egg-s14-peach,2,shopify,0,continue,manual,2.25,TRUE,TRUE,,,
eggstacy-egg,,,,,,,,,#16,,Sweetcorn,eggstacy-egg-s16-sweetcorn,2,shopify,0,continue,manual,2.25,TRUE,TRUE,,,
eggstacy-egg,,,,,,,,,#16,,Apricot,eggstacy-egg-s16-apricot,2,shopify,0,continue,manual,2.25,TRUE,TRUE,,,
eggstacy-egg,,,,,,,,,#16,,Peach,eggstacy-egg-s16-peach,2,shopify,0,continue,manual,2.25,TRUE,TRUE,,,
estaz-egg,Estaz Egg,"<p>A single strand of Estaz chenille wound into a ball, which the Pere Marquette River Lodge says 'should be in every steelheader's fly box if you're fishing the PM,' tied in chartreuse, pink and peach. Best in dirty water; fish it #10 to #12 as the bright attractor in a two-egg rig from September through April.</p><p><strong>Fish it for:</strong> Steelhead, Chinook salmon, Coho salmon, Brown trout</p><p><em>Pere Marquette River</em></p><p>Hand-tied in Michigan for Michigan rivers. See when and where to fish it at michiganflies.com/flies/estaz-egg.</p>",Michigan Flies,Sporting Goods > Outdoor Recreation > Fishing > Fishing Tackle > Fishing Baits & Lures,Egg,"Egg, Steelhead, Chinook salmon, Coho salmon, Brown trout, nymph-indicator, chuck-and-duck, chinook-eggs, coho-eggs, steelhead-eggs, evidence-A",TRUE,Size,#8,Color,Chartreuse,estaz-egg-s8-chartreuse,2,shopify,0,continue,manual,2.25,TRUE,TRUE,Estaz Egg · hand-tied for Michigan rivers,"A single strand of Estaz chenille wound into a ball, which the Pere Marquette River Lodge says 'should be in every steelheader's fly box if you're fishing the PM,' tied in chartreuse, pink and peach. Best in dirty water; fish it #10 to #12 as the bright attractor in a two-egg rig from September thro",draft
estaz-egg,,,,,,,,,#8,,Pink,estaz-egg-s8-pink,2,shopify,0,continue,manual,2.25,TRUE,TRUE,,,
estaz-egg,,,,,,,,,#8,,Peach,estaz-egg-s8-peach,2,shopify,0,continue,manual,2.25,TRUE,TRUE,,,
estaz-egg,,,,,,,,,#8,,Orange,estaz-egg-s8-orange,2,shopify,0,continue,manual,2.25,TRUE,TRUE,,,
estaz-egg,,,,,,,,,#10,,Chartreuse,estaz-egg-s10-chartreuse,2,shopify,0,continue,manual,2.25,TRUE,TRUE,,,
estaz-egg,,,,,,,,,#10,,Pink,estaz-egg-s10-pink,2,shopify,0,continue,manual,2.25,TRUE,TRUE,,,
estaz-egg,,,,,,,,,#10,,Peach,estaz-egg-s10-peach,2,shopify,0,continue,manual,2.25,TRUE,TRUE,,,
estaz-egg,,,,,,,,,#10,,Orange,estaz-egg-s10-orange,2,shopify,0,continue,manual,2.25,TRUE,TRUE,,,
estaz-egg,,,,,,,,,#12,,Chartreuse,estaz-egg-s12-chartreuse,2,shopify,0,continue,manual,2.25,TRUE,TRUE,,,
estaz-egg,,,,,,,,,#12,,Pink,estaz-egg-s12-pink,2,shopify,0,continue,manual,2.25,TRUE,TRUE,,,
estaz-egg,,,,,,,,,#12,,Peach,estaz-egg-s12-peach,2,shopify,0,continue,manual,2.25,TRUE,TRUE,,,
estaz-egg,,,,,,,,,#12,,Orange,estaz-egg-s12-orange,2,shopify,0,continue,manual,2.25,TRUE,TRUE,,,
glo-bug,Glo Bug,"<p>The original yarn egg, still in every Michigan steelhead box in Oregon Cheese, Golden and Chartreuse per Current Works, with a #12 short-shank scud hook the all-around Pere Marquette size and #14 to #16 for low clear water. For salmon, Trails to Trout advises blue, black and chartreuse pre-spawn and red, pink and orange during the spawn, in #6 to #8. Cream and pale yellow versions carry through the winter and the April to May sucker spawn.</p><p><strong>Fish it for:</strong> Steelhead, Brown trout, Rainbow trout (resident), Chinook salmon, Coho salmon, Pink salmon, Atlantic salmon</p><p>Hand-tied in Michigan for Michigan rivers. See when and where to fish it at michiganflies.com/flies/glo-bug.</p>",Michigan Flies,Sporting Goods > Outdoor Recreation > Fishing > Fishing Tackle > Fishing Baits & Lures,Egg,"Egg, Steelhead, Brown trout, Rainbow trout (resident), Chinook salmon, Coho salmon, Pink salmon, Atlantic salmon, nymph-indicator, chuck-and-duck, euro-nymph, chinook-eggs, coho-eggs, steelhead-eggs, brown-trout-eggs, pink-salmon-eggs, sucker-eggs, evidence-A",TRUE,Size,#6,Color,Oregon Cheese,glo-bug-s6-oregon-cheese,2,shopify,0,continue,manual,2.25,TRUE,TRUE,Glo Bug · hand-tied for Michigan rivers,"The original yarn egg, still in every Michigan steelhead box in Oregon Cheese, Golden and Chartreuse per Current Works, with a #12 short-shank scud hook the all-around Pere Marquette size and #14 to #16 for low clear water. For salmon, Trails to Trout advises blue, black and chartreuse pre-spawn and",draft
glo-bug,,,,,,,,,#6,,Apricot,glo-bug-s6-apricot,2,shopify,0,continue,manual,2.25,TRUE,TRUE,,,
glo-bug,,,,,,,,,#6,,Peach,glo-bug-s6-peach,2,shopify,0,continue,manual,2.25,TRUE,TRUE,,,
glo-bug,,,,,,,,,#6,,Golden,glo-bug-s6-golden,2,shopify,0,continue,manual,2.25,TRUE,TRUE,,,
glo-bug,,,,,,,,,#6,,Cream (dead egg),glo-bug-s6-cream-dead-egg,2,shopify,0,continue,manual,2.25,TRUE,TRUE,,,
glo-bug,,,,,,,,,#6,,Chartreuse,glo-bug-s6-chartreuse,2,shopify,0,continue,manual,2.25,TRUE,TRUE,,,
glo-bug,,,,,,,,,#6,,Hot Pink,glo-bug-s6-hot-pink,2,shopify,0,continue,manual,2.25,TRUE,TRUE,,,
glo-bug,,,,,,,,,#6,,Steelhead Orange,glo-bug-s6-steelhead-orange,2,shopify,0,continue,manual,2.25,TRUE,TRUE,,,
glo-bug,,,,,,,,,#6,,Blue and black (pre-spawn salmon),glo-bug-s6-blue-and-black-pre-spawn-salmon,2,shopify,0,continue,manual,2.25,TRUE,TRUE,,,
glo-bug,,,,,,,,,#8,,Oregon Cheese,glo-bug-s8-oregon-cheese,2,shopify,0,continue,manual,2.25,TRUE,TRUE,,,
glo-bug,,,,,,,,,#8,,Apricot,glo-bug-s8-apricot,2,shopify,0,continue,manual,2.25,TRUE,TRUE,,,
glo-bug,,,,,,,,,#8,,Peach,glo-bug-s8-peach,2,shopify,0,continue,manual,2.25,TRUE,TRUE,,,
glo-bug,,,,,,,,,#8,,Golden,glo-bug-s8-golden,2,shopify,0,continue,manual,2.25,TRUE,TRUE,,,
glo-bug,,,,,,,,,#8,,Cream (dead egg),glo-bug-s8-cream-dead-egg,2,shopify,0,continue,manual,2.25,TRUE,TRUE,,,
glo-bug,,,,,,,,,#8,,Chartreuse,glo-bug-s8-chartreuse,2,shopify,0,continue,manual,2.25,TRUE,TRUE,,,
glo-bug,,,,,,,,,#8,,Hot Pink,glo-bug-s8-hot-pink,2,shopify,0,continue,manual,2.25,TRUE,TRUE,,,
glo-bug,,,,,,,,,#8,,Steelhead Orange,glo-bug-s8-steelhead-orange,2,shopify,0,continue,manual,2.25,TRUE,TRUE,,,
glo-bug,,,,,,,,,#8,,Blue and black (pre-spawn salmon),glo-bug-s8-blue-and-black-pre-spawn-salmon,2,shopify,0,continue,manual,2.25,TRUE,TRUE,,,
glo-bug,,,,,,,,,#10,,Oregon Cheese,glo-bug-s10-oregon-cheese,2,shopify,0,continue,manual,2.25,TRUE,TRUE,,,
glo-bug,,,,,,,,,#10,,Apricot,glo-bug-s10-apricot,2,shopify,0,continue,manual,2.25,TRUE,TRUE,,,
glo-bug,,,,,,,,,#10,,Peach,glo-bug-s10-peach,2,shopify,0,continue,manual,2.25,TRUE,TRUE,,,
glo-bug,,,,,,,,,#10,,Golden,glo-bug-s10-golden,2,shopify,0,continue,manual,2.25,TRUE,TRUE,,,
glo-bug,,,,,,,,,#10,,Cream (dead egg),glo-bug-s10-cream-dead-egg,2,shopify,0,continue,manual,2.25,TRUE,TRUE,,,
glo-bug,,,,,,,,,#10,,Chartreuse,glo-bug-s10-chartreuse,2,shopify,0,continue,manual,2.25,TRUE,TRUE,,,
glo-bug,,,,,,,,,#10,,Hot Pink,glo-bug-s10-hot-pink,2,shopify,0,continue,manual,2.25,TRUE,TRUE,,,
glo-bug,,,,,,,,,#10,,Steelhead Orange,glo-bug-s10-steelhead-orange,2,shopify,0,continue,manual,2.25,TRUE,TRUE,,,
glo-bug,,,,,,,,,#10,,Blue and black (pre-spawn salmon),glo-bug-s10-blue-and-black-pre-spawn-salmon,2,shopify,0,continue,manual,2.25,TRUE,TRUE,,,
glo-bug,,,,,,,,,#12,,Oregon Cheese,glo-bug-s12-oregon-cheese,2,shopify,0,continue,manual,2.25,TRUE,TRUE,,,
glo-bug,,,,,,,,,#12,,Apricot,glo-bug-s12-apricot,2,shopify,0,continue,manual,2.25,TRUE,TRUE,,,
glo-bug,,,,,,,,,#12,,Peach,glo-bug-s12-peach,2,shopify,0,continue,manual,2.25,TRUE,TRUE,,,
glo-bug,,,,,,,,,#12,,Golden,glo-bug-s12-golden,2,shopify,0,continue,manual,2.25,TRUE,TRUE,,,
glo-bug,,,,,,,,,#12,,Cream (dead egg),glo-bug-s12-cream-dead-egg,2,shopify,0,continue,manual,2.25,TRUE,TRUE,,,
glo-bug,,,,,,,,,#12,,Chartreuse,glo-bug-s12-chartreuse,2,shopify,0,continue,manual,2.25,TRUE,TRUE,,,
glo-bug,,,,,,,,,#12,,Hot Pink,glo-bug-s12-hot-pink,2,shopify,0,continue,manual,2.25,TRUE,TRUE,,,
glo-bug,,,,,,,,,#12,,Steelhead Orange,glo-bug-s12-steelhead-orange,2,shopify,0,continue,manual,2.25,TRUE,TRUE,,,
glo-bug,,,,,,,,,#12,,Blue and black (pre-spawn salmon),glo-bug-s12-blue-and-black-pre-spawn-salmon,2,shopify,0,continue,manual,2.25,TRUE,TRUE,,,
glo-bug,,,,,,,,,#14,,Oregon Cheese,glo-bug-s14-oregon-cheese,2,shopify,0,continue,manual,2.25,TRUE,TRUE,,,
glo-bug,,,,,,,,,#14,,Apricot,glo-bug-s14-apricot,2,shopify,0,continue,manual,2.25,TRUE,TRUE,,,
glo-bug,,,,,,,,,#14,,Peach,glo-bug-s14-peach,2,shopify,0,continue,manual,2.25,TRUE,TRUE,,,
glo-bug,,,,,,,,,#14,,Golden,glo-bug-s14-golden,2,shopify,0,continue,manual,2.25,TRUE,TRUE,,,
glo-bug,,,,,,,,,#14,,Cream (dead egg),glo-bug-s14-cream-dead-egg,2,shopify,0,continue,manual,2.25,TRUE,TRUE,,,
glo-bug,,,,,,,,,#14,,Chartreuse,glo-bug-s14-chartreuse,2,shopify,0,continue,manual,2.25,TRUE,TRUE,,,
glo-bug,,,,,,,,,#14,,Hot Pink,glo-bug-s14-hot-pink,2,shopify,0,continue,manual,2.25,TRUE,TRUE,,,
glo-bug,,,,,,,,,#14,,Steelhead Orange,glo-bug-s14-steelhead-orange,2,shopify,0,continue,manual,2.25,TRUE,TRUE,,,
glo-bug,,,,,,,,,#14,,Blue and black (pre-spawn salmon),glo-bug-s14-blue-and-black-pre-spawn-salmon,2,shopify,0,continue,manual,2.25,TRUE,TRUE,,,
glo-bug,,,,,,,,,#16,,Oregon Cheese,glo-bug-s16-oregon-cheese,2,shopify,0,continue,manual,2.25,TRUE,TRUE,,,
glo-bug,,,,,,,,,#16,,Apricot,glo-bug-s16-apricot,2,shopify,0,continue,manual,2.25,TRUE,TRUE,,,
glo-bug,,,,,,,,,#16,,Peach,glo-bug-s16-peach,2,shopify,0,continue,manual,2.25,TRUE,TRUE,,,
glo-bug,,,,,,,,,#16,,Golden,glo-bug-s16-golden,2,shopify,0,continue,manual,2.25,TRUE,TRUE,,,
glo-bug,,,,,,,,,#16,,Cream (dead egg),glo-bug-s16-cream-dead-egg,2,shopify,0,continue,manual,2.25,TRUE,TRUE,,,
glo-bug,,,,,,,,,#16,,Chartreuse,glo-bug-s16-chartreuse,2,shopify,0,continue,manual,2.25,TRUE,TRUE,,,
glo-bug,,,,,,,,,#16,,Hot Pink,glo-bug-s16-hot-pink,2,shopify,0,continue,manual,2.25,TRUE,TRUE,,,
glo-bug,,,,,,,,,#16,,Steelhead Orange,glo-bug-s16-steelhead-orange,2,shopify,0,continue,manual,2.25,TRUE,TRUE,,,
glo-bug,,,,,,,,,#16,,Blue and black (pre-spawn salmon),glo-bug-s16-blue-and-black-pre-spawn-salmon,2,shopify,0,continue,manual,2.25,TRUE,TRUE,,,
micro-spawn,Micro Spawn (6 to 8 mm yarn egg),"<p>A small yarn egg of 6 to 8 mm for gin-clear, low water when fish demand smaller, realistic patterns. Trout hooks (Daiichi 1130, TMC 2457) #14 to #16 match the 4 to 5 mm steelhead and brown trout eggs and 2 to 3 mm sucker eggs better than a salmon-sized Glo Bug; fish it on light tippet from winter through the May sucker spawn, and on small inland streams after the October brook trout spawn.</p><p><strong>Fish it for:</strong> Steelhead, Brown trout, Rainbow trout (resident), Brook trout</p><p>Hand-tied in Michigan for Michigan rivers. See when and where to fish it at michiganflies.com/flies/micro-spawn.</p>",Michigan Flies,Sporting Goods > Outdoor Recreation > Fishing > Fishing Tackle > Fishing Baits & Lures,Egg,"Egg, Steelhead, Brown trout, Rainbow trout (resident), Brook trout, nymph-indicator, euro-nymph, steelhead-eggs, brown-trout-eggs, brook-trout-eggs, sucker-eggs, walleye-eggs, evidence-A",TRUE,Size,#14,Color,Apricot,micro-spawn-s14-apricot,2,shopify,0,continue,manual,2.25,TRUE,TRUE,Micro Spawn (6 to 8 mm yarn egg) · hand-tied for Michigan rivers,"A small yarn egg of 6 to 8 mm for gin-clear, low water when fish demand smaller, realistic patterns. Trout hooks (Daiichi 1130, TMC 2457) #14 to #16 match the 4 to 5 mm steelhead and brown trout eggs and 2 to 3 mm sucker eggs better than a salmon-sized Glo Bug; fish it on light tippet from winter th",draft
micro-spawn,,,,,,,,,#14,,Cream,micro-spawn-s14-cream,2,shopify,0,continue,manual,2.25,TRUE,TRUE,,,
micro-spawn,,,,,,,,,#14,,Pale pink,micro-spawn-s14-pale-pink,2,shopify,0,continue,manual,2.25,TRUE,TRUE,,,
micro-spawn,,,,,,,,,#14,,Pale yellow,micro-spawn-s14-pale-yellow,2,shopify,0,continue,manual,2.25,TRUE,TRUE,,,
micro-spawn,,,,,,,,,#16,,Apricot,micro-spawn-s16-apricot,2,shopify,0,continue,manual,2.25,TRUE,TRUE,,,
micro-spawn,,,,,,,,,#16,,Cream,micro-spawn-s16-cream,2,shopify,0,continue,manual,2.25,TRUE,TRUE,,,
micro-spawn,,,,,,,,,#16,,Pale pink,micro-spawn-s16-pale-pink,2,shopify,0,continue,manual,2.25,TRUE,TRUE,,,
micro-spawn,,,,,,,,,#16,,Pale yellow,micro-spawn-s16-pale-yellow,2,shopify,0,continue,manual,2.25,TRUE,TRUE,,,
nuke-egg,Nuke Egg,"<p>A McFly Foam or Glo Bug yarn core under a yarn veil that goes translucent when wet, imitating the milky, non-viable eggs that make up most of the drift. Tied on a Gamakatsu C14S or TMC 2457 #8 to #12 (TMC 105 #6 to #10 for salmon); natural combinations for clear water, Chartreuse over Flame and Flame over Cerise for high or stained flows. Fish it behind spawning salmon from September through November, with aging-egg colors through winter, and natural steelhead-egg shades in March and April on the Manistee, Betsie, PM, Muskegon and Au Sable.</p><p><strong>Fish it for:</strong> Steelhead, Brown trout, Rainbow trout (resident), Chinook salmon, Coho salmon, Pink salmon, Atlantic salmon</p><p><em>Traverse City and Grand Rapids shop standard (Current Works, Nomad Anglers)</em></p><p>Hand-tied in Michigan for Michigan rivers. See when and where to fish it at michiganflies.com/flies/nuke-egg.</p>",Michigan Flies,Sporting Goods > Outdoor Recreation > Fishing > Fishing Tackle > Fishing Baits & Lures,Egg,"Egg, Steelhead, Brown trout, Rainbow trout (resident), Chinook salmon, Coho salmon, Pink salmon, Atlantic salmon, nymph-indicator, chuck-and-duck, euro-nymph, chinook-eggs, coho-eggs, steelhead-eggs, brown-trout-eggs, pink-salmon-eggs, atlantic-salmon-eggs, evidence-A",TRUE,Size,#6,Color,Oregon Cheese over Steelhead Orange,nuke-egg-s6-oregon-cheese-over-steelhead-orange,2,shopify,0,continue,manual,2.25,TRUE,TRUE,Nuke Egg · hand-tied for Michigan rivers,"A McFly Foam or Glo Bug yarn core under a yarn veil that goes translucent when wet, imitating the milky, non-viable eggs that make up most of the drift. Tied on a Gamakatsu C14S or TMC 2457 #8 to #12 (TMC 105 #6 to #10 for salmon); natural combinations for clear water, Chartreuse over Flame and Flam",draft
nuke-egg,,,,,,,,,#6,,Apricot Supreme over Steelhead Orange,nuke-egg-s6-apricot-supreme-over-steelhead-orange,2,shopify,0,continue,manual,2.25,TRUE,TRUE,,,
nuke-egg,,,,,,,,,#6,,Egg over Sockeye,nuke-egg-s6-egg-over-sockeye,2,shopify,0,continue,manual,2.25,TRUE,TRUE,,,
nuke-egg,,,,,,,,,#6,,Pink Lady over Shrimp Pink,nuke-egg-s6-pink-lady-over-shrimp-pink,2,shopify,0,continue,manual,2.25,TRUE,TRUE,,,
nuke-egg,,,,,,,,,#6,,Salmon Egg over Chartreuse,nuke-egg-s6-salmon-egg-over-chartreuse,2,shopify,0,continue,manual,2.25,TRUE,TRUE,,,
nuke-egg,,,,,,,,,#6,,Chartreuse over Flame,nuke-egg-s6-chartreuse-over-flame,2,shopify,0,continue,manual,2.25,TRUE,TRUE,,,
nuke-egg,,,,,,,,,#6,,Flame over Cerise,nuke-egg-s6-flame-over-cerise,2,shopify,0,continue,manual,2.25,TRUE,TRUE,,,
nuke-egg,,,,,,,,,#8,,Oregon Cheese over Steelhead Orange,nuke-egg-s8-oregon-cheese-over-steelhead-orange,2,shopify,0,continue,manual,2.25,TRUE,TRUE,,,
nuke-egg,,,,,,,,,#8,,Apricot Supreme over Steelhead Orange,nuke-egg-s8-apricot-supreme-over-steelhead-orange,2,shopify,0,continue,manual,2.25,TRUE,TRUE,,,
nuke-egg,,,,,,,,,#8,,Egg over Sockeye,nuke-egg-s8-egg-over-sockeye,2,shopify,0,continue,manual,2.25,TRUE,TRUE,,,
nuke-egg,,,,,,,,,#8,,Pink Lady over Shrimp Pink,nuke-egg-s8-pink-lady-over-shrimp-pink,2,shopify,0,continue,manual,2.25,TRUE,TRUE,,,
nuke-egg,,,,,,,,,#8,,Salmon Egg over Chartreuse,nuke-egg-s8-salmon-egg-over-chartreuse,2,shopify,0,continue,manual,2.25,TRUE,TRUE,,,
nuke-egg,,,,,,,,,#8,,Chartreuse over Flame,nuke-egg-s8-chartreuse-over-flame,2,shopify,0,continue,manual,2.25,TRUE,TRUE,,,
nuke-egg,,,,,,,,,#8,,Flame over Cerise,nuke-egg-s8-flame-over-cerise,2,shopify,0,continue,manual,2.25,TRUE,TRUE,,,
nuke-egg,,,,,,,,,#10,,Oregon Cheese over Steelhead Orange,nuke-egg-s10-oregon-cheese-over-steelhead-orange,2,shopify,0,continue,manual,2.25,TRUE,TRUE,,,
nuke-egg,,,,,,,,,#10,,Apricot Supreme over Steelhead Orange,nuke-egg-s10-apricot-supreme-over-steelhead-orange,2,shopify,0,continue,manual,2.25,TRUE,TRUE,,,
nuke-egg,,,,,,,,,#10,,Egg over Sockeye,nuke-egg-s10-egg-over-sockeye,2,shopify,0,continue,manual,2.25,TRUE,TRUE,,,
nuke-egg,,,,,,,,,#10,,Pink Lady over Shrimp Pink,nuke-egg-s10-pink-lady-over-shrimp-pink,2,shopify,0,continue,manual,2.25,TRUE,TRUE,,,
nuke-egg,,,,,,,,,#10,,Salmon Egg over Chartreuse,nuke-egg-s10-salmon-egg-over-chartreuse,2,shopify,0,continue,manual,2.25,TRUE,TRUE,,,
nuke-egg,,,,,,,,,#10,,Chartreuse over Flame,nuke-egg-s10-chartreuse-over-flame,2,shopify,0,continue,manual,2.25,TRUE,TRUE,,,
nuke-egg,,,,,,,,,#10,,Flame over Cerise,nuke-egg-s10-flame-over-cerise,2,shopify,0,continue,manual,2.25,TRUE,TRUE,,,
nuke-egg,,,,,,,,,#12,,Oregon Cheese over Steelhead Orange,nuke-egg-s12-oregon-cheese-over-steelhead-orange,2,shopify,0,continue,manual,2.25,TRUE,TRUE,,,
nuke-egg,,,,,,,,,#12,,Apricot Supreme over Steelhead Orange,nuke-egg-s12-apricot-supreme-over-steelhead-orange,2,shopify,0,continue,manual,2.25,TRUE,TRUE,,,
nuke-egg,,,,,,,,,#12,,Egg over Sockeye,nuke-egg-s12-egg-over-sockeye,2,shopify,0,continue,manual,2.25,TRUE,TRUE,,,
nuke-egg,,,,,,,,,#12,,Pink Lady over Shrimp Pink,nuke-egg-s12-pink-lady-over-shrimp-pink,2,shopify,0,continue,manual,2.25,TRUE,TRUE,,,
nuke-egg,,,,,,,,,#12,,Salmon Egg over Chartreuse,nuke-egg-s12-salmon-egg-over-chartreuse,2,shopify,0,continue,manual,2.25,TRUE,TRUE,,,
nuke-egg,,,,,,,,,#12,,Chartreuse over Flame,nuke-egg-s12-chartreuse-over-flame,2,shopify,0,continue,manual,2.25,TRUE,TRUE,,,
nuke-egg,,,,,,,,,#12,,Flame over Cerise,nuke-egg-s12-flame-over-cerise,2,shopify,0,continue,manual,2.25,TRUE,TRUE,,,
otters-soft-milking-egg,Otter's Soft Milking Egg,"<p>A soft translucent egg with a milking veil that closely resembles a real egg, sold in #14 in Apricot, Kiwi Opaque and Tangerine Opaque. Supinski names 'Otter Eggs' among Great Lakes winter steelhead staples; fish #14 apricot for pressured fish in low clear water from November through the May sucker spawn.</p><p><strong>Fish it for:</strong> Steelhead, Brown trout, Rainbow trout (resident)</p><p>Hand-tied in Michigan for Michigan rivers. See when and where to fish it at michiganflies.com/flies/otters-soft-milking-egg.</p>",Michigan Flies,Sporting Goods > Outdoor Recreation > Fishing > Fishing Tackle > Fishing Baits & Lures,Egg,"Egg, Steelhead, Brown trout, Rainbow trout (resident), nymph-indicator, euro-nymph, steelhead-eggs, brown-trout-eggs, sucker-eggs, coho-eggs, evidence-A",TRUE,Size,#12,Color,Apricot,otters-soft-milking-egg-s12-apricot,2,shopify,0,continue,manual,2.25,TRUE,TRUE,Otter's Soft Milking Egg · hand-tied for Michigan rivers,"A soft translucent egg with a milking veil that closely resembles a real egg, sold in #14 in Apricot, Kiwi Opaque and Tangerine Opaque. Supinski names 'Otter Eggs' among Great Lakes winter steelhead staples; fish #14 apricot for pressured fish in low clear water from November through the May sucker ",draft
otters-soft-milking-egg,,,,,,,,,#12,,Kiwi Opaque,otters-soft-milking-egg-s12-kiwi-opaque,2,shopify,0,continue,manual,2.25,TRUE,TRUE,,,
otters-soft-milking-egg,,,,,,,,,#12,,Tangerine Opaque,otters-soft-milking-egg-s12-tangerine-opaque,2,shopify,0,continue,manual,2.25,TRUE,TRUE,,,
otters-soft-milking-egg,,,,,,,,,#14,,Apricot,otters-soft-milking-egg-s14-apricot,2,shopify,0,continue,manual,2.25,TRUE,TRUE,,,
otters-soft-milking-egg,,,,,,,,,#14,,Kiwi Opaque,otters-soft-milking-egg-s14-kiwi-opaque,2,shopify,0,continue,manual,2.25,TRUE,TRUE,,,
otters-soft-milking-egg,,,,,,,,,#14,,Tangerine Opaque,otters-soft-milking-egg-s14-tangerine-opaque,2,shopify,0,continue,manual,2.25,TRUE,TRUE,,,
otters-soft-milking-egg,,,,,,,,,#16,,Apricot,otters-soft-milking-egg-s16-apricot,2,shopify,0,continue,manual,2.25,TRUE,TRUE,,,
otters-soft-milking-egg,,,,,,,,,#16,,Kiwi Opaque,otters-soft-milking-egg-s16-kiwi-opaque,2,shopify,0,continue,manual,2.25,TRUE,TRUE,,,
otters-soft-milking-egg,,,,,,,,,#16,,Tangerine Opaque,otters-soft-milking-egg-s16-tangerine-opaque,2,shopify,0,continue,manual,2.25,TRUE,TRUE,,,
salmon-egg-cluster,Salmon Egg Cluster,"<p>A multi-egg yarn or chenille cluster suggesting several 7 to 8 mm Chinook eggs washed out of a redd together. Use it #4 to #8 in high or stained October water below spawning kings and coho, keeping the hook gap under a half inch to remain a legal artificial fly on Michigan streams.</p><p><strong>Fish it for:</strong> Steelhead, Chinook salmon, Coho salmon, Brown trout</p><p>Hand-tied in Michigan for Michigan rivers. See when and where to fish it at michiganflies.com/flies/salmon-egg-cluster.</p>",Michigan Flies,Sporting Goods > Outdoor Recreation > Fishing > Fishing Tackle > Fishing Baits & Lures,Egg,"Egg, Steelhead, Chinook salmon, Coho salmon, Brown trout, chuck-and-duck, nymph-indicator, chinook-eggs, coho-eggs, evidence-I",TRUE,Size,#4,Color,Steelhead Orange,salmon-egg-cluster-s4-steelhead-orange,2,shopify,0,continue,manual,2.25,TRUE,TRUE,Salmon Egg Cluster · hand-tied for Michigan rivers,"A multi-egg yarn or chenille cluster suggesting several 7 to 8 mm Chinook eggs washed out of a redd together. Use it #4 to #8 in high or stained October water below spawning kings and coho, keeping the hook gap under a half inch to remain a legal artificial fly on Michigan streams.",draft
salmon-egg-cluster,,,,,,,,,#4,,Sockeye,salmon-egg-cluster-s4-sockeye,2,shopify,0,continue,manual,2.25,TRUE,TRUE,,,
salmon-egg-cluster,,,,,,,,,#4,,Flame,salmon-egg-cluster-s4-flame,2,shopify,0,continue,manual,2.25,TRUE,TRUE,,,
salmon-egg-cluster,,,,,,,,,#4,,Chartreuse,salmon-egg-cluster-s4-chartreuse,2,shopify,0,continue,manual,2.25,TRUE,TRUE,,,
salmon-egg-cluster,,,,,,,,,#6,,Steelhead Orange,salmon-egg-cluster-s6-steelhead-orange,2,shopify,0,continue,manual,2.25,TRUE,TRUE,,,
salmon-egg-cluster,,,,,,,,,#6,,Sockeye,salmon-egg-cluster-s6-sockeye,2,shopify,0,continue,manual,2.25,TRUE,TRUE,,,
salmon-egg-cluster,,,,,,,,,#6,,Flame,salmon-egg-cluster-s6-flame,2,shopify,0,continue,manual,2.25,TRUE,TRUE,,,
salmon-egg-cluster,,,,,,,,,#6,,Chartreuse,salmon-egg-cluster-s6-chartreuse,2,shopify,0,continue,manual,2.25,TRUE,TRUE,,,
salmon-egg-cluster,,,,,,,,,#8,,Steelhead Orange,salmon-egg-cluster-s8-steelhead-orange,2,shopify,0,continue,manual,2.25,TRUE,TRUE,,,
salmon-egg-cluster,,,,,,,,,#8,,Sockeye,salmon-egg-cluster-s8-sockeye,2,shopify,0,continue,manual,2.25,TRUE,TRUE,,,
salmon-egg-cluster,,,,,,,,,#8,,Flame,salmon-egg-cluster-s8-flame,2,shopify,0,continue,manual,2.25,TRUE,TRUE,,,
salmon-egg-cluster,,,,,,,,,#8,,Chartreuse,salmon-egg-cluster-s8-chartreuse,2,shopify,0,continue,manual,2.25,TRUE,TRUE,,,
scrambled-eggs,Scrambled Eggs,"<p>A multi-color yarn-loop cluster in the Sucker Spawn family, suggesting a clump of eggs of mixed age. Fish it in pale yellow and cream mixes during the April to May sucker spawn and in orange mixes below salmon redds in fall, sized #8 to #12 for stained water.</p><p><strong>Fish it for:</strong> Steelhead, Brown trout, Rainbow trout (resident)</p><p>Hand-tied in Michigan for Michigan rivers. See when and where to fish it at michiganflies.com/flies/scrambled-eggs.</p>",Michigan Flies,Sporting Goods > Outdoor Recreation > Fishing > Fishing Tackle > Fishing Baits & Lures,Egg,"Egg, Steelhead, Brown trout, Rainbow trout (resident), nymph-indicator, chuck-and-duck, sucker-eggs, redhorse-eggs, chinook-eggs, coho-eggs, evidence-I",TRUE,Size,#8,Color,Cream and pale yellow mix,scrambled-eggs-s8-cream-and-pale-yellow-mix,2,shopify,0,continue,manual,2.25,TRUE,TRUE,Scrambled Eggs · hand-tied for Michigan rivers,"A multi-color yarn-loop cluster in the Sucker Spawn family, suggesting a clump of eggs of mixed age. Fish it in pale yellow and cream mixes during the April to May sucker spawn and in orange mixes below salmon redds in fall, sized #8 to #12 for stained water.",draft
scrambled-eggs,,,,,,,,,#8,,Peach and orange mix,scrambled-eggs-s8-peach-and-orange-mix,2,shopify,0,continue,manual,2.25,TRUE,TRUE,,,
scrambled-eggs,,,,,,,,,#8,,Chartreuse and orange,scrambled-eggs-s8-chartreuse-and-orange,2,shopify,0,continue,manual,2.25,TRUE,TRUE,,,
scrambled-eggs,,,,,,,,,#10,,Cream and pale yellow mix,scrambled-eggs-s10-cream-and-pale-yellow-mix,2,shopify,0,continue,manual,2.25,TRUE,TRUE,,,
scrambled-eggs,,,,,,,,,#10,,Peach and orange mix,scrambled-eggs-s10-peach-and-orange-mix,2,shopify,0,continue,manual,2.25,TRUE,TRUE,,,
scrambled-eggs,,,,,,,,,#10,,Chartreuse and orange,scrambled-eggs-s10-chartreuse-and-orange,2,shopify,0,continue,manual,2.25,TRUE,TRUE,,,
scrambled-eggs,,,,,,,,,#12,,Cream and pale yellow mix,scrambled-eggs-s12-cream-and-pale-yellow-mix,2,shopify,0,continue,manual,2.25,TRUE,TRUE,,,
scrambled-eggs,,,,,,,,,#12,,Peach and orange mix,scrambled-eggs-s12-peach-and-orange-mix,2,shopify,0,continue,manual,2.25,TRUE,TRUE,,,
scrambled-eggs,,,,,,,,,#12,,Chartreuse and orange,scrambled-eggs-s12-chartreuse-and-orange,2,shopify,0,continue,manual,2.25,TRUE,TRUE,,,
sucker-spawn,Sucker Spawn,"<p>Loops of angora or knitting yarn imitating the 2 to 3 mm pale-yellow egg clusters of white suckers and redhorse, which spawn late April into late May (peak around May 10 in the Detroit River study) on the same gravel trout and drop-back steelhead use. Betts reports over 100,000 redhorse ascending the Muskegon in May and June with big trout feeding behind the redds, and Current Works and Betts both fish pale yellow sucker spawn for spring steelhead and walleye eggs. Fish it #10 to #14 under an indicator directly below sucker redds; the U.P. window runs into June.</p><p><strong>Fish it for:</strong> Steelhead, Brown trout, Rainbow trout (resident)</p><p>Hand-tied in Michigan for Michigan rivers. See when and where to fish it at michiganflies.com/flies/sucker-spawn.</p>",Michigan Flies,Sporting Goods > Outdoor Recreation > Fishing > Fishing Tackle > Fishing Baits & Lures,Egg,"Egg, Steelhead, Brown trout, Rainbow trout (resident), nymph-indicator, chuck-and-duck, euro-nymph, sucker-eggs, redhorse-eggs, walleye-eggs, steelhead-eggs, evidence-S",TRUE,Size,#10,Color,Pale yellow,sucker-spawn-s10-pale-yellow,2,shopify,0,continue,manual,2.25,TRUE,TRUE,Sucker Spawn · hand-tied for Michigan rivers,"Loops of angora or knitting yarn imitating the 2 to 3 mm pale-yellow egg clusters of white suckers and redhorse, which spawn late April into late May (peak around May 10 in the Detroit River study) on the same gravel trout and drop-back steelhead use. Betts reports over 100,000 redhorse ascending th",draft
sucker-spawn,,,,,,,,,#10,,Cream,sucker-spawn-s10-cream,2,shopify,0,continue,manual,2.25,TRUE,TRUE,,,
sucker-spawn,,,,,,,,,#10,,Peach,sucker-spawn-s10-peach,2,shopify,0,continue,manual,2.25,TRUE,TRUE,,,
sucker-spawn,,,,,,,,,#10,,Light golden,sucker-spawn-s10-light-golden,2,shopify,0,continue,manual,2.25,TRUE,TRUE,,,
sucker-spawn,,,,,,,,,#12,,Pale yellow,sucker-spawn-s12-pale-yellow,2,shopify,0,continue,manual,2.25,TRUE,TRUE,,,
sucker-spawn,,,,,,,,,#12,,Cream,sucker-spawn-s12-cream,2,shopify,0,continue,manual,2.25,TRUE,TRUE,,,
sucker-spawn,,,,,,,,,#12,,Peach,sucker-spawn-s12-peach,2,shopify,0,continue,manual,2.25,TRUE,TRUE,,,
sucker-spawn,,,,,,,,,#12,,Light golden,sucker-spawn-s12-light-golden,2,shopify,0,continue,manual,2.25,TRUE,TRUE,,,
sucker-spawn,,,,,,,,,#14,,Pale yellow,sucker-spawn-s14-pale-yellow,2,shopify,0,continue,manual,2.25,TRUE,TRUE,,,
sucker-spawn,,,,,,,,,#14,,Cream,sucker-spawn-s14-cream,2,shopify,0,continue,manual,2.25,TRUE,TRUE,,,
sucker-spawn,,,,,,,,,#14,,Peach,sucker-spawn-s14-peach,2,shopify,0,continue,manual,2.25,TRUE,TRUE,,,
sucker-spawn,,,,,,,,,#14,,Light golden,sucker-spawn-s14-light-golden,2,shopify,0,continue,manual,2.25,TRUE,TRUE,,,
sucker-spawn,,,,,,,,,#16,,Pale yellow,sucker-spawn-s16-pale-yellow,2,shopify,0,continue,manual,2.25,TRUE,TRUE,,,
sucker-spawn,,,,,,,,,#16,,Cream,sucker-spawn-s16-cream,2,shopify,0,continue,manual,2.25,TRUE,TRUE,,,
sucker-spawn,,,,,,,,,#16,,Peach,sucker-spawn-s16-peach,2,shopify,0,continue,manual,2.25,TRUE,TRUE,,,
sucker-spawn,,,,,,,,,#16,,Light golden,sucker-spawn-s16-light-golden,2,shopify,0,continue,manual,2.25,TRUE,TRUE,,,
y2k-egg,Y2K Egg,"<p>A two-tone yarn ball tied semi-Glo Bug style that became popular around 2000, typically fluorescent orange over yellow. The orange and yellow split suggests a mixed cluster of steelhead and sucker eggs, which is why it is a late-March through May fly on the Muskegon and PM. Retail sizes #10 to #12.</p><p><strong>Fish it for:</strong> Steelhead, Brown trout, Rainbow trout (resident)</p><p>Hand-tied in Michigan for Michigan rivers. See when and where to fish it at michiganflies.com/flies/y2k-egg.</p>",Michigan Flies,Sporting Goods > Outdoor Recreation > Fishing > Fishing Tackle > Fishing Baits & Lures,Egg,"Egg, Steelhead, Brown trout, Rainbow trout (resident), nymph-indicator, chuck-and-duck, sucker-eggs, steelhead-eggs, walleye-eggs, evidence-A",TRUE,Size,#10,Color,Fluorescent orange/yellow,y2k-egg-s10-fluorescent-orange-yellow,2,shopify,0,continue,manual,2.25,TRUE,TRUE,Y2K Egg · hand-tied for Michigan rivers,"A two-tone yarn ball tied semi-Glo Bug style that became popular around 2000, typically fluorescent orange over yellow. The orange and yellow split suggests a mixed cluster of steelhead and sucker eggs, which is why it is a late-March through May fly on the Muskegon and PM. Retail sizes #10 to #12.",draft
y2k-egg,,,,,,,,,#10,,Orange/pink,y2k-egg-s10-orange-pink,2,shopify,0,continue,manual,2.25,TRUE,TRUE,,,
y2k-egg,,,,,,,,,#12,,Fluorescent orange/yellow,y2k-egg-s12-fluorescent-orange-yellow,2,shopify,0,continue,manual,2.25,TRUE,TRUE,,,
y2k-egg,,,,,,,,,#12,,Orange/pink,y2k-egg-s12-orange-pink,2,shopify,0,continue,manual,2.25,TRUE,TRUE,,,
grannom-pupa,Grannom Pupa,"<p>Brachycentrus emerges in intense afternoon bursts once water holds in the low 50s, from late April on Michigan charts (Mother's Day caddis), a week or two later in the U.P. Swing or dead-drift a green-bodied pupa toward the surface in the hour before the adults appear, then fish it as a dropper behind an Elk Hair Caddis.</p><p><strong>Imitates:</strong> Grannom</p><p><strong>Fish it for:</strong> Brown trout, Brook trout, Rainbow trout (resident)</p><p>Hand-tied in Michigan for Michigan rivers. See when and where to fish it at michiganflies.com/flies/grannom-pupa.</p>",Michigan Flies,Sporting Goods > Outdoor Recreation > Fishing > Fishing Tackle > Fishing Baits & Lures,Emerger,"Emerger, Brown trout, Brook trout, Rainbow trout (resident), nymph-indicator, dry-fly, euro-nymph, grannom, evidence-A",TRUE,Size,#12,Color,"Bright green body, dark wing pads",grannom-pupa-s12-bright-green-body-dark-wing-pads,2,shopify,0,continue,manual,3.00,TRUE,TRUE,Grannom Pupa · hand-tied for Michigan rivers,"Brachycentrus emerges in intense afternoon bursts once water holds in the low 50s, from late April on Michigan charts (Mother's Day caddis), a week or two later in the U.P. Swing or dead-drift a green-bodied pupa toward the surface in the hour before the adults appear, then fish it as a dropper behi",draft
grannom-pupa,,,,,,,,,#14,,"Bright green body, dark wing pads",grannom-pupa-s14-bright-green-body-dark-wing-pads,2,shopify,0,continue,manual,3.00,TRUE,TRUE,,,
grannom-pupa,,,,,,,,,#16,,"Bright green body, dark wing pads",grannom-pupa-s16-bright-green-body-dark-wing-pads,2,shopify,0,continue,manual,3.00,TRUE,TRUE,,,
hendrickson-emerger,Hendrickson Emerger,"<p>Au Sable guides and Old Au Sable Fly Shop both recommend an emerger or floating nymph alongside the parachute during Hendricksons. Fish it in the film or as a dropper behind the dry when trout are bulging rather than breaking the surface in the first days of the hatch.</p><p><strong>Imitates:</strong> Hendrickson</p><p><strong>Fish it for:</strong> Brown trout, Brook trout, Rainbow trout (resident)</p><p>Hand-tied in Michigan for Michigan rivers. See when and where to fish it at michiganflies.com/flies/hendrickson-emerger.</p>",Michigan Flies,Sporting Goods > Outdoor Recreation > Fishing > Fishing Tackle > Fishing Baits & Lures,Emerger,"Emerger, Brown trout, Brook trout, Rainbow trout (resident), dry-fly, hendrickson, evidence-A",TRUE,Size,#12,Color,Reddish brown with dun wing,hendrickson-emerger-s12-reddish-brown-with-dun-wing,2,shopify,0,continue,manual,3.00,TRUE,TRUE,Hendrickson Emerger · hand-tied for Michigan rivers,Au Sable guides and Old Au Sable Fly Shop both recommend an emerger or floating nymph alongside the parachute during Hendricksons. Fish it in the film or as a dropper behind the dry when trout are bulging rather than breaking the surface in the first days of the hatch.,draft
hendrickson-emerger,,,,,,,,,#12,,Floating nymph,hendrickson-emerger-s12-floating-nymph,2,shopify,0,continue,manual,3.00,TRUE,TRUE,,,
hendrickson-emerger,,,,,,,,,#14,,Reddish brown with dun wing,hendrickson-emerger-s14-reddish-brown-with-dun-wing,2,shopify,0,continue,manual,3.00,TRUE,TRUE,,,
hendrickson-emerger,,,,,,,,,#14,,Floating nymph,hendrickson-emerger-s14-floating-nymph,2,shopify,0,continue,manual,3.00,TRUE,TRUE,,,
spotted-sedge-pupa,Spotted Sedge Pupa (Hydropsyche),"<p>Hydropsyche and Cheumatopsyche net-spinners are the season-long caddis from May through September on every Michigan river, and the Muskegon is 'world renowned' for them. Pupal wing pads darken a day before emergence; swing a tan or olive pupa on the rise toward dusk, or hang it under an Elk Hair. St. Marys Atlantics feed on caddis pupae from mid July.</p><p><strong>Imitates:</strong> Tan Caddis, Little Sister Sedge</p><p><strong>Fish it for:</strong> Brown trout, Brook trout, Rainbow trout (resident), Atlantic salmon</p><p>Hand-tied in Michigan for Michigan rivers. See when and where to fish it at michiganflies.com/flies/spotted-sedge-pupa.</p>",Michigan Flies,Sporting Goods > Outdoor Recreation > Fishing > Fishing Tackle > Fishing Baits & Lures,Emerger,"Emerger, Brown trout, Brook trout, Rainbow trout (resident), Atlantic salmon, nymph-indicator, dry-fly, euro-nymph, tan-caddis, little-sister-caddis, evidence-A",TRUE,Size,#12,Color,Tan-cinnamon,spotted-sedge-pupa-s12-tan-cinnamon,2,shopify,0,continue,manual,3.00,TRUE,TRUE,Spotted Sedge Pupa (Hydropsyche) · hand-tied for Michigan rivers,"Hydropsyche and Cheumatopsyche net-spinners are the season-long caddis from May through September on every Michigan river, and the Muskegon is 'world renowned' for them. Pupal wing pads darken a day before emergence; swing a tan or olive pupa on the rise toward dusk, or hang it under an Elk Hair. St",draft
spotted-sedge-pupa,,,,,,,,,#12,,Olive,spotted-sedge-pupa-s12-olive,2,shopify,0,continue,manual,3.00,TRUE,TRUE,,,
spotted-sedge-pupa,,,,,,,,,#14,,Tan-cinnamon,spotted-sedge-pupa-s14-tan-cinnamon,2,shopify,0,continue,manual,3.00,TRUE,TRUE,,,
spotted-sedge-pupa,,,,,,,,,#14,,Olive,spotted-sedge-pupa-s14-olive,2,shopify,0,continue,manual,3.00,TRUE,TRUE,,,
spotted-sedge-pupa,,,,,,,,,#16,,Tan-cinnamon,spotted-sedge-pupa-s16-tan-cinnamon,2,shopify,0,continue,manual,3.00,TRUE,TRUE,,,
spotted-sedge-pupa,,,,,,,,,#16,,Olive,spotted-sedge-pupa-s16-olive,2,shopify,0,continue,manual,3.00,TRUE,TRUE,,,
spotted-sedge-pupa,,,,,,,,,#18,,Tan-cinnamon,spotted-sedge-pupa-s18-tan-cinnamon,2,shopify,0,continue,manual,3.00,TRUE,TRUE,,,
spotted-sedge-pupa,,,,,,,,,#18,,Olive,spotted-sedge-pupa-s18-olive,2,shopify,0,continue,manual,3.00,TRUE,TRUE,,,
sulphur-emerger,Sulphur Emerger,"<p>Michigan Sulphurs emerge slowly through the film and trout often refuse duns, so emergers with a trailing shuck outfish the dry from mid May through July on the Au Sable, Pere Marquette and Muskegon. Fish it low in the film during the afternoon and evening emergence in 52 to 60 F water; size #16 for invaria and #18 to #20 for dorothea.</p><p><strong>Imitates:</strong> Sulphur, Little Sulphur</p><p><strong>Fish it for:</strong> Brown trout, Brook trout, Rainbow trout (resident)</p><p>Hand-tied in Michigan for Michigan rivers. See when and where to fish it at michiganflies.com/flies/sulphur-emerger.</p>",Michigan Flies,Sporting Goods > Outdoor Recreation > Fishing > Fishing Tackle > Fishing Baits & Lures,Emerger,"Emerger, Brown trout, Brook trout, Rainbow trout (resident), dry-fly, sulphur-invaria, sulphur-dorothea, evidence-A",TRUE,Size,#14,Color,Yellow-orange with brown Z-Lon shuck,sulphur-emerger-s14-yellow-orange-with-brown-z-lon-shuck,2,shopify,0,continue,manual,3.00,TRUE,TRUE,Sulphur Emerger · hand-tied for Michigan rivers,"Michigan Sulphurs emerge slowly through the film and trout often refuse duns, so emergers with a trailing shuck outfish the dry from mid May through July on the Au Sable, Pere Marquette and Muskegon. Fish it low in the film during the afternoon and evening emergence in 52 to 60 F water; size #16 for",draft
sulphur-emerger,,,,,,,,,#14,,Creamy yellow with pheasant tail shuck,sulphur-emerger-s14-creamy-yellow-with-pheasant-tail-shuck,2,shopify,0,continue,manual,3.00,TRUE,TRUE,,,
sulphur-emerger,,,,,,,,,#16,,Yellow-orange with brown Z-Lon shuck,sulphur-emerger-s16-yellow-orange-with-brown-z-lon-shuck,2,shopify,0,continue,manual,3.00,TRUE,TRUE,,,
sulphur-emerger,,,,,,,,,#16,,Creamy yellow with pheasant tail shuck,sulphur-emerger-s16-creamy-yellow-with-pheasant-tail-shuck,2,shopify,0,continue,manual,3.00,TRUE,TRUE,,,
sulphur-emerger,,,,,,,,,#18,,Yellow-orange with brown Z-Lon shuck,sulphur-emerger-s18-yellow-orange-with-brown-z-lon-shuck,2,shopify,0,continue,manual,3.00,TRUE,TRUE,,,
sulphur-emerger,,,,,,,,,#18,,Creamy yellow with pheasant tail shuck,sulphur-emerger-s18-creamy-yellow-with-pheasant-tail-shuck,2,shopify,0,continue,manual,3.00,TRUE,TRUE,,,
sulphur-emerger,,,,,,,,,#20,,Yellow-orange with brown Z-Lon shuck,sulphur-emerger-s20-yellow-orange-with-brown-z-lon-shuck,2,shopify,0,continue,manual,3.00,TRUE,TRUE,,,
sulphur-emerger,,,,,,,,,#20,,Creamy yellow with pheasant tail shuck,sulphur-emerger-s20-creamy-yellow-with-pheasant-tail-shuck,2,shopify,0,continue,manual,3.00,TRUE,TRUE,,,
x-caddis,X-Caddis,"<p>A trailing-shuck caddis that sits low in the film, matching Troutnut's advice that Chimarra and Grannom need low-floating emergers because they emerge slowly through the surface. Fish black #16 to #20 midday during the late April to June Little Black Caddis, and tan or olive through summer evenings.</p><p><strong>Imitates:</strong> Little Black Caddis, Grannom, Tan Caddis, Little Sister Sedge</p><p><strong>Fish it for:</strong> Brown trout, Brook trout, Rainbow trout (resident)</p><p>Hand-tied in Michigan for Michigan rivers. See when and where to fish it at michiganflies.com/flies/x-caddis.</p>",Michigan Flies,Sporting Goods > Outdoor Recreation > Fishing > Fishing Tackle > Fishing Baits & Lures,Emerger,"Emerger, Brown trout, Brook trout, Rainbow trout (resident), dry-fly, little-black-caddis, grannom, tan-caddis, little-sister-caddis, evidence-I",TRUE,Size,#14,Color,Black,x-caddis-s14-black,2,shopify,0,continue,manual,3.00,TRUE,TRUE,X-Caddis · hand-tied for Michigan rivers,"A trailing-shuck caddis that sits low in the film, matching Troutnut's advice that Chimarra and Grannom need low-floating emergers because they emerge slowly through the surface. Fish black #16 to #20 midday during the late April to June Little Black Caddis, and tan or olive through summer evenings.",draft
x-caddis,,,,,,,,,#14,,Olive,x-caddis-s14-olive,2,shopify,0,continue,manual,3.00,TRUE,TRUE,,,
x-caddis,,,,,,,,,#14,,Tan,x-caddis-s14-tan,2,shopify,0,continue,manual,3.00,TRUE,TRUE,,,
x-caddis,,,,,,,,,#16,,Black,x-caddis-s16-black,2,shopify,0,continue,manual,3.00,TRUE,TRUE,,,
x-caddis,,,,,,,,,#16,,Olive,x-caddis-s16-olive,2,shopify,0,continue,manual,3.00,TRUE,TRUE,,,
x-caddis,,,,,,,,,#16,,Tan,x-caddis-s16-tan,2,shopify,0,continue,manual,3.00,TRUE,TRUE,,,
x-caddis,,,,,,,,,#18,,Black,x-caddis-s18-black,2,shopify,0,continue,manual,3.00,TRUE,TRUE,,,
x-caddis,,,,,,,,,#18,,Olive,x-caddis-s18-olive,2,shopify,0,continue,manual,3.00,TRUE,TRUE,,,
x-caddis,,,,,,,,,#18,,Tan,x-caddis-s18-tan,2,shopify,0,continue,manual,3.00,TRUE,TRUE,,,
x-caddis,,,,,,,,,#20,,Black,x-caddis-s20-black,2,shopify,0,continue,manual,3.00,TRUE,TRUE,,,
x-caddis,,,,,,,,,#20,,Olive,x-caddis-s20-olive,2,shopify,0,continue,manual,3.00,TRUE,TRUE,,,
x-caddis,,,,,,,,,#20,,Tan,x-caddis-s20-tan,2,shopify,0,continue,manual,3.00,TRUE,TRUE,,,
crane-fly-larva,Crane Fly Larva,"<p>A worm-like one to three inch larva that gets dislodged in high water, when it is most useful as a heavy point fly. Michigan sources treat crane flies mainly as yellow adults beside the Sulphurs, so this is a generic high-water nymph for spring and fall flows.</p><p><strong>Imitates:</strong> Crane Fly</p><p><strong>Fish it for:</strong> Brown trout, Rainbow trout (resident), Steelhead</p><p>Hand-tied in Michigan for Michigan rivers. See when and where to fish it at michiganflies.com/flies/crane-fly-larva.</p>",Michigan Flies,Sporting Goods > Outdoor Recreation > Fishing > Fishing Tackle > Fishing Baits & Lures,Larva / pupa,"Larva / pupa, Brown trout, Rainbow trout (resident), Steelhead, nymph-indicator, euro-nymph, crane-fly, evidence-I",TRUE,Size,#8,Color,Tan,crane-fly-larva-s8-tan,2,shopify,0,continue,manual,2.75,TRUE,TRUE,Crane Fly Larva · hand-tied for Michigan rivers,"A worm-like one to three inch larva that gets dislodged in high water, when it is most useful as a heavy point fly. Michigan sources treat crane flies mainly as yellow adults beside the Sulphurs, so this is a generic high-water nymph for spring and fall flows.",draft
crane-fly-larva,,,,,,,,,#8,,Olive-gray,crane-fly-larva-s8-olive-gray,2,shopify,0,continue,manual,2.75,TRUE,TRUE,,,
crane-fly-larva,,,,,,,,,#10,,Tan,crane-fly-larva-s10-tan,2,shopify,0,continue,manual,2.75,TRUE,TRUE,,,
crane-fly-larva,,,,,,,,,#10,,Olive-gray,crane-fly-larva-s10-olive-gray,2,shopify,0,continue,manual,2.75,TRUE,TRUE,,,
crane-fly-larva,,,,,,,,,#12,,Tan,crane-fly-larva-s12-tan,2,shopify,0,continue,manual,2.75,TRUE,TRUE,,,
crane-fly-larva,,,,,,,,,#12,,Olive-gray,crane-fly-larva-s12-olive-gray,2,shopify,0,continue,manual,2.75,TRUE,TRUE,,,
green-caddis-larva,Green Caddis Larva,"<p>A Michigan steelhead staple: the green Rhyacophila larva is 'effective on the Muskegon River for steelhead' and Current Works lists caddis #6 to #12 among its top five, bright green or chartreuse for stained water and olive or cream naturals for low clear flows. Betts names green caddis larvae with Hex nymphs and eggs on the Pere Marquette flies-only water. Fish it as the trailer behind an egg or stonefly, year-round.</p><p><strong>Imitates:</strong> Green Rock Worm, Little Sister Sedge</p><p><strong>Fish it for:</strong> Steelhead, Brown trout, Rainbow trout (resident), Atlantic salmon, Chinook salmon, Coho salmon</p><p>Hand-tied in Michigan for Michigan rivers. See when and where to fish it at michiganflies.com/flies/green-caddis-larva.</p>",Michigan Flies,Sporting Goods > Outdoor Recreation > Fishing > Fishing Tackle > Fishing Baits & Lures,Larva / pupa,"Larva / pupa, Steelhead, Brown trout, Rainbow trout (resident), Atlantic salmon, Chinook salmon, Coho salmon, nymph-indicator, chuck-and-duck, euro-nymph, green-rock-worm, little-sister-caddis, evidence-A",TRUE,Size,#6,Color,Green,green-caddis-larva-s6-green,2,shopify,0,continue,manual,2.75,TRUE,TRUE,Green Caddis Larva · hand-tied for Michigan rivers,"A Michigan steelhead staple: the green Rhyacophila larva is 'effective on the Muskegon River for steelhead' and Current Works lists caddis #6 to #12 among its top five, bright green or chartreuse for stained water and olive or cream naturals for low clear flows. Betts names green caddis larvae with ",draft
green-caddis-larva,,,,,,,,,#6,,Chartreuse,green-caddis-larva-s6-chartreuse,2,shopify,0,continue,manual,2.75,TRUE,TRUE,,,
green-caddis-larva,,,,,,,,,#6,,Olive,green-caddis-larva-s6-olive,2,shopify,0,continue,manual,2.75,TRUE,TRUE,,,
green-caddis-larva,,,,,,,,,#6,,Cream,green-caddis-larva-s6-cream,2,shopify,0,continue,manual,2.75,TRUE,TRUE,,,
green-caddis-larva,,,,,,,,,#6,,Disco Caddis (flashy),green-caddis-larva-s6-disco-caddis-flashy,2,shopify,0,continue,manual,2.75,TRUE,TRUE,,,
green-caddis-larva,,,,,,,,,#6,,Boogie Woogie Caddis,green-caddis-larva-s6-boogie-woogie-caddis,2,shopify,0,continue,manual,2.75,TRUE,TRUE,,,
green-caddis-larva,,,,,,,,,#8,,Green,green-caddis-larva-s8-green,2,shopify,0,continue,manual,2.75,TRUE,TRUE,,,
green-caddis-larva,,,,,,,,,#8,,Chartreuse,green-caddis-larva-s8-chartreuse,2,shopify,0,continue,manual,2.75,TRUE,TRUE,,,
green-caddis-larva,,,,,,,,,#8,,Olive,green-caddis-larva-s8-olive,2,shopify,0,continue,manual,2.75,TRUE,TRUE,,,
green-caddis-larva,,,,,,,,,#8,,Cream,green-caddis-larva-s8-cream,2,shopify,0,continue,manual,2.75,TRUE,TRUE,,,
green-caddis-larva,,,,,,,,,#8,,Disco Caddis (flashy),green-caddis-larva-s8-disco-caddis-flashy,2,shopify,0,continue,manual,2.75,TRUE,TRUE,,,
green-caddis-larva,,,,,,,,,#8,,Boogie Woogie Caddis,green-caddis-larva-s8-boogie-woogie-caddis,2,shopify,0,continue,manual,2.75,TRUE,TRUE,,,
green-caddis-larva,,,,,,,,,#10,,Green,green-caddis-larva-s10-green,2,shopify,0,continue,manual,2.75,TRUE,TRUE,,,
green-caddis-larva,,,,,,,,,#10,,Chartreuse,green-caddis-larva-s10-chartreuse,2,shopify,0,continue,manual,2.75,TRUE,TRUE,,,
green-caddis-larva,,,,,,,,,#10,,Olive,green-caddis-larva-s10-olive,2,shopify,0,continue,manual,2.75,TRUE,TRUE,,,
green-caddis-larva,,,,,,,,,#10,,Cream,green-caddis-larva-s10-cream,2,shopify,0,continue,manual,2.75,TRUE,TRUE,,,
green-caddis-larva,,,,,,,,,#10,,Disco Caddis (flashy),green-caddis-larva-s10-disco-caddis-flashy,2,shopify,0,continue,manual,2.75,TRUE,TRUE,,,
green-caddis-larva,,,,,,,,,#10,,Boogie Woogie Caddis,green-caddis-larva-s10-boogie-woogie-caddis,2,shopify,0,continue,manual,2.75,TRUE,TRUE,,,
green-caddis-larva,,,,,,,,,#12,,Green,green-caddis-larva-s12-green,2,shopify,0,continue,manual,2.75,TRUE,TRUE,,,
green-caddis-larva,,,,,,,,,#12,,Chartreuse,green-caddis-larva-s12-chartreuse,2,shopify,0,continue,manual,2.75,TRUE,TRUE,,,
green-caddis-larva,,,,,,,,,#12,,Olive,green-caddis-larva-s12-olive,2,shopify,0,continue,manual,2.75,TRUE,TRUE,,,
green-caddis-larva,,,,,,,,,#12,,Cream,green-caddis-larva-s12-cream,2,shopify,0,continue,manual,2.75,TRUE,TRUE,,,
green-caddis-larva,,,,,,,,,#12,,Disco Caddis (flashy),green-caddis-larva-s12-disco-caddis-flashy,2,shopify,0,continue,manual,2.75,TRUE,TRUE,,,
green-caddis-larva,,,,,,,,,#12,,Boogie Woogie Caddis,green-caddis-larva-s12-boogie-woogie-caddis,2,shopify,0,continue,manual,2.75,TRUE,TRUE,,,
green-caddis-larva,,,,,,,,,#14,,Green,green-caddis-larva-s14-green,2,shopify,0,continue,manual,2.75,TRUE,TRUE,,,
green-caddis-larva,,,,,,,,,#14,,Chartreuse,green-caddis-larva-s14-chartreuse,2,shopify,0,continue,manual,2.75,TRUE,TRUE,,,
green-caddis-larva,,,,,,,,,#14,,Olive,green-caddis-larva-s14-olive,2,shopify,0,continue,manual,2.75,TRUE,TRUE,,,
green-caddis-larva,,,,,,,,,#14,,Cream,green-caddis-larva-s14-cream,2,shopify,0,continue,manual,2.75,TRUE,TRUE,,,
green-caddis-larva,,,,,,,,,#14,,Disco Caddis (flashy),green-caddis-larva-s14-disco-caddis-flashy,2,shopify,0,continue,manual,2.75,TRUE,TRUE,,,
green-caddis-larva,,,,,,,,,#14,,Boogie Woogie Caddis,green-caddis-larva-s14-boogie-woogie-caddis,2,shopify,0,continue,manual,2.75,TRUE,TRUE,,,
green-caddis-larva,,,,,,,,,#16,,Green,green-caddis-larva-s16-green,2,shopify,0,continue,manual,2.75,TRUE,TRUE,,,
green-caddis-larva,,,,,,,,,#16,,Chartreuse,green-caddis-larva-s16-chartreuse,2,shopify,0,continue,manual,2.75,TRUE,TRUE,,,
green-caddis-larva,,,,,,,,,#16,,Olive,green-caddis-larva-s16-olive,2,shopify,0,continue,manual,2.75,TRUE,TRUE,,,
green-caddis-larva,,,,,,,,,#16,,Cream,green-caddis-larva-s16-cream,2,shopify,0,continue,manual,2.75,TRUE,TRUE,,,
green-caddis-larva,,,,,,,,,#16,,Disco Caddis (flashy),green-caddis-larva-s16-disco-caddis-flashy,2,shopify,0,continue,manual,2.75,TRUE,TRUE,,,
green-caddis-larva,,,,,,,,,#16,,Boogie Woogie Caddis,green-caddis-larva-s16-boogie-woogie-caddis,2,shopify,0,continue,manual,2.75,TRUE,TRUE,,,
pm-caddis,PM Caddis,"<p>A Pere Marquette caddis larva named by Current Works among its Michigan steelhead caddis (with the Disco Caddis and Boogie Woogie Caddis). Fish it in tandem behind an egg on the PM's flies-only water from fall through the spring spawn.</p><p><strong>Imitates:</strong> Green Rock Worm, Little Sister Sedge</p><p><strong>Fish it for:</strong> Steelhead, Brown trout</p><p><em>Pere Marquette River</em></p><p>Hand-tied in Michigan for Michigan rivers. See when and where to fish it at michiganflies.com/flies/pm-caddis.</p>",Michigan Flies,Sporting Goods > Outdoor Recreation > Fishing > Fishing Tackle > Fishing Baits & Lures,Larva / pupa,"Larva / pupa, Steelhead, Brown trout, nymph-indicator, chuck-and-duck, green-rock-worm, little-sister-caddis, evidence-A",TRUE,Size,#8,Color,Green,pm-caddis-s8-green,2,shopify,0,continue,manual,2.75,TRUE,TRUE,PM Caddis · hand-tied for Michigan rivers,A Pere Marquette caddis larva named by Current Works among its Michigan steelhead caddis (with the Disco Caddis and Boogie Woogie Caddis). Fish it in tandem behind an egg on the PM's flies-only water from fall through the spring spawn.,draft
pm-caddis,,,,,,,,,#8,,Chartreuse,pm-caddis-s8-chartreuse,2,shopify,0,continue,manual,2.75,TRUE,TRUE,,,
pm-caddis,,,,,,,,,#10,,Green,pm-caddis-s10-green,2,shopify,0,continue,manual,2.75,TRUE,TRUE,,,
pm-caddis,,,,,,,,,#10,,Chartreuse,pm-caddis-s10-chartreuse,2,shopify,0,continue,manual,2.75,TRUE,TRUE,,,
pm-caddis,,,,,,,,,#12,,Green,pm-caddis-s12-green,2,shopify,0,continue,manual,2.75,TRUE,TRUE,,,
pm-caddis,,,,,,,,,#12,,Chartreuse,pm-caddis-s12-chartreuse,2,shopify,0,continue,manual,2.75,TRUE,TRUE,,,
amphibious-assault,Amphibious Assault,"<p>A frog-and-mouse waking fly from the Mangled Fly night box, fished with McCoy's Mouse, gurglers and frogs for nocturnal browns from July through September. The DNR lists amphibians and small rodents in adult brown trout diets; pop and pause it along weedy edges and slow flats after dark.</p><p><strong>Fish it for:</strong> Brown trout</p><p><em>Mangled Fly, Manistee River</em></p><p>Hand-tied in Michigan for Michigan rivers. See when and where to fish it at michiganflies.com/flies/amphibious-assault.</p>",Michigan Flies,Sporting Goods > Outdoor Recreation > Fishing > Fishing Tackle > Fishing Baits & Lures,Mouse,"Mouse, Brown trout, mousing, frog, mouse, evidence-A",TRUE,Size,#2,Color,Olive/tan,amphibious-assault-s2-olive-tan,2,shopify,0,continue,manual,8.00,TRUE,TRUE,Amphibious Assault · hand-tied for Michigan rivers,"A frog-and-mouse waking fly from the Mangled Fly night box, fished with McCoy's Mouse, gurglers and frogs for nocturnal browns from July through September. The DNR lists amphibians and small rodents in adult brown trout diets; pop and pause it along weedy edges and slow flats after dark.",draft
amphibious-assault,,,,,,,,,#2,,Black,amphibious-assault-s2-black,2,shopify,0,continue,manual,8.00,TRUE,TRUE,,,
amphibious-assault,,,,,,,,,#4,,Olive/tan,amphibious-assault-s4-olive-tan,2,shopify,0,continue,manual,8.00,TRUE,TRUE,,,
amphibious-assault,,,,,,,,,#4,,Black,amphibious-assault-s4-black,2,shopify,0,continue,manual,8.00,TRUE,TRUE,,,
gurgler,Gurgler (Night Frog),"<p>Foam-lipped gurglers and waking flies round out the Michigan night box per Mangled Fly, pushing a wake that big browns track in the dark. A black gurgler also works for a dark Hex or big caddis after the main hatch; strip it steadily across flats from June to mid September.</p><p><strong>Fish it for:</strong> Brown trout, Brook trout</p><p>Hand-tied in Michigan for Michigan rivers. See when and where to fish it at michiganflies.com/flies/gurgler.</p>",Michigan Flies,Sporting Goods > Outdoor Recreation > Fishing > Fishing Tackle > Fishing Baits & Lures,Mouse,"Mouse, Brown trout, Brook trout, mousing, frog, mouse, evidence-A",TRUE,Size,#2,Color,Black,gurgler-s2-black,2,shopify,0,continue,manual,8.00,TRUE,TRUE,Gurgler (Night Frog) · hand-tied for Michigan rivers,"Foam-lipped gurglers and waking flies round out the Michigan night box per Mangled Fly, pushing a wake that big browns track in the dark. A black gurgler also works for a dark Hex or big caddis after the main hatch; strip it steadily across flats from June to mid September.",draft
gurgler,,,,,,,,,#2,,Olive,gurgler-s2-olive,2,shopify,0,continue,manual,8.00,TRUE,TRUE,,,
gurgler,,,,,,,,,#2,,Natural,gurgler-s2-natural,2,shopify,0,continue,manual,8.00,TRUE,TRUE,,,
gurgler,,,,,,,,,#4,,Black,gurgler-s4-black,2,shopify,0,continue,manual,8.00,TRUE,TRUE,,,
gurgler,,,,,,,,,#4,,Olive,gurgler-s4-olive,2,shopify,0,continue,manual,8.00,TRUE,TRUE,,,
gurgler,,,,,,,,,#4,,Natural,gurgler-s4-natural,2,shopify,0,continue,manual,8.00,TRUE,TRUE,,,
gurgler,,,,,,,,,#6,,Black,gurgler-s6-black,2,shopify,0,continue,manual,8.00,TRUE,TRUE,,,
gurgler,,,,,,,,,#6,,Olive,gurgler-s6-olive,2,shopify,0,continue,manual,8.00,TRUE,TRUE,,,
gurgler,,,,,,,,,#6,,Natural,gurgler-s6-natural,2,shopify,0,continue,manual,8.00,TRUE,TRUE,,,
master-splinter,Master Splinter,"<p>Joe Cermele's 'mousified gurgler with good wake,' which Sipping Mayflies says to 'just buy and be done with it.' The foam lip pushes water on a slow steady strip with pauses, so fish feel it in the dark; fish it on pitch-dark nights on a stout 8 to 12 lb leader, letting it swing around toward the bank.</p><p><strong>Fish it for:</strong> Brown trout</p><p><em>Joe Cermele</em></p><p>Hand-tied in Michigan for Michigan rivers. See when and where to fish it at michiganflies.com/flies/master-splinter.</p>",Michigan Flies,Sporting Goods > Outdoor Recreation > Fishing > Fishing Tackle > Fishing Baits & Lures,Mouse,"Mouse, Brown trout, mousing, mouse, evidence-A",TRUE,Size,#1,Color,Natural,master-splinter-s1-natural,2,shopify,0,continue,manual,8.00,TRUE,TRUE,Master Splinter · hand-tied for Michigan rivers,"Joe Cermele's 'mousified gurgler with good wake,' which Sipping Mayflies says to 'just buy and be done with it.' The foam lip pushes water on a slow steady strip with pauses, so fish feel it in the dark; fish it on pitch-dark nights on a stout 8 to 12 lb leader, letting it swing around toward the ba",draft
master-splinter,,,,,,,,,#1,,Black,master-splinter-s1-black,2,shopify,0,continue,manual,8.00,TRUE,TRUE,,,
master-splinter,,,,,,,,,#2,,Natural,master-splinter-s2-natural,2,shopify,0,continue,manual,8.00,TRUE,TRUE,,,
master-splinter,,,,,,,,,#2,,Black,master-splinter-s2-black,2,shopify,0,continue,manual,8.00,TRUE,TRUE,,,
master-splinter,,,,,,,,,#4,,Natural,master-splinter-s4-natural,2,shopify,0,continue,manual,8.00,TRUE,TRUE,,,
master-splinter,,,,,,,,,#4,,Black,master-splinter-s4-black,2,shopify,0,continue,manual,8.00,TRUE,TRUE,,,
mccoys-mouse,McCoy's Mouse,"<p>Ed McCoy's mouse for the Au Sable, Pere Marquette and Upper Manistee, where 'the larger fish in our rivers still prefer to hunt at night' and late-summer food scarcity makes them hungry. Cast tight to banks with popping strips from July to September; McCoy stresses Michigan needs full darkness for it to work.</p><p><strong>Fish it for:</strong> Brown trout</p><p><em>Ed McCoy, Mangled Fly</em></p><p>Hand-tied in Michigan for Michigan rivers. See when and where to fish it at michiganflies.com/flies/mccoys-mouse.</p>",Michigan Flies,Sporting Goods > Outdoor Recreation > Fishing > Fishing Tackle > Fishing Baits & Lures,Mouse,"Mouse, Brown trout, mousing, mouse, evidence-A",TRUE,Size,#2,Color,Natural deer hair,mccoys-mouse-s2-natural-deer-hair,2,shopify,0,continue,manual,8.00,TRUE,TRUE,McCoy's Mouse · hand-tied for Michigan rivers,"Ed McCoy's mouse for the Au Sable, Pere Marquette and Upper Manistee, where 'the larger fish in our rivers still prefer to hunt at night' and late-summer food scarcity makes them hungry. Cast tight to banks with popping strips from July to September; McCoy stresses Michigan needs full darkness for i",draft
mccoys-mouse,,,,,,,,,#4,,Natural deer hair,mccoys-mouse-s4-natural-deer-hair,2,shopify,0,continue,manual,8.00,TRUE,TRUE,,,
morrish-mouse,Morrish Mouse,"<p>Foam back, deer or elk hair body and rabbit-strip tail, sold in #4 and #6, the most widely stocked mouse for Michigan night fishing. Mousing runs July through September with late August and September prime; cast tight to the bank after 10:30 pm and swing or slow-strip it across shallow flats on the Au Sable, Pere Marquette and Upper Manistee at 52 to 68 F water.</p><p><strong>Fish it for:</strong> Brown trout, Brook trout</p><p>Hand-tied in Michigan for Michigan rivers. See when and where to fish it at michiganflies.com/flies/morrish-mouse.</p>",Michigan Flies,Sporting Goods > Outdoor Recreation > Fishing > Fishing Tackle > Fishing Baits & Lures,Mouse,"Mouse, Brown trout, Brook trout, mousing, mouse, evidence-A",TRUE,Size,#2,Color,Natural deer hair and foam,morrish-mouse-s2-natural-deer-hair-and-foam,2,shopify,0,continue,manual,8.00,TRUE,TRUE,Morrish Mouse · hand-tied for Michigan rivers,"Foam back, deer or elk hair body and rabbit-strip tail, sold in #4 and #6, the most widely stocked mouse for Michigan night fishing. Mousing runs July through September with late August and September prime; cast tight to the bank after 10:30 pm and swing or slow-strip it across shallow flats on the ",draft
morrish-mouse,,,,,,,,,#4,,Natural deer hair and foam,morrish-mouse-s4-natural-deer-hair-and-foam,2,shopify,0,continue,manual,8.00,TRUE,TRUE,,,
morrish-mouse,,,,,,,,,#6,,Natural deer hair and foam,morrish-mouse-s6-natural-deer-hair-and-foam,2,shopify,0,continue,manual,8.00,TRUE,TRUE,,,
twenty-incher,20 Incher,"<p>Current Works lists the 20 Incher among its Michigan steelhead stoneflies #6 to #12, alongside Ted's Early Black Stone and Mercer's Biot Epoxy Stone. It doubles as a golden stone nymph for trout from mid May through August, fished tight to the banks where Acroneuria nymphs migrate before crawling out.</p><p><strong>Imitates:</strong> Golden Stonefly, Giant Black Stonefly</p><p><strong>Fish it for:</strong> Steelhead, Brown trout, Rainbow trout (resident)</p><p>Hand-tied in Michigan for Michigan rivers. See when and where to fish it at michiganflies.com/flies/twenty-incher.</p>",Michigan Flies,Sporting Goods > Outdoor Recreation > Fishing > Fishing Tackle > Fishing Baits & Lures,Nymph,"Nymph, Steelhead, Brown trout, Rainbow trout (resident), nymph-indicator, chuck-and-duck, euro-nymph, golden-stone, giant-black-stone, evidence-A",TRUE,Size,#6,Color,Peacock and brown with goose biots,twenty-incher-s6-peacock-and-brown-with-goose-biots,2,shopify,0,continue,manual,2.75,TRUE,TRUE,20 Incher · hand-tied for Michigan rivers,"Current Works lists the 20 Incher among its Michigan steelhead stoneflies #6 to #12, alongside Ted's Early Black Stone and Mercer's Biot Epoxy Stone. It doubles as a golden stone nymph for trout from mid May through August, fished tight to the banks where Acroneuria nymphs migrate before crawling ou",draft
twenty-incher,,,,,,,,,#8,,Peacock and brown with goose biots,twenty-incher-s8-peacock-and-brown-with-goose-biots,2,shopify,0,continue,manual,2.75,TRUE,TRUE,,,
twenty-incher,,,,,,,,,#10,,Peacock and brown with goose biots,twenty-incher-s10-peacock-and-brown-with-goose-biots,2,shopify,0,continue,manual,2.75,TRUE,TRUE,,,
twenty-incher,,,,,,,,,#12,,Peacock and brown with goose biots,twenty-incher-s12-peacock-and-brown-with-goose-biots,2,shopify,0,continue,manual,2.75,TRUE,TRUE,,,
black-stonefly-nymph,Black Stonefly Nymph,"<p>The Little Black Stonefly (Allocapnia, Taeniopteryx) is the first insect steelhead see in numbers, peaking late February through April, and Current Works ranks it among Michigan's top five steelhead flies, best on sunny days in clear water. Nymphs stir at 36 F water and crawl on shelf ice; fish a weighted #8 to #12 stone as the point fly with an egg on a tag, and #14 to #18 for the tiny winter stones. Chuck Hawkins ties it large during spring runoff.</p><p><strong>Imitates:</strong> Early Black Stonefly</p><p><strong>Fish it for:</strong> Steelhead, Brown trout, Rainbow trout (resident), Brook trout, Chinook salmon, Coho salmon</p><p>Hand-tied in Michigan for Michigan rivers. See when and where to fish it at michiganflies.com/flies/black-stonefly-nymph.</p>",Michigan Flies,Sporting Goods > Outdoor Recreation > Fishing > Fishing Tackle > Fishing Baits & Lures,Nymph,"Nymph, Steelhead, Brown trout, Rainbow trout (resident), Brook trout, Chinook salmon, Coho salmon, nymph-indicator, chuck-and-duck, euro-nymph, early-black-stonefly, evidence-A",TRUE,Size,#6,Color,Black,black-stonefly-nymph-s6-black,2,shopify,0,continue,manual,2.75,TRUE,TRUE,Black Stonefly Nymph · hand-tied for Michigan rivers,"The Little Black Stonefly (Allocapnia, Taeniopteryx) is the first insect steelhead see in numbers, peaking late February through April, and Current Works ranks it among Michigan's top five steelhead flies, best on sunny days in clear water. Nymphs stir at 36 F water and crawl on shelf ice; fish a we",draft
black-stonefly-nymph,,,,,,,,,#6,,Ted's Early Black Stone,black-stonefly-nymph-s6-ted-s-early-black-stone,2,shopify,0,continue,manual,2.75,TRUE,TRUE,,,
black-stonefly-nymph,,,,,,,,,#6,,Mercer's Biot Epoxy Stone (dark),black-stonefly-nymph-s6-mercer-s-biot-epoxy-stone-dark,2,shopify,0,continue,manual,2.75,TRUE,TRUE,,,
black-stonefly-nymph,,,,,,,,,#6,,Iron-blue dun fur body,black-stonefly-nymph-s6-iron-blue-dun-fur-body,2,shopify,0,continue,manual,2.75,TRUE,TRUE,,,
black-stonefly-nymph,,,,,,,,,#8,,Black,black-stonefly-nymph-s8-black,2,shopify,0,continue,manual,2.75,TRUE,TRUE,,,
black-stonefly-nymph,,,,,,,,,#8,,Ted's Early Black Stone,black-stonefly-nymph-s8-ted-s-early-black-stone,2,shopify,0,continue,manual,2.75,TRUE,TRUE,,,
black-stonefly-nymph,,,,,,,,,#8,,Mercer's Biot Epoxy Stone (dark),black-stonefly-nymph-s8-mercer-s-biot-epoxy-stone-dark,2,shopify,0,continue,manual,2.75,TRUE,TRUE,,,
black-stonefly-nymph,,,,,,,,,#8,,Iron-blue dun fur body,black-stonefly-nymph-s8-iron-blue-dun-fur-body,2,shopify,0,continue,manual,2.75,TRUE,TRUE,,,
black-stonefly-nymph,,,,,,,,,#10,,Black,black-stonefly-nymph-s10-black,2,shopify,0,continue,manual,2.75,TRUE,TRUE,,,
black-stonefly-nymph,,,,,,,,,#10,,Ted's Early Black Stone,black-stonefly-nymph-s10-ted-s-early-black-stone,2,shopify,0,continue,manual,2.75,TRUE,TRUE,,,
black-stonefly-nymph,,,,,,,,,#10,,Mercer's Biot Epoxy Stone (dark),black-stonefly-nymph-s10-mercer-s-biot-epoxy-stone-dark,2,shopify,0,continue,manual,2.75,TRUE,TRUE,,,
black-stonefly-nymph,,,,,,,,,#10,,Iron-blue dun fur body,black-stonefly-nymph-s10-iron-blue-dun-fur-body,2,shopify,0,continue,manual,2.75,TRUE,TRUE,,,
black-stonefly-nymph,,,,,,,,,#12,,Black,black-stonefly-nymph-s12-black,2,shopify,0,continue,manual,2.75,TRUE,TRUE,,,
black-stonefly-nymph,,,,,,,,,#12,,Ted's Early Black Stone,black-stonefly-nymph-s12-ted-s-early-black-stone,2,shopify,0,continue,manual,2.75,TRUE,TRUE,,,
black-stonefly-nymph,,,,,,,,,#12,,Mercer's Biot Epoxy Stone (dark),black-stonefly-nymph-s12-mercer-s-biot-epoxy-stone-dark,2,shopify,0,continue,manual,2.75,TRUE,TRUE,,,
black-stonefly-nymph,,,,,,,,,#12,,Iron-blue dun fur body,black-stonefly-nymph-s12-iron-blue-dun-fur-body,2,shopify,0,continue,manual,2.75,TRUE,TRUE,,,
black-stonefly-nymph,,,,,,,,,#14,,Black,black-stonefly-nymph-s14-black,2,shopify,0,continue,manual,2.75,TRUE,TRUE,,,
black-stonefly-nymph,,,,,,,,,#14,,Ted's Early Black Stone,black-stonefly-nymph-s14-ted-s-early-black-stone,2,shopify,0,continue,manual,2.75,TRUE,TRUE,,,
black-stonefly-nymph,,,,,,,,,#14,,Mercer's Biot Epoxy Stone (dark),black-stonefly-nymph-s14-mercer-s-biot-epoxy-stone-dark,2,shopify,0,continue,manual,2.75,TRUE,TRUE,,,
black-stonefly-nymph,,,,,,,,,#14,,Iron-blue dun fur body,black-stonefly-nymph-s14-iron-blue-dun-fur-body,2,shopify,0,continue,manual,2.75,TRUE,TRUE,,,
black-stonefly-nymph,,,,,,,,,#16,,Black,black-stonefly-nymph-s16-black,2,shopify,0,continue,manual,2.75,TRUE,TRUE,,,
black-stonefly-nymph,,,,,,,,,#16,,Ted's Early Black Stone,black-stonefly-nymph-s16-ted-s-early-black-stone,2,shopify,0,continue,manual,2.75,TRUE,TRUE,,,
black-stonefly-nymph,,,,,,,,,#16,,Mercer's Biot Epoxy Stone (dark),black-stonefly-nymph-s16-mercer-s-biot-epoxy-stone-dark,2,shopify,0,continue,manual,2.75,TRUE,TRUE,,,
black-stonefly-nymph,,,,,,,,,#16,,Iron-blue dun fur body,black-stonefly-nymph-s16-iron-blue-dun-fur-body,2,shopify,0,continue,manual,2.75,TRUE,TRUE,,,
black-stonefly-nymph,,,,,,,,,#18,,Black,black-stonefly-nymph-s18-black,2,shopify,0,continue,manual,2.75,TRUE,TRUE,,,
black-stonefly-nymph,,,,,,,,,#18,,Ted's Early Black Stone,black-stonefly-nymph-s18-ted-s-early-black-stone,2,shopify,0,continue,manual,2.75,TRUE,TRUE,,,
black-stonefly-nymph,,,,,,,,,#18,,Mercer's Biot Epoxy Stone (dark),black-stonefly-nymph-s18-mercer-s-biot-epoxy-stone-dark,2,shopify,0,continue,manual,2.75,TRUE,TRUE,,,
black-stonefly-nymph,,,,,,,,,#18,,Iron-blue dun fur body,black-stonefly-nymph-s18-iron-blue-dun-fur-body,2,shopify,0,continue,manual,2.75,TRUE,TRUE,,,
early-brown-stonefly-nymph,Early Brown Stonefly Nymph,"<p>Michigan charts list the Early Brown Stonefly #10 to #14 from March 15 to May 10, 1 to 7 pm, following the black stones as the trout opener approaches. Dead-drift a brown stone nymph along the edges of riffles in April on the Au Sable and Manistee before the Hendricksons start.</p><p><strong>Imitates:</strong> Early Brown Stonefly</p><p><strong>Fish it for:</strong> Brown trout, Rainbow trout (resident), Brook trout, Steelhead</p><p>Hand-tied in Michigan for Michigan rivers. See when and where to fish it at michiganflies.com/flies/early-brown-stonefly-nymph.</p>",Michigan Flies,Sporting Goods > Outdoor Recreation > Fishing > Fishing Tackle > Fishing Baits & Lures,Nymph,"Nymph, Brown trout, Rainbow trout (resident), Brook trout, Steelhead, nymph-indicator, euro-nymph, early-brown-stonefly, evidence-A",TRUE,Size,#10,Color,Brown,early-brown-stonefly-nymph-s10-brown,2,shopify,0,continue,manual,2.75,TRUE,TRUE,Early Brown Stonefly Nymph · hand-tied for Michigan rivers,"Michigan charts list the Early Brown Stonefly #10 to #14 from March 15 to May 10, 1 to 7 pm, following the black stones as the trout opener approaches. Dead-drift a brown stone nymph along the edges of riffles in April on the Au Sable and Manistee before the Hendricksons start.",draft
early-brown-stonefly-nymph,,,,,,,,,#10,,Brown-olive,early-brown-stonefly-nymph-s10-brown-olive,2,shopify,0,continue,manual,2.75,TRUE,TRUE,,,
early-brown-stonefly-nymph,,,,,,,,,#12,,Brown,early-brown-stonefly-nymph-s12-brown,2,shopify,0,continue,manual,2.75,TRUE,TRUE,,,
early-brown-stonefly-nymph,,,,,,,,,#12,,Brown-olive,early-brown-stonefly-nymph-s12-brown-olive,2,shopify,0,continue,manual,2.75,TRUE,TRUE,,,
early-brown-stonefly-nymph,,,,,,,,,#14,,Brown,early-brown-stonefly-nymph-s14-brown,2,shopify,0,continue,manual,2.75,TRUE,TRUE,,,
early-brown-stonefly-nymph,,,,,,,,,#14,,Brown-olive,early-brown-stonefly-nymph-s14-brown-olive,2,shopify,0,continue,manual,2.75,TRUE,TRUE,,,
giant-black-stonefly-nymph,Giant Black Stonefly Nymph (Pteronarcys),"<p>Pteronarcys dorsata nymphs live two to four years, so the #2 to #6 nymph is available all year and is the Pine River staple, where Hawkins calls it a river of nymphs, sculpins and baitfish rather than a surface river. Bounce it through fast pockets on the Pine, Sturgeon and Upper Manistee; the adults emerge sporadically at night from mid May to June and are rarely fished.</p><p><strong>Imitates:</strong> Giant Black Stonefly</p><p><strong>Fish it for:</strong> Brown trout, Rainbow trout (resident), Brook trout, Steelhead</p><p>Hand-tied in Michigan for Michigan rivers. See when and where to fish it at michiganflies.com/flies/giant-black-stonefly-nymph.</p>",Michigan Flies,Sporting Goods > Outdoor Recreation > Fishing > Fishing Tackle > Fishing Baits & Lures,Nymph,"Nymph, Brown trout, Rainbow trout (resident), Brook trout, Steelhead, nymph-indicator, euro-nymph, chuck-and-duck, giant-black-stone, evidence-A",TRUE,Size,#2,Color,Black-brown,giant-black-stonefly-nymph-s2-black-brown,2,shopify,0,continue,manual,2.75,TRUE,TRUE,Giant Black Stonefly Nymph (Pteronarcys) · hand-tied for Michigan rivers,"Pteronarcys dorsata nymphs live two to four years, so the #2 to #6 nymph is available all year and is the Pine River staple, where Hawkins calls it a river of nymphs, sculpins and baitfish rather than a surface river. Bounce it through fast pockets on the Pine, Sturgeon and Upper Manistee; the adult",draft
giant-black-stonefly-nymph,,,,,,,,,#4,,Black-brown,giant-black-stonefly-nymph-s4-black-brown,2,shopify,0,continue,manual,2.75,TRUE,TRUE,,,
giant-black-stonefly-nymph,,,,,,,,,#6,,Black-brown,giant-black-stonefly-nymph-s6-black-brown,2,shopify,0,continue,manual,2.75,TRUE,TRUE,,,
giant-black-stonefly-nymph,,,,,,,,,#8,,Black-brown,giant-black-stonefly-nymph-s8-black-brown,2,shopify,0,continue,manual,2.75,TRUE,TRUE,,,
hares-ear-nymph,Gold-Ribbed Hare's Ear,"<p>The generalist buggy nymph for Michigan's clinger mayflies and caddis pupae, and MidCurrent lists a #10 to #14 Hare's Ear among winter steelhead nymphs. Dead-drift it under an indicator all season for trout, and as a trailer behind an egg or stonefly for steelhead.</p><p><strong>Imitates:</strong> March Brown, Light Cahill, Hendrickson, Isonychia, Gray Drake, Grannom, Tan Caddis</p><p><strong>Fish it for:</strong> Brown trout, Brook trout, Rainbow trout (resident), Steelhead, Pink salmon</p><p>Hand-tied in Michigan for Michigan rivers. See when and where to fish it at michiganflies.com/flies/hares-ear-nymph.</p>",Michigan Flies,Sporting Goods > Outdoor Recreation > Fishing > Fishing Tackle > Fishing Baits & Lures,Nymph,"Nymph, Brown trout, Brook trout, Rainbow trout (resident), Steelhead, Pink salmon, nymph-indicator, euro-nymph, march-brown, light-cahill, hendrickson, isonychia, gray-drake, grannom, tan-caddis, evidence-A",TRUE,Size,#8,Color,Natural,hares-ear-nymph-s8-natural,2,shopify,0,continue,manual,2.75,TRUE,TRUE,Gold-Ribbed Hare's Ear · hand-tied for Michigan rivers,"The generalist buggy nymph for Michigan's clinger mayflies and caddis pupae, and MidCurrent lists a #10 to #14 Hare's Ear among winter steelhead nymphs. Dead-drift it under an indicator all season for trout, and as a trailer behind an egg or stonefly for steelhead.",draft
hares-ear-nymph,,,,,,,,,#8,,Olive,hares-ear-nymph-s8-olive,2,shopify,0,continue,manual,2.75,TRUE,TRUE,,,
hares-ear-nymph,,,,,,,,,#8,,Beadhead,hares-ear-nymph-s8-beadhead,2,shopify,0,continue,manual,2.75,TRUE,TRUE,,,
hares-ear-nymph,,,,,,,,,#10,,Natural,hares-ear-nymph-s10-natural,2,shopify,0,continue,manual,2.75,TRUE,TRUE,,,
hares-ear-nymph,,,,,,,,,#10,,Olive,hares-ear-nymph-s10-olive,2,shopify,0,continue,manual,2.75,TRUE,TRUE,,,
hares-ear-nymph,,,,,,,,,#10,,Beadhead,hares-ear-nymph-s10-beadhead,2,shopify,0,continue,manual,2.75,TRUE,TRUE,,,
hares-ear-nymph,,,,,,,,,#12,,Natural,hares-ear-nymph-s12-natural,2,shopify,0,continue,manual,2.75,TRUE,TRUE,,,
hares-ear-nymph,,,,,,,,,#12,,Olive,hares-ear-nymph-s12-olive,2,shopify,0,continue,manual,2.75,TRUE,TRUE,,,
hares-ear-nymph,,,,,,,,,#12,,Beadhead,hares-ear-nymph-s12-beadhead,2,shopify,0,continue,manual,2.75,TRUE,TRUE,,,
hares-ear-nymph,,,,,,,,,#14,,Natural,hares-ear-nymph-s14-natural,2,shopify,0,continue,manual,2.75,TRUE,TRUE,,,
hares-ear-nymph,,,,,,,,,#14,,Olive,hares-ear-nymph-s14-olive,2,shopify,0,continue,manual,2.75,TRUE,TRUE,,,
hares-ear-nymph,,,,,,,,,#14,,Beadhead,hares-ear-nymph-s14-beadhead,2,shopify,0,continue,manual,2.75,TRUE,TRUE,,,
hares-ear-nymph,,,,,,,,,#16,,Natural,hares-ear-nymph-s16-natural,2,shopify,0,continue,manual,2.75,TRUE,TRUE,,,
hares-ear-nymph,,,,,,,,,#16,,Olive,hares-ear-nymph-s16-olive,2,shopify,0,continue,manual,2.75,TRUE,TRUE,,,
hares-ear-nymph,,,,,,,,,#16,,Beadhead,hares-ear-nymph-s16-beadhead,2,shopify,0,continue,manual,2.75,TRUE,TRUE,,,
hares-ear-nymph,,,,,,,,,#18,,Natural,hares-ear-nymph-s18-natural,2,shopify,0,continue,manual,2.75,TRUE,TRUE,,,
hares-ear-nymph,,,,,,,,,#18,,Olive,hares-ear-nymph-s18-olive,2,shopify,0,continue,manual,2.75,TRUE,TRUE,,,
hares-ear-nymph,,,,,,,,,#18,,Beadhead,hares-ear-nymph-s18-beadhead,2,shopify,0,continue,manual,2.75,TRUE,TRUE,,,
hex-nymph,Hex Nymph (Wiggler),"<p>Current Works' number one Michigan steelhead fly, because most steelhead rivers (Muskegon, Manistee, Pere Marquette, Au Sable, St. Marys) hold silt-burrowing Hexagenia and trout may see up to 2,000 nymphs a day outside the hatch. Fish #6 to #8 under an indicator or chuck-and-duck year-round for steelhead, in the two weeks before the June hatch for trout, and in July for St. Marys Atlantic salmon.</p><p><strong>Imitates:</strong> Hex</p><p><strong>Fish it for:</strong> Steelhead, Brown trout, Rainbow trout (resident), Brook trout, Atlantic salmon</p><p>Hand-tied in Michigan for Michigan rivers. See when and where to fish it at michiganflies.com/flies/hex-nymph.</p>",Michigan Flies,Sporting Goods > Outdoor Recreation > Fishing > Fishing Tackle > Fishing Baits & Lures,Nymph,"Nymph, Steelhead, Brown trout, Rainbow trout (resident), Brook trout, Atlantic salmon, nymph-indicator, chuck-and-duck, euro-nymph, hex, evidence-A",TRUE,Size,#4,Color,Natural tan-yellow,hex-nymph-s4-natural-tan-yellow,2,shopify,0,continue,manual,2.75,TRUE,TRUE,Hex Nymph (Wiggler) · hand-tied for Michigan rivers,"Current Works' number one Michigan steelhead fly, because most steelhead rivers (Muskegon, Manistee, Pere Marquette, Au Sable, St. Marys) hold silt-burrowing Hexagenia and trout may see up to 2,000 nymphs a day outside the hatch. Fish #6 to #8 under an indicator or chuck-and-duck year-round for stee",draft
hex-nymph,,,,,,,,,#4,,Bear's Hex Nymph,hex-nymph-s4-bear-s-hex-nymph,2,shopify,0,continue,manual,2.75,TRUE,TRUE,,,
hex-nymph,,,,,,,,,#4,,Schultzy's Rabbit Hexum,hex-nymph-s4-schultzy-s-rabbit-hexum,2,shopify,0,continue,manual,2.75,TRUE,TRUE,,,
hex-nymph,,,,,,,,,#4,,Ted's Edible Hex,hex-nymph-s4-ted-s-edible-hex,2,shopify,0,continue,manual,2.75,TRUE,TRUE,,,
hex-nymph,,,,,,,,,#6,,Natural tan-yellow,hex-nymph-s6-natural-tan-yellow,2,shopify,0,continue,manual,2.75,TRUE,TRUE,,,
hex-nymph,,,,,,,,,#6,,Bear's Hex Nymph,hex-nymph-s6-bear-s-hex-nymph,2,shopify,0,continue,manual,2.75,TRUE,TRUE,,,
hex-nymph,,,,,,,,,#6,,Schultzy's Rabbit Hexum,hex-nymph-s6-schultzy-s-rabbit-hexum,2,shopify,0,continue,manual,2.75,TRUE,TRUE,,,
hex-nymph,,,,,,,,,#6,,Ted's Edible Hex,hex-nymph-s6-ted-s-edible-hex,2,shopify,0,continue,manual,2.75,TRUE,TRUE,,,
hex-nymph,,,,,,,,,#8,,Natural tan-yellow,hex-nymph-s8-natural-tan-yellow,2,shopify,0,continue,manual,2.75,TRUE,TRUE,,,
hex-nymph,,,,,,,,,#8,,Bear's Hex Nymph,hex-nymph-s8-bear-s-hex-nymph,2,shopify,0,continue,manual,2.75,TRUE,TRUE,,,
hex-nymph,,,,,,,,,#8,,Schultzy's Rabbit Hexum,hex-nymph-s8-schultzy-s-rabbit-hexum,2,shopify,0,continue,manual,2.75,TRUE,TRUE,,,
hex-nymph,,,,,,,,,#8,,Ted's Edible Hex,hex-nymph-s8-ted-s-edible-hex,2,shopify,0,continue,manual,2.75,TRUE,TRUE,,,
hex-nymph,,,,,,,,,#10,,Natural tan-yellow,hex-nymph-s10-natural-tan-yellow,2,shopify,0,continue,manual,2.75,TRUE,TRUE,,,
hex-nymph,,,,,,,,,#10,,Bear's Hex Nymph,hex-nymph-s10-bear-s-hex-nymph,2,shopify,0,continue,manual,2.75,TRUE,TRUE,,,
hex-nymph,,,,,,,,,#10,,Schultzy's Rabbit Hexum,hex-nymph-s10-schultzy-s-rabbit-hexum,2,shopify,0,continue,manual,2.75,TRUE,TRUE,,,
hex-nymph,,,,,,,,,#10,,Ted's Edible Hex,hex-nymph-s10-ted-s-edible-hex,2,shopify,0,continue,manual,2.75,TRUE,TRUE,,,
isonychia-nymph,Isonychia Nymph,"<p>The fished stage of the Isonychia on Michigan rivers, since the strong-swimming nymphs migrate to the bank to crawl out. Swing or twitch it through cobble riffles in the evening from June to September on the Au Sable, Upper Manistee, Boardman and Muskegon.</p><p><strong>Imitates:</strong> Isonychia</p><p><strong>Fish it for:</strong> Brown trout, Brook trout, Rainbow trout (resident)</p><p>Hand-tied in Michigan for Michigan rivers. See when and where to fish it at michiganflies.com/flies/isonychia-nymph.</p>",Michigan Flies,Sporting Goods > Outdoor Recreation > Fishing > Fishing Tackle > Fishing Baits & Lures,Nymph,"Nymph, Brown trout, Brook trout, Rainbow trout (resident), nymph-indicator, euro-nymph, isonychia, evidence-A",TRUE,Size,#8,Color,Dark brown with pale dorsal stripe,isonychia-nymph-s8-dark-brown-with-pale-dorsal-stripe,2,shopify,0,continue,manual,2.75,TRUE,TRUE,Isonychia Nymph · hand-tied for Michigan rivers,"The fished stage of the Isonychia on Michigan rivers, since the strong-swimming nymphs migrate to the bank to crawl out. Swing or twitch it through cobble riffles in the evening from June to September on the Au Sable, Upper Manistee, Boardman and Muskegon.",draft
isonychia-nymph,,,,,,,,,#10,,Dark brown with pale dorsal stripe,isonychia-nymph-s10-dark-brown-with-pale-dorsal-stripe,2,shopify,0,continue,manual,2.75,TRUE,TRUE,,,
isonychia-nymph,,,,,,,,,#12,,Dark brown with pale dorsal stripe,isonychia-nymph-s12-dark-brown-with-pale-dorsal-stripe,2,shopify,0,continue,manual,2.75,TRUE,TRUE,,,
pats-rubber-legs,Pat's Rubber Legs,"<p>A U.P. steelhead guide's nymph rig runs double-bead stoneflies and Pat's Rubber Legs #8 to #10 in black and brown as the point fly ahead of an egg or caddis. For trout it is a generic big stonefly for the Pine, Upper Manistee and Sturgeon, fished deep in fast water year-round; Michigan trout sources do not name it, so treat the trout use as generic.</p><p><strong>Imitates:</strong> Golden Stonefly, Giant Black Stonefly, Early Brown Stonefly</p><p><strong>Fish it for:</strong> Steelhead, Brown trout, Rainbow trout (resident), Brook trout</p><p>Hand-tied in Michigan for Michigan rivers. See when and where to fish it at michiganflies.com/flies/pats-rubber-legs.</p>",Michigan Flies,Sporting Goods > Outdoor Recreation > Fishing > Fishing Tackle > Fishing Baits & Lures,Nymph,"Nymph, Steelhead, Brown trout, Rainbow trout (resident), Brook trout, nymph-indicator, chuck-and-duck, euro-nymph, golden-stone, giant-black-stone, early-brown-stonefly, evidence-A",TRUE,Size,#4,Color,Black,pats-rubber-legs-s4-black,2,shopify,0,continue,manual,2.75,TRUE,TRUE,Pat's Rubber Legs · hand-tied for Michigan rivers,"A U.P. steelhead guide's nymph rig runs double-bead stoneflies and Pat's Rubber Legs #8 to #10 in black and brown as the point fly ahead of an egg or caddis. For trout it is a generic big stonefly for the Pine, Upper Manistee and Sturgeon, fished deep in fast water year-round; Michigan trout sources",draft
pats-rubber-legs,,,,,,,,,#4,,Brown,pats-rubber-legs-s4-brown,2,shopify,0,continue,manual,2.75,TRUE,TRUE,,,
pats-rubber-legs,,,,,,,,,#4,,Coffee-black,pats-rubber-legs-s4-coffee-black,2,shopify,0,continue,manual,2.75,TRUE,TRUE,,,
pats-rubber-legs,,,,,,,,,#4,,Olive-brown,pats-rubber-legs-s4-olive-brown,2,shopify,0,continue,manual,2.75,TRUE,TRUE,,,
pats-rubber-legs,,,,,,,,,#6,,Black,pats-rubber-legs-s6-black,2,shopify,0,continue,manual,2.75,TRUE,TRUE,,,
pats-rubber-legs,,,,,,,,,#6,,Brown,pats-rubber-legs-s6-brown,2,shopify,0,continue,manual,2.75,TRUE,TRUE,,,
pats-rubber-legs,,,,,,,,,#6,,Coffee-black,pats-rubber-legs-s6-coffee-black,2,shopify,0,continue,manual,2.75,TRUE,TRUE,,,
pats-rubber-legs,,,,,,,,,#6,,Olive-brown,pats-rubber-legs-s6-olive-brown,2,shopify,0,continue,manual,2.75,TRUE,TRUE,,,
pats-rubber-legs,,,,,,,,,#8,,Black,pats-rubber-legs-s8-black,2,shopify,0,continue,manual,2.75,TRUE,TRUE,,,
pats-rubber-legs,,,,,,,,,#8,,Brown,pats-rubber-legs-s8-brown,2,shopify,0,continue,manual,2.75,TRUE,TRUE,,,
pats-rubber-legs,,,,,,,,,#8,,Coffee-black,pats-rubber-legs-s8-coffee-black,2,shopify,0,continue,manual,2.75,TRUE,TRUE,,,
pats-rubber-legs,,,,,,,,,#8,,Olive-brown,pats-rubber-legs-s8-olive-brown,2,shopify,0,continue,manual,2.75,TRUE,TRUE,,,
pats-rubber-legs,,,,,,,,,#10,,Black,pats-rubber-legs-s10-black,2,shopify,0,continue,manual,2.75,TRUE,TRUE,,,
pats-rubber-legs,,,,,,,,,#10,,Brown,pats-rubber-legs-s10-brown,2,shopify,0,continue,manual,2.75,TRUE,TRUE,,,
pats-rubber-legs,,,,,,,,,#10,,Coffee-black,pats-rubber-legs-s10-coffee-black,2,shopify,0,continue,manual,2.75,TRUE,TRUE,,,
pats-rubber-legs,,,,,,,,,#10,,Olive-brown,pats-rubber-legs-s10-olive-brown,2,shopify,0,continue,manual,2.75,TRUE,TRUE,,,
pheasant-tail-nymph,Pheasant Tail Nymph,"<p>Old Au Sable Fly Shop names a #12 to #14 Pheasant Tail as the Hendrickson nymph, and it covers every Michigan Ephemerella and Baetis nymph before and during a hatch. A beadhead #10 is a standard trailer fly in U.P. steelhead rigs, and #12 to #20 versions take pink salmon in clear water. Fish it dead-drifted under an indicator or on a tight line in the weeks before each mayfly hatch.</p><p><strong>Imitates:</strong> Hendrickson, Sulphur, Little Sulphur, Blue-Winged Olive, Blue Quill, Mahogany Dun, March Brown, Light Cahill</p><p><strong>Fish it for:</strong> Brown trout, Brook trout, Rainbow trout (resident), Steelhead, Pink salmon, Atlantic salmon</p><p>Hand-tied in Michigan for Michigan rivers. See when and where to fish it at michiganflies.com/flies/pheasant-tail-nymph.</p>",Michigan Flies,Sporting Goods > Outdoor Recreation > Fishing > Fishing Tackle > Fishing Baits & Lures,Nymph,"Nymph, Brown trout, Brook trout, Rainbow trout (resident), Steelhead, Pink salmon, Atlantic salmon, nymph-indicator, euro-nymph, hendrickson, sulphur-invaria, sulphur-dorothea, blue-winged-olive, blue-quill, mahogany-dun, march-brown, light-cahill, evidence-A",TRUE,Size,#10,Color,Natural,pheasant-tail-nymph-s10-natural,2,shopify,0,continue,manual,2.75,TRUE,TRUE,Pheasant Tail Nymph · hand-tied for Michigan rivers,"Old Au Sable Fly Shop names a #12 to #14 Pheasant Tail as the Hendrickson nymph, and it covers every Michigan Ephemerella and Baetis nymph before and during a hatch. A beadhead #10 is a standard trailer fly in U.P. steelhead rigs, and #12 to #20 versions take pink salmon in clear water. Fish it dead",draft
pheasant-tail-nymph,,,,,,,,,#10,,Beadhead,pheasant-tail-nymph-s10-beadhead,2,shopify,0,continue,manual,2.75,TRUE,TRUE,,,
pheasant-tail-nymph,,,,,,,,,#10,,Flashback,pheasant-tail-nymph-s10-flashback,2,shopify,0,continue,manual,2.75,TRUE,TRUE,,,
pheasant-tail-nymph,,,,,,,,,#12,,Natural,pheasant-tail-nymph-s12-natural,2,shopify,0,continue,manual,2.75,TRUE,TRUE,,,
pheasant-tail-nymph,,,,,,,,,#12,,Beadhead,pheasant-tail-nymph-s12-beadhead,2,shopify,0,continue,manual,2.75,TRUE,TRUE,,,
pheasant-tail-nymph,,,,,,,,,#12,,Flashback,pheasant-tail-nymph-s12-flashback,2,shopify,0,continue,manual,2.75,TRUE,TRUE,,,
pheasant-tail-nymph,,,,,,,,,#14,,Natural,pheasant-tail-nymph-s14-natural,2,shopify,0,continue,manual,2.75,TRUE,TRUE,,,
pheasant-tail-nymph,,,,,,,,,#14,,Beadhead,pheasant-tail-nymph-s14-beadhead,2,shopify,0,continue,manual,2.75,TRUE,TRUE,,,
pheasant-tail-nymph,,,,,,,,,#14,,Flashback,pheasant-tail-nymph-s14-flashback,2,shopify,0,continue,manual,2.75,TRUE,TRUE,,,
pheasant-tail-nymph,,,,,,,,,#16,,Natural,pheasant-tail-nymph-s16-natural,2,shopify,0,continue,manual,2.75,TRUE,TRUE,,,
pheasant-tail-nymph,,,,,,,,,#16,,Beadhead,pheasant-tail-nymph-s16-beadhead,2,shopify,0,continue,manual,2.75,TRUE,TRUE,,,
pheasant-tail-nymph,,,,,,,,,#16,,Flashback,pheasant-tail-nymph-s16-flashback,2,shopify,0,continue,manual,2.75,TRUE,TRUE,,,
pheasant-tail-nymph,,,,,,,,,#18,,Natural,pheasant-tail-nymph-s18-natural,2,shopify,0,continue,manual,2.75,TRUE,TRUE,,,
pheasant-tail-nymph,,,,,,,,,#18,,Beadhead,pheasant-tail-nymph-s18-beadhead,2,shopify,0,continue,manual,2.75,TRUE,TRUE,,,
pheasant-tail-nymph,,,,,,,,,#18,,Flashback,pheasant-tail-nymph-s18-flashback,2,shopify,0,continue,manual,2.75,TRUE,TRUE,,,
pheasant-tail-nymph,,,,,,,,,#20,,Natural,pheasant-tail-nymph-s20-natural,2,shopify,0,continue,manual,2.75,TRUE,TRUE,,,
pheasant-tail-nymph,,,,,,,,,#20,,Beadhead,pheasant-tail-nymph-s20-beadhead,2,shopify,0,continue,manual,2.75,TRUE,TRUE,,,
pheasant-tail-nymph,,,,,,,,,#20,,Flashback,pheasant-tail-nymph-s20-flashback,2,shopify,0,continue,manual,2.75,TRUE,TRUE,,,
rabbit-wiggle-nymph,Rabbit Wiggle Nymph,"<p>Chuck Hawkins' choice for turbid spring water, an articulated rabbit-strip Hex nymph whose tail moves when the fish cannot see far. Fish it under an indicator during runoff in March and April on the Manistee and Betsie, and again in high fall water.</p><p><strong>Imitates:</strong> Hex</p><p><strong>Fish it for:</strong> Steelhead, Brown trout</p><p>Hand-tied in Michigan for Michigan rivers. See when and where to fish it at michiganflies.com/flies/rabbit-wiggle-nymph.</p>",Michigan Flies,Sporting Goods > Outdoor Recreation > Fishing > Fishing Tackle > Fishing Baits & Lures,Nymph,"Nymph, Steelhead, Brown trout, nymph-indicator, chuck-and-duck, hex, evidence-A",TRUE,Size,#6,Color,Tan,rabbit-wiggle-nymph-s6-tan,2,shopify,0,continue,manual,2.75,TRUE,TRUE,Rabbit Wiggle Nymph · hand-tied for Michigan rivers,"Chuck Hawkins' choice for turbid spring water, an articulated rabbit-strip Hex nymph whose tail moves when the fish cannot see far. Fish it under an indicator during runoff in March and April on the Manistee and Betsie, and again in high fall water.",draft
rabbit-wiggle-nymph,,,,,,,,,#6,,Olive,rabbit-wiggle-nymph-s6-olive,2,shopify,0,continue,manual,2.75,TRUE,TRUE,,,
rabbit-wiggle-nymph,,,,,,,,,#6,,Black,rabbit-wiggle-nymph-s6-black,2,shopify,0,continue,manual,2.75,TRUE,TRUE,,,
rabbit-wiggle-nymph,,,,,,,,,#8,,Tan,rabbit-wiggle-nymph-s8-tan,2,shopify,0,continue,manual,2.75,TRUE,TRUE,,,
rabbit-wiggle-nymph,,,,,,,,,#8,,Olive,rabbit-wiggle-nymph-s8-olive,2,shopify,0,continue,manual,2.75,TRUE,TRUE,,,
rabbit-wiggle-nymph,,,,,,,,,#8,,Black,rabbit-wiggle-nymph-s8-black,2,shopify,0,continue,manual,2.75,TRUE,TRUE,,,
rabbit-wiggle-nymph,,,,,,,,,#10,,Tan,rabbit-wiggle-nymph-s10-tan,2,shopify,0,continue,manual,2.75,TRUE,TRUE,,,
rabbit-wiggle-nymph,,,,,,,,,#10,,Olive,rabbit-wiggle-nymph-s10-olive,2,shopify,0,continue,manual,2.75,TRUE,TRUE,,,
rabbit-wiggle-nymph,,,,,,,,,#10,,Black,rabbit-wiggle-nymph-s10-black,2,shopify,0,continue,manual,2.75,TRUE,TRUE,,,
scud,Scud,"<p>Scuds #18 are the Muskegon's January to April staple beside midges, and Current Works lists scuds and sowbugs first for the Big Manistee below Tippy Dam. Supinski's winter steelhead list includes scuds. Fish an olive or gray scud dead-drift in weedy tailwater runs year-round, and orange for dead or molting scuds.</p><p><strong>Fish it for:</strong> Brown trout, Rainbow trout (resident), Steelhead, Pink salmon</p><p>Hand-tied in Michigan for Michigan rivers. See when and where to fish it at michiganflies.com/flies/scud.</p>",Michigan Flies,Sporting Goods > Outdoor Recreation > Fishing > Fishing Tackle > Fishing Baits & Lures,Nymph,"Nymph, Brown trout, Rainbow trout (resident), Steelhead, Pink salmon, nymph-indicator, euro-nymph, scud, evidence-A",TRUE,Size,#14,Color,Olive,scud-s14-olive,2,shopify,0,continue,manual,2.75,TRUE,TRUE,Scud · hand-tied for Michigan rivers,"Scuds #18 are the Muskegon's January to April staple beside midges, and Current Works lists scuds and sowbugs first for the Big Manistee below Tippy Dam. Supinski's winter steelhead list includes scuds. Fish an olive or gray scud dead-drift in weedy tailwater runs year-round, and orange for dead or ",draft
scud,,,,,,,,,#14,,Gray,scud-s14-gray,2,shopify,0,continue,manual,2.75,TRUE,TRUE,,,
scud,,,,,,,,,#14,,Orange,scud-s14-orange,2,shopify,0,continue,manual,2.75,TRUE,TRUE,,,
scud,,,,,,,,,#14,,Tan,scud-s14-tan,2,shopify,0,continue,manual,2.75,TRUE,TRUE,,,
scud,,,,,,,,,#16,,Olive,scud-s16-olive,2,shopify,0,continue,manual,2.75,TRUE,TRUE,,,
scud,,,,,,,,,#16,,Gray,scud-s16-gray,2,shopify,0,continue,manual,2.75,TRUE,TRUE,,,
scud,,,,,,,,,#16,,Orange,scud-s16-orange,2,shopify,0,continue,manual,2.75,TRUE,TRUE,,,
scud,,,,,,,,,#16,,Tan,scud-s16-tan,2,shopify,0,continue,manual,2.75,TRUE,TRUE,,,
scud,,,,,,,,,#18,,Olive,scud-s18-olive,2,shopify,0,continue,manual,2.75,TRUE,TRUE,,,
scud,,,,,,,,,#18,,Gray,scud-s18-gray,2,shopify,0,continue,manual,2.75,TRUE,TRUE,,,
scud,,,,,,,,,#18,,Orange,scud-s18-orange,2,shopify,0,continue,manual,2.75,TRUE,TRUE,,,
scud,,,,,,,,,#18,,Tan,scud-s18-tan,2,shopify,0,continue,manual,2.75,TRUE,TRUE,,,
sly-stone-wiggle,Sly Stone Wiggle,"<p>A tungsten, articulated early black stonefly nymph from Hallowed Waters for the February through May Allocapnia and Taeniopteryx drift on the Muskegon tailwater and other alkaline groundwater rivers. Fish it on warm sunny afternoons from 1 to 4 pm when the nymphs migrate toward the banks.</p><p><strong>Imitates:</strong> Early Black Stonefly</p><p><strong>Fish it for:</strong> Steelhead, Brown trout, Rainbow trout (resident)</p><p><em>Matt Supinski, Muskegon River</em></p><p>Hand-tied in Michigan for Michigan rivers. See when and where to fish it at michiganflies.com/flies/sly-stone-wiggle.</p>",Michigan Flies,Sporting Goods > Outdoor Recreation > Fishing > Fishing Tackle > Fishing Baits & Lures,Nymph,"Nymph, Steelhead, Brown trout, Rainbow trout (resident), nymph-indicator, euro-nymph, early-black-stonefly, evidence-A",TRUE,Size,#10,Color,Black,sly-stone-wiggle-s10-black,2,shopify,0,continue,manual,2.75,TRUE,TRUE,Sly Stone Wiggle · hand-tied for Michigan rivers,"A tungsten, articulated early black stonefly nymph from Hallowed Waters for the February through May Allocapnia and Taeniopteryx drift on the Muskegon tailwater and other alkaline groundwater rivers. Fish it on warm sunny afternoons from 1 to 4 pm when the nymphs migrate toward the banks.",draft
sly-stone-wiggle,,,,,,,,,#12,,Black,sly-stone-wiggle-s12-black,2,shopify,0,continue,manual,2.75,TRUE,TRUE,,,
sly-stone-wiggle,,,,,,,,,#14,,Black,sly-stone-wiggle-s14-black,2,shopify,0,continue,manual,2.75,TRUE,TRUE,,,
sowbug,Sowbug,"<p>Current Works pairs sowbugs with scuds, midges, Baetis, eggs and fry as the year-round diet of trout below Tippy Dam on the Big Manistee. A flat gray sowbug #14 to #18 fished slow and deep in vegetation and gravel seams is a winter and early-spring tailwater fly.</p><p><strong>Fish it for:</strong> Brown trout, Rainbow trout (resident), Steelhead</p><p>Hand-tied in Michigan for Michigan rivers. See when and where to fish it at michiganflies.com/flies/sowbug.</p>",Michigan Flies,Sporting Goods > Outdoor Recreation > Fishing > Fishing Tackle > Fishing Baits & Lures,Nymph,"Nymph, Brown trout, Rainbow trout (resident), Steelhead, nymph-indicator, euro-nymph, sowbug, evidence-A",TRUE,Size,#14,Color,Gray,sowbug-s14-gray,2,shopify,0,continue,manual,2.75,TRUE,TRUE,Sowbug · hand-tied for Michigan rivers,"Current Works pairs sowbugs with scuds, midges, Baetis, eggs and fry as the year-round diet of trout below Tippy Dam on the Big Manistee. A flat gray sowbug #14 to #18 fished slow and deep in vegetation and gravel seams is a winter and early-spring tailwater fly.",draft
sowbug,,,,,,,,,#14,,Tan,sowbug-s14-tan,2,shopify,0,continue,manual,2.75,TRUE,TRUE,,,
sowbug,,,,,,,,,#16,,Gray,sowbug-s16-gray,2,shopify,0,continue,manual,2.75,TRUE,TRUE,,,
sowbug,,,,,,,,,#16,,Tan,sowbug-s16-tan,2,shopify,0,continue,manual,2.75,TRUE,TRUE,,,
sowbug,,,,,,,,,#18,,Gray,sowbug-s18-gray,2,shopify,0,continue,manual,2.75,TRUE,TRUE,,,
sowbug,,,,,,,,,#18,,Tan,sowbug-s18-tan,2,shopify,0,continue,manual,2.75,TRUE,TRUE,,,
sparrow-nymph,Sparrow Nymph,"<p>A soft pheasant-rump nymph that Current Works names for nymphing Betsie and Manistee salmon on floating lines or chuck-and-duck. Its pulsing hackle reads as anything alive; dead-drift it #4 to #8 into staged kings and coho in September and October.</p><p><strong>Fish it for:</strong> Chinook salmon, Coho salmon, Steelhead, Brown trout</p><p>Hand-tied in Michigan for Michigan rivers. See when and where to fish it at michiganflies.com/flies/sparrow-nymph.</p>",Michigan Flies,Sporting Goods > Outdoor Recreation > Fishing > Fishing Tackle > Fishing Baits & Lures,Nymph,"Nymph, Chinook salmon, Coho salmon, Steelhead, Brown trout, nymph-indicator, chuck-and-duck, leech, sculpin, evidence-A",TRUE,Size,#4,Color,Olive,sparrow-nymph-s4-olive,2,shopify,0,continue,manual,2.75,TRUE,TRUE,Sparrow Nymph · hand-tied for Michigan rivers,A soft pheasant-rump nymph that Current Works names for nymphing Betsie and Manistee salmon on floating lines or chuck-and-duck. Its pulsing hackle reads as anything alive; dead-drift it #4 to #8 into staged kings and coho in September and October.,draft
sparrow-nymph,,,,,,,,,#4,,Natural gray,sparrow-nymph-s4-natural-gray,2,shopify,0,continue,manual,2.75,TRUE,TRUE,,,
sparrow-nymph,,,,,,,,,#4,,Black,sparrow-nymph-s4-black,2,shopify,0,continue,manual,2.75,TRUE,TRUE,,,
sparrow-nymph,,,,,,,,,#6,,Olive,sparrow-nymph-s6-olive,2,shopify,0,continue,manual,2.75,TRUE,TRUE,,,
sparrow-nymph,,,,,,,,,#6,,Natural gray,sparrow-nymph-s6-natural-gray,2,shopify,0,continue,manual,2.75,TRUE,TRUE,,,
sparrow-nymph,,,,,,,,,#6,,Black,sparrow-nymph-s6-black,2,shopify,0,continue,manual,2.75,TRUE,TRUE,,,
sparrow-nymph,,,,,,,,,#8,,Olive,sparrow-nymph-s8-olive,2,shopify,0,continue,manual,2.75,TRUE,TRUE,,,
sparrow-nymph,,,,,,,,,#8,,Natural gray,sparrow-nymph-s8-natural-gray,2,shopify,0,continue,manual,2.75,TRUE,TRUE,,,
sparrow-nymph,,,,,,,,,#8,,Black,sparrow-nymph-s8-black,2,shopify,0,continue,manual,2.75,TRUE,TRUE,,,
spring-wiggler,Spring Wiggler,"<p>A yellow chenille and fox squirrel Hex nymph that has been a Michigan steelhead fly for more than fifty years. Schrems West Michigan TU calls it effective year-round and especially in winter on the Muskegon. Dead-drift it on the bottom in runs below gravel; the bright variants double as an attractor in stained water.</p><p><strong>Imitates:</strong> Hex</p><p><strong>Fish it for:</strong> Steelhead, Brown trout, Rainbow trout (resident)</p><p><em>Michigan steelhead fly, in use over fifty years</em></p><p>Hand-tied in Michigan for Michigan rivers. See when and where to fish it at michiganflies.com/flies/spring-wiggler.</p>",Michigan Flies,Sporting Goods > Outdoor Recreation > Fishing > Fishing Tackle > Fishing Baits & Lures,Nymph,"Nymph, Steelhead, Brown trout, Rainbow trout (resident), nymph-indicator, chuck-and-duck, hex, evidence-A",TRUE,Size,#6,Color,Yellow chenille with fox squirrel,spring-wiggler-s6-yellow-chenille-with-fox-squirrel,2,shopify,0,continue,manual,2.75,TRUE,TRUE,Spring Wiggler · hand-tied for Michigan rivers,A yellow chenille and fox squirrel Hex nymph that has been a Michigan steelhead fly for more than fifty years. Schrems West Michigan TU calls it effective year-round and especially in winter on the Muskegon. Dead-drift it on the bottom in runs below gravel; the bright variants double as an attractor,draft
spring-wiggler,,,,,,,,,#6,,Orange,spring-wiggler-s6-orange,2,shopify,0,continue,manual,2.75,TRUE,TRUE,,,
spring-wiggler,,,,,,,,,#6,,Chartreuse,spring-wiggler-s6-chartreuse,2,shopify,0,continue,manual,2.75,TRUE,TRUE,,,
spring-wiggler,,,,,,,,,#8,,Yellow chenille with fox squirrel,spring-wiggler-s8-yellow-chenille-with-fox-squirrel,2,shopify,0,continue,manual,2.75,TRUE,TRUE,,,
spring-wiggler,,,,,,,,,#8,,Orange,spring-wiggler-s8-orange,2,shopify,0,continue,manual,2.75,TRUE,TRUE,,,
spring-wiggler,,,,,,,,,#8,,Chartreuse,spring-wiggler-s8-chartreuse,2,shopify,0,continue,manual,2.75,TRUE,TRUE,,,
spring-wiggler,,,,,,,,,#10,,Yellow chenille with fox squirrel,spring-wiggler-s10-yellow-chenille-with-fox-squirrel,2,shopify,0,continue,manual,2.75,TRUE,TRUE,,,
spring-wiggler,,,,,,,,,#10,,Orange,spring-wiggler-s10-orange,2,shopify,0,continue,manual,2.75,TRUE,TRUE,,,
spring-wiggler,,,,,,,,,#10,,Chartreuse,spring-wiggler-s10-chartreuse,2,shopify,0,continue,manual,2.75,TRUE,TRUE,,,
zebra-midge,Zebra Midge,"<p>Black-bodied #20 to #24 midges are the main winter food on the Muskegon tailwater from November through April, with heavy hatches near springs on warm afternoons. Fish a Zebra Midge as a dropper under a small indicator or behind a scud; it also takes pink salmon in clear water and St. Marys Atlantics feeding on midges in late summer.</p><p><strong>Imitates:</strong> Midge</p><p><strong>Fish it for:</strong> Brown trout, Rainbow trout (resident), Brook trout, Pink salmon, Atlantic salmon</p><p>Hand-tied in Michigan for Michigan rivers. See when and where to fish it at michiganflies.com/flies/zebra-midge.</p>",Michigan Flies,Sporting Goods > Outdoor Recreation > Fishing > Fishing Tackle > Fishing Baits & Lures,Nymph,"Nymph, Brown trout, Rainbow trout (resident), Brook trout, Pink salmon, Atlantic salmon, nymph-indicator, euro-nymph, midge, evidence-A",TRUE,Size,#18,Color,Black with silver rib,zebra-midge-s18-black-with-silver-rib,2,shopify,0,continue,manual,2.75,TRUE,TRUE,Zebra Midge · hand-tied for Michigan rivers,"Black-bodied #20 to #24 midges are the main winter food on the Muskegon tailwater from November through April, with heavy hatches near springs on warm afternoons. Fish a Zebra Midge as a dropper under a small indicator or behind a scud; it also takes pink salmon in clear water and St. Marys Atlantic",draft
zebra-midge,,,,,,,,,#18,,Red,zebra-midge-s18-red,2,shopify,0,continue,manual,2.75,TRUE,TRUE,,,
zebra-midge,,,,,,,,,#18,,Olive,zebra-midge-s18-olive,2,shopify,0,continue,manual,2.75,TRUE,TRUE,,,
zebra-midge,,,,,,,,,#20,,Black with silver rib,zebra-midge-s20-black-with-silver-rib,2,shopify,0,continue,manual,2.75,TRUE,TRUE,,,
zebra-midge,,,,,,,,,#20,,Red,zebra-midge-s20-red,2,shopify,0,continue,manual,2.75,TRUE,TRUE,,,
zebra-midge,,,,,,,,,#20,,Olive,zebra-midge-s20-olive,2,shopify,0,continue,manual,2.75,TRUE,TRUE,,,
zebra-midge,,,,,,,,,#22,,Black with silver rib,zebra-midge-s22-black-with-silver-rib,2,shopify,0,continue,manual,2.75,TRUE,TRUE,,,
zebra-midge,,,,,,,,,#22,,Red,zebra-midge-s22-red,2,shopify,0,continue,manual,2.75,TRUE,TRUE,,,
zebra-midge,,,,,,,,,#22,,Olive,zebra-midge-s22-olive,2,shopify,0,continue,manual,2.75,TRUE,TRUE,,,
zebra-midge,,,,,,,,,#24,,Black with silver rib,zebra-midge-s24-black-with-silver-rib,2,shopify,0,continue,manual,2.75,TRUE,TRUE,,,
zebra-midge,,,,,,,,,#24,,Red,zebra-midge-s24-red,2,shopify,0,continue,manual,2.75,TRUE,TRUE,,,
zebra-midge,,,,,,,,,#24,,Olive,zebra-midge-s24-olive,2,shopify,0,continue,manual,2.75,TRUE,TRUE,,,
black-string-leech,Black String Leech,"<p>Current Works reaches for black leeches (String Leech, Silvey's Tail Light, Miles Davis, Larimer's Reverse Marabou) in high, dirty water, when a dark silhouette shows better than any natural color. Betsie salmon anglers use dark leeches with flash dead-drifted or swung. Fish it during spring runoff and after fall rains.</p><p><strong>Fish it for:</strong> Steelhead, Chinook salmon, Coho salmon, Brown trout</p><p>Hand-tied in Michigan for Michigan rivers. See when and where to fish it at michiganflies.com/flies/black-string-leech.</p>",Michigan Flies,Sporting Goods > Outdoor Recreation > Fishing > Fishing Tackle > Fishing Baits & Lures,Streamer,"Streamer, Steelhead, Chinook salmon, Coho salmon, Brown trout, swing-spey, chuck-and-duck, streamer, leech, evidence-A",TRUE,Size,#2,Color,Black,black-string-leech-s2-black,2,shopify,0,continue,manual,6.50,TRUE,TRUE,Black String Leech · hand-tied for Michigan rivers,"Current Works reaches for black leeches (String Leech, Silvey's Tail Light, Miles Davis, Larimer's Reverse Marabou) in high, dirty water, when a dark silhouette shows better than any natural color. Betsie salmon anglers use dark leeches with flash dead-drifted or swung. Fish it during spring runoff ",draft
black-string-leech,,,,,,,,,#2,,Black/purple,black-string-leech-s2-black-purple,2,shopify,0,continue,manual,6.50,TRUE,TRUE,,,
black-string-leech,,,,,,,,,#2,,Silvey's Tail Light,black-string-leech-s2-silvey-s-tail-light,2,shopify,0,continue,manual,6.50,TRUE,TRUE,,,
black-string-leech,,,,,,,,,#2,,Larimer's Reverse Marabou,black-string-leech-s2-larimer-s-reverse-marabou,2,shopify,0,continue,manual,6.50,TRUE,TRUE,,,
black-string-leech,,,,,,,,,#4,,Black,black-string-leech-s4-black,2,shopify,0,continue,manual,6.50,TRUE,TRUE,,,
black-string-leech,,,,,,,,,#4,,Black/purple,black-string-leech-s4-black-purple,2,shopify,0,continue,manual,6.50,TRUE,TRUE,,,
black-string-leech,,,,,,,,,#4,,Silvey's Tail Light,black-string-leech-s4-silvey-s-tail-light,2,shopify,0,continue,manual,6.50,TRUE,TRUE,,,
black-string-leech,,,,,,,,,#4,,Larimer's Reverse Marabou,black-string-leech-s4-larimer-s-reverse-marabou,2,shopify,0,continue,manual,6.50,TRUE,TRUE,,,
black-string-leech,,,,,,,,,#6,,Black,black-string-leech-s6-black,2,shopify,0,continue,manual,6.50,TRUE,TRUE,,,
black-string-leech,,,,,,,,,#6,,Black/purple,black-string-leech-s6-black-purple,2,shopify,0,continue,manual,6.50,TRUE,TRUE,,,
black-string-leech,,,,,,,,,#6,,Silvey's Tail Light,black-string-leech-s6-silvey-s-tail-light,2,shopify,0,continue,manual,6.50,TRUE,TRUE,,,
black-string-leech,,,,,,,,,#6,,Larimer's Reverse Marabou,black-string-leech-s6-larimer-s-reverse-marabou,2,shopify,0,continue,manual,6.50,TRUE,TRUE,,,
boogie-man,Boogie Man,"<p>A Galloup articulated streamer with a broad marabou and rabbit profile and a heavy head for deep, fast runs. Not named in the Michigan notes; treat it as a generic member of the Michigan-born articulated family, in black or dark olive for high or stained spring and fall water.</p><p><strong>Fish it for:</strong> Brown trout, Rainbow trout (resident)</p><p><em>Kelly Galloup</em></p><p>Hand-tied in Michigan for Michigan rivers. See when and where to fish it at michiganflies.com/flies/boogie-man.</p>",Michigan Flies,Sporting Goods > Outdoor Recreation > Fishing > Fishing Tackle > Fishing Baits & Lures,Streamer,"Streamer, Brown trout, Rainbow trout (resident), streamer, sculpin, dace, salmonid-parr, evidence-I",TRUE,Size,#1,Color,Black,boogie-man-s1-black,2,shopify,0,continue,manual,9.50,TRUE,TRUE,Boogie Man · hand-tied for Michigan rivers,"A Galloup articulated streamer with a broad marabou and rabbit profile and a heavy head for deep, fast runs. Not named in the Michigan notes; treat it as a generic member of the Michigan-born articulated family, in black or dark olive for high or stained spring and fall water.",draft
boogie-man,,,,,,,,,#1,,Olive,boogie-man-s1-olive,2,shopify,0,continue,manual,9.50,TRUE,TRUE,,,
boogie-man,,,,,,,,,#1,,White,boogie-man-s1-white,2,shopify,0,continue,manual,9.50,TRUE,TRUE,,,
boogie-man,,,,,,,,,#1,,Yellow,boogie-man-s1-yellow,2,shopify,0,continue,manual,9.50,TRUE,TRUE,,,
boogie-man,,,,,,,,,#2,,Black,boogie-man-s2-black,2,shopify,0,continue,manual,9.50,TRUE,TRUE,,,
boogie-man,,,,,,,,,#2,,Olive,boogie-man-s2-olive,2,shopify,0,continue,manual,9.50,TRUE,TRUE,,,
boogie-man,,,,,,,,,#2,,White,boogie-man-s2-white,2,shopify,0,continue,manual,9.50,TRUE,TRUE,,,
boogie-man,,,,,,,,,#2,,Yellow,boogie-man-s2-yellow,2,shopify,0,continue,manual,9.50,TRUE,TRUE,,,
boogie-man,,,,,,,,,#4,,Black,boogie-man-s4-black,2,shopify,0,continue,manual,9.50,TRUE,TRUE,,,
boogie-man,,,,,,,,,#4,,Olive,boogie-man-s4-olive,2,shopify,0,continue,manual,9.50,TRUE,TRUE,,,
boogie-man,,,,,,,,,#4,,White,boogie-man-s4-white,2,shopify,0,continue,manual,9.50,TRUE,TRUE,,,
boogie-man,,,,,,,,,#4,,Yellow,boogie-man-s4-yellow,2,shopify,0,continue,manual,9.50,TRUE,TRUE,,,
butt-monkey,Butt Monkey,"<p>A Galloup articulated streamer with a rabbit-strip body and a deer-hair collar, a slimmer cousin of the Sex Dungeon from the Michigan streamer school. The notes did not find a Michigan source naming it; fish it as you would a Zoo Cougar in the April to May and late September to November streamer windows.</p><p><strong>Fish it for:</strong> Brown trout, Rainbow trout (resident)</p><p><em>Kelly Galloup</em></p><p>Hand-tied in Michigan for Michigan rivers. See when and where to fish it at michiganflies.com/flies/butt-monkey.</p>",Michigan Flies,Sporting Goods > Outdoor Recreation > Fishing > Fishing Tackle > Fishing Baits & Lures,Streamer,"Streamer, Brown trout, Rainbow trout (resident), streamer, sculpin, dace, evidence-I",TRUE,Size,#2,Color,Yellow,butt-monkey-s2-yellow,2,shopify,0,continue,manual,9.50,TRUE,TRUE,Butt Monkey · hand-tied for Michigan rivers,"A Galloup articulated streamer with a rabbit-strip body and a deer-hair collar, a slimmer cousin of the Sex Dungeon from the Michigan streamer school. The notes did not find a Michigan source naming it; fish it as you would a Zoo Cougar in the April to May and late September to November streamer win",draft
butt-monkey,,,,,,,,,#2,,Olive,butt-monkey-s2-olive,2,shopify,0,continue,manual,9.50,TRUE,TRUE,,,
butt-monkey,,,,,,,,,#2,,White,butt-monkey-s2-white,2,shopify,0,continue,manual,9.50,TRUE,TRUE,,,
butt-monkey,,,,,,,,,#2,,Black,butt-monkey-s2-black,2,shopify,0,continue,manual,9.50,TRUE,TRUE,,,
butt-monkey,,,,,,,,,#4,,Yellow,butt-monkey-s4-yellow,2,shopify,0,continue,manual,9.50,TRUE,TRUE,,,
butt-monkey,,,,,,,,,#4,,Olive,butt-monkey-s4-olive,2,shopify,0,continue,manual,9.50,TRUE,TRUE,,,
butt-monkey,,,,,,,,,#4,,White,butt-monkey-s4-white,2,shopify,0,continue,manual,9.50,TRUE,TRUE,,,
butt-monkey,,,,,,,,,#4,,Black,butt-monkey-s4-black,2,shopify,0,continue,manual,9.50,TRUE,TRUE,,,
circus-peanut,Circus Peanut,"<p>Developed around 2000 by Russ Maddin while at Galloup's Troutsman shop, the articulated fly that 'ushered in the age of articulated streamers,' used on the Au Sable and Manistee for big browns. Streamside sells it in Root Beer, a crayfish-brown that fishes in average flows on sunny or stained days. Strip it with a jerk-strip retrieve in April, May and the pre-spawn fall.</p><p><strong>Fish it for:</strong> Brown trout, Rainbow trout (resident), Steelhead</p><p><em>Russ Maddin, Troutsman fly shop, Traverse City, about 2000</em></p><p>Hand-tied in Michigan for Michigan rivers. See when and where to fish it at michiganflies.com/flies/circus-peanut.</p>",Michigan Flies,Sporting Goods > Outdoor Recreation > Fishing > Fishing Tackle > Fishing Baits & Lures,Streamer,"Streamer, Brown trout, Rainbow trout (resident), Steelhead, streamer, sculpin, crayfish, dace, salmonid-parr, evidence-A",TRUE,Size,#2,Color,Root Beer,circus-peanut-s2-root-beer,2,shopify,0,continue,manual,9.50,TRUE,TRUE,Circus Peanut · hand-tied for Michigan rivers,"Developed around 2000 by Russ Maddin while at Galloup's Troutsman shop, the articulated fly that 'ushered in the age of articulated streamers,' used on the Au Sable and Manistee for big browns. Streamside sells it in Root Beer, a crayfish-brown that fishes in average flows on sunny or stained days. ",draft
circus-peanut,,,,,,,,,#2,,Olive,circus-peanut-s2-olive,2,shopify,0,continue,manual,9.50,TRUE,TRUE,,,
circus-peanut,,,,,,,,,#2,,Yellow,circus-peanut-s2-yellow,2,shopify,0,continue,manual,9.50,TRUE,TRUE,,,
circus-peanut,,,,,,,,,#2,,Black,circus-peanut-s2-black,2,shopify,0,continue,manual,9.50,TRUE,TRUE,,,
circus-peanut,,,,,,,,,#2,,White,circus-peanut-s2-white,2,shopify,0,continue,manual,9.50,TRUE,TRUE,,,
circus-peanut,,,,,,,,,#4,,Root Beer,circus-peanut-s4-root-beer,2,shopify,0,continue,manual,9.50,TRUE,TRUE,,,
circus-peanut,,,,,,,,,#4,,Olive,circus-peanut-s4-olive,2,shopify,0,continue,manual,9.50,TRUE,TRUE,,,
circus-peanut,,,,,,,,,#4,,Yellow,circus-peanut-s4-yellow,2,shopify,0,continue,manual,9.50,TRUE,TRUE,,,
circus-peanut,,,,,,,,,#4,,Black,circus-peanut-s4-black,2,shopify,0,continue,manual,9.50,TRUE,TRUE,,,
circus-peanut,,,,,,,,,#4,,White,circus-peanut-s4-white,2,shopify,0,continue,manual,9.50,TRUE,TRUE,,,
circus-peanut,,,,,,,,,#6,,Root Beer,circus-peanut-s6-root-beer,2,shopify,0,continue,manual,9.50,TRUE,TRUE,,,
circus-peanut,,,,,,,,,#6,,Olive,circus-peanut-s6-olive,2,shopify,0,continue,manual,9.50,TRUE,TRUE,,,
circus-peanut,,,,,,,,,#6,,Yellow,circus-peanut-s6-yellow,2,shopify,0,continue,manual,9.50,TRUE,TRUE,,,
circus-peanut,,,,,,,,,#6,,Black,circus-peanut-s6-black,2,shopify,0,continue,manual,9.50,TRUE,TRUE,,,
circus-peanut,,,,,,,,,#6,,White,circus-peanut-s6-white,2,shopify,0,continue,manual,9.50,TRUE,TRUE,,,
clouser-minnow,Clouser Minnow (and Flashtail Clouser),"<p>Current Works strips a Flashtail Clouser on sink tips for fresh Betsie and Manistee salmon, and chartreuse/white and pink Clousers are coho standards. In white and gray it doubles as a smelt or alewife imitation for St. Marys Atlantics in late June and July. Fish it with fast strips in the lowest holding water above the lake.</p><p><strong>Fish it for:</strong> Coho salmon, Chinook salmon, Steelhead, Atlantic salmon, Brown trout</p><p>Hand-tied in Michigan for Michigan rivers. See when and where to fish it at michiganflies.com/flies/clouser-minnow.</p>",Michigan Flies,Sporting Goods > Outdoor Recreation > Fishing > Fishing Tackle > Fishing Baits & Lures,Streamer,"Streamer, Coho salmon, Chinook salmon, Steelhead, Atlantic salmon, Brown trout, streamer, swing-spey, alewife, emerald-shiner, smelt, spottail-shiner, evidence-A",TRUE,Size,#1,Color,Chartreuse/white,clouser-minnow-s1-chartreuse-white,2,shopify,0,continue,manual,6.50,TRUE,TRUE,Clouser Minnow (and Flashtail Clouser) · hand-tied for Michigan rivers,"Current Works strips a Flashtail Clouser on sink tips for fresh Betsie and Manistee salmon, and chartreuse/white and pink Clousers are coho standards. In white and gray it doubles as a smelt or alewife imitation for St. Marys Atlantics in late June and July. Fish it with fast strips in the lowest ho",draft
clouser-minnow,,,,,,,,,#1,,Pink/white,clouser-minnow-s1-pink-white,2,shopify,0,continue,manual,6.50,TRUE,TRUE,,,
clouser-minnow,,,,,,,,,#1,,All pink,clouser-minnow-s1-all-pink,2,shopify,0,continue,manual,6.50,TRUE,TRUE,,,
clouser-minnow,,,,,,,,,#1,,Gray/white,clouser-minnow-s1-gray-white,2,shopify,0,continue,manual,6.50,TRUE,TRUE,,,
clouser-minnow,,,,,,,,,#1,,Flashtail,clouser-minnow-s1-flashtail,2,shopify,0,continue,manual,6.50,TRUE,TRUE,,,
clouser-minnow,,,,,,,,,#2,,Chartreuse/white,clouser-minnow-s2-chartreuse-white,2,shopify,0,continue,manual,6.50,TRUE,TRUE,,,
clouser-minnow,,,,,,,,,#2,,Pink/white,clouser-minnow-s2-pink-white,2,shopify,0,continue,manual,6.50,TRUE,TRUE,,,
clouser-minnow,,,,,,,,,#2,,All pink,clouser-minnow-s2-all-pink,2,shopify,0,continue,manual,6.50,TRUE,TRUE,,,
clouser-minnow,,,,,,,,,#2,,Gray/white,clouser-minnow-s2-gray-white,2,shopify,0,continue,manual,6.50,TRUE,TRUE,,,
clouser-minnow,,,,,,,,,#2,,Flashtail,clouser-minnow-s2-flashtail,2,shopify,0,continue,manual,6.50,TRUE,TRUE,,,
clouser-minnow,,,,,,,,,#4,,Chartreuse/white,clouser-minnow-s4-chartreuse-white,2,shopify,0,continue,manual,6.50,TRUE,TRUE,,,
clouser-minnow,,,,,,,,,#4,,Pink/white,clouser-minnow-s4-pink-white,2,shopify,0,continue,manual,6.50,TRUE,TRUE,,,
clouser-minnow,,,,,,,,,#4,,All pink,clouser-minnow-s4-all-pink,2,shopify,0,continue,manual,6.50,TRUE,TRUE,,,
clouser-minnow,,,,,,,,,#4,,Gray/white,clouser-minnow-s4-gray-white,2,shopify,0,continue,manual,6.50,TRUE,TRUE,,,
clouser-minnow,,,,,,,,,#4,,Flashtail,clouser-minnow-s4-flashtail,2,shopify,0,continue,manual,6.50,TRUE,TRUE,,,
clouser-minnow,,,,,,,,,#6,,Chartreuse/white,clouser-minnow-s6-chartreuse-white,2,shopify,0,continue,manual,6.50,TRUE,TRUE,,,
clouser-minnow,,,,,,,,,#6,,Pink/white,clouser-minnow-s6-pink-white,2,shopify,0,continue,manual,6.50,TRUE,TRUE,,,
clouser-minnow,,,,,,,,,#6,,All pink,clouser-minnow-s6-all-pink,2,shopify,0,continue,manual,6.50,TRUE,TRUE,,,
clouser-minnow,,,,,,,,,#6,,Gray/white,clouser-minnow-s6-gray-white,2,shopify,0,continue,manual,6.50,TRUE,TRUE,,,
clouser-minnow,,,,,,,,,#6,,Flashtail,clouser-minnow-s6-flashtail,2,shopify,0,continue,manual,6.50,TRUE,TRUE,,,
crayfish-pattern,Crayfish,"<p>An Au Sable guide calls crayfish 'one of the main staples of a brown trout's diet,' the Escanaba is fished with crayfish patterns, and Michigan steelhead stomachs have held crayfish. Bounce a rust or olive crayfish along the bottom of gravel runs in summer and early fall, or use Crawdad Orange streamers in stained water.</p><p><strong>Fish it for:</strong> Brown trout, Rainbow trout (resident), Steelhead</p><p>Hand-tied in Michigan for Michigan rivers. See when and where to fish it at michiganflies.com/flies/crayfish-pattern.</p>",Michigan Flies,Sporting Goods > Outdoor Recreation > Fishing > Fishing Tackle > Fishing Baits & Lures,Streamer,"Streamer, Brown trout, Rainbow trout (resident), Steelhead, streamer, nymph-indicator, crayfish, evidence-A",TRUE,Size,#4,Color,Rust,crayfish-pattern-s4-rust,2,shopify,0,continue,manual,6.50,TRUE,TRUE,Crayfish · hand-tied for Michigan rivers,"An Au Sable guide calls crayfish 'one of the main staples of a brown trout's diet,' the Escanaba is fished with crayfish patterns, and Michigan steelhead stomachs have held crayfish. Bounce a rust or olive crayfish along the bottom of gravel runs in summer and early fall, or use Crawdad Orange strea",draft
crayfish-pattern,,,,,,,,,#4,,Olive-brown,crayfish-pattern-s4-olive-brown,2,shopify,0,continue,manual,6.50,TRUE,TRUE,,,
crayfish-pattern,,,,,,,,,#4,,Crawdad orange,crayfish-pattern-s4-crawdad-orange,2,shopify,0,continue,manual,6.50,TRUE,TRUE,,,
crayfish-pattern,,,,,,,,,#6,,Rust,crayfish-pattern-s6-rust,2,shopify,0,continue,manual,6.50,TRUE,TRUE,,,
crayfish-pattern,,,,,,,,,#6,,Olive-brown,crayfish-pattern-s6-olive-brown,2,shopify,0,continue,manual,6.50,TRUE,TRUE,,,
crayfish-pattern,,,,,,,,,#6,,Crawdad orange,crayfish-pattern-s6-crawdad-orange,2,shopify,0,continue,manual,6.50,TRUE,TRUE,,,
crayfish-pattern,,,,,,,,,#8,,Rust,crayfish-pattern-s8-rust,2,shopify,0,continue,manual,6.50,TRUE,TRUE,,,
crayfish-pattern,,,,,,,,,#8,,Olive-brown,crayfish-pattern-s8-olive-brown,2,shopify,0,continue,manual,6.50,TRUE,TRUE,,,
crayfish-pattern,,,,,,,,,#8,,Crawdad orange,crayfish-pattern-s8-crawdad-orange,2,shopify,0,continue,manual,6.50,TRUE,TRUE,,,
drunk-and-disorderly,Drunk and Disorderly,"<p>Tommy Lynch's wedge-headed articulated fly that 'swims differently with every strip to mimic an injured baitfish,' with a profile largest at the head and slender behind. Retrieve it with one sharp pop, three short strips, then let it swim and die out; several Pere Marquette and Upper Manistee browns over 24 inches have taken it. Best on a floating or intermediate line over structure in spring and fall.</p><p><strong>Fish it for:</strong> Brown trout, Rainbow trout (resident), Steelhead</p><p><em>Tommy Lynch (The Fish Whisperer), Pere Marquette and Upper Manistee, Baldwin</em></p><p>Hand-tied in Michigan for Michigan rivers. See when and where to fish it at michiganflies.com/flies/drunk-and-disorderly.</p>",Michigan Flies,Sporting Goods > Outdoor Recreation > Fishing > Fishing Tackle > Fishing Baits & Lures,Streamer,"Streamer, Brown trout, Rainbow trout (resident), Steelhead, streamer, dace, emerald-shiner, salmonid-parr, sculpin, evidence-A",TRUE,Size,#1,Color,Natural/olive,drunk-and-disorderly-s1-natural-olive,2,shopify,0,continue,manual,9.50,TRUE,TRUE,Drunk and Disorderly · hand-tied for Michigan rivers,"Tommy Lynch's wedge-headed articulated fly that 'swims differently with every strip to mimic an injured baitfish,' with a profile largest at the head and slender behind. Retrieve it with one sharp pop, three short strips, then let it swim and die out; several Pere Marquette and Upper Manistee browns",draft
drunk-and-disorderly,,,,,,,,,#1,,White,drunk-and-disorderly-s1-white,2,shopify,0,continue,manual,9.50,TRUE,TRUE,,,
drunk-and-disorderly,,,,,,,,,#1,,Yellow,drunk-and-disorderly-s1-yellow,2,shopify,0,continue,manual,9.50,TRUE,TRUE,,,
drunk-and-disorderly,,,,,,,,,#1,,Black,drunk-and-disorderly-s1-black,2,shopify,0,continue,manual,9.50,TRUE,TRUE,,,
drunk-and-disorderly,,,,,,,,,#1,,Chartreuse,drunk-and-disorderly-s1-chartreuse,2,shopify,0,continue,manual,9.50,TRUE,TRUE,,,
drunk-and-disorderly,,,,,,,,,#2,,Natural/olive,drunk-and-disorderly-s2-natural-olive,2,shopify,0,continue,manual,9.50,TRUE,TRUE,,,
drunk-and-disorderly,,,,,,,,,#2,,White,drunk-and-disorderly-s2-white,2,shopify,0,continue,manual,9.50,TRUE,TRUE,,,
drunk-and-disorderly,,,,,,,,,#2,,Yellow,drunk-and-disorderly-s2-yellow,2,shopify,0,continue,manual,9.50,TRUE,TRUE,,,
drunk-and-disorderly,,,,,,,,,#2,,Black,drunk-and-disorderly-s2-black,2,shopify,0,continue,manual,9.50,TRUE,TRUE,,,
drunk-and-disorderly,,,,,,,,,#2,,Chartreuse,drunk-and-disorderly-s2-chartreuse,2,shopify,0,continue,manual,9.50,TRUE,TRUE,,,
drunk-and-disorderly,,,,,,,,,#4,,Natural/olive,drunk-and-disorderly-s4-natural-olive,2,shopify,0,continue,manual,9.50,TRUE,TRUE,,,
drunk-and-disorderly,,,,,,,,,#4,,White,drunk-and-disorderly-s4-white,2,shopify,0,continue,manual,9.50,TRUE,TRUE,,,
drunk-and-disorderly,,,,,,,,,#4,,Yellow,drunk-and-disorderly-s4-yellow,2,shopify,0,continue,manual,9.50,TRUE,TRUE,,,
drunk-and-disorderly,,,,,,,,,#4,,Black,drunk-and-disorderly-s4-black,2,shopify,0,continue,manual,9.50,TRUE,TRUE,,,
drunk-and-disorderly,,,,,,,,,#4,,Chartreuse,drunk-and-disorderly-s4-chartreuse,2,shopify,0,continue,manual,9.50,TRUE,TRUE,,,
eds-salmon-alevin,Ed's Salmon Alevin,"<p>A yolk-sac fry imitation in Chuck Hawkins' spring Great Lakes top five, dead-drifted or swung when Chinook alevins emerge from the gravel in March and April; fish also take it as a caddis larva dislodged by spawning steelhead. Michigan TU notes alevin and smelt patterns are effective in spring on rivers with a prior fall salmon run.</p><p><strong>Fish it for:</strong> Steelhead, Brown trout, Rainbow trout (resident)</p><p>Hand-tied in Michigan for Michigan rivers. See when and where to fish it at michiganflies.com/flies/eds-salmon-alevin.</p>",Michigan Flies,Sporting Goods > Outdoor Recreation > Fishing > Fishing Tackle > Fishing Baits & Lures,Streamer,"Streamer, Steelhead, Brown trout, Rainbow trout (resident), nymph-indicator, swing-spey, streamer, salmon-fry, evidence-A",TRUE,Size,#8,Color,Translucent with orange yolk sac,eds-salmon-alevin-s8-translucent-with-orange-yolk-sac,2,shopify,0,continue,manual,6.50,TRUE,TRUE,Ed's Salmon Alevin · hand-tied for Michigan rivers,"A yolk-sac fry imitation in Chuck Hawkins' spring Great Lakes top five, dead-drifted or swung when Chinook alevins emerge from the gravel in March and April; fish also take it as a caddis larva dislodged by spawning steelhead. Michigan TU notes alevin and smelt patterns are effective in spring on ri",draft
eds-salmon-alevin,,,,,,,,,#10,,Translucent with orange yolk sac,eds-salmon-alevin-s10-translucent-with-orange-yolk-sac,2,shopify,0,continue,manual,6.50,TRUE,TRUE,,,
eds-salmon-alevin,,,,,,,,,#12,,Translucent with orange yolk sac,eds-salmon-alevin-s12-translucent-with-orange-yolk-sac,2,shopify,0,continue,manual,6.50,TRUE,TRUE,,,
egg-sucking-leech,Egg-Sucking Leech,"<p>A leech profile with an egg hot spot, recognized as one of the most effective flies on Great Lakes tributary steelhead streams and, per Current Works, less intrusive than most patterns for selective fish. Betts fishes it for Pere Marquette fall salmon, and Michigan coho anglers swing it through runs and tailouts. Dead-drift or swing black, purple or olive bodies with chartreuse, orange, red or pink heads from September through April; #8 versions take pink salmon.</p><p><strong>Fish it for:</strong> Steelhead, Chinook salmon, Coho salmon, Brown trout, Pink salmon</p><p><em>Will Bauer, Alaska, about 1984; Michigan recipe by Current Works</em></p><p>Hand-tied in Michigan for Michigan rivers. See when and where to fish it at michiganflies.com/flies/egg-sucking-leech.</p>",Michigan Flies,Sporting Goods > Outdoor Recreation > Fishing > Fishing Tackle > Fishing Baits & Lures,Streamer,"Streamer, Steelhead, Chinook salmon, Coho salmon, Brown trout, Pink salmon, swing-spey, nymph-indicator, chuck-and-duck, streamer, chinook-eggs, coho-eggs, steelhead-eggs, leech, evidence-A",TRUE,Size,#2,Color,Black with chartreuse head,egg-sucking-leech-s2-black-with-chartreuse-head,2,shopify,0,continue,manual,6.50,TRUE,TRUE,Egg-Sucking Leech · hand-tied for Michigan rivers,"A leech profile with an egg hot spot, recognized as one of the most effective flies on Great Lakes tributary steelhead streams and, per Current Works, less intrusive than most patterns for selective fish. Betts fishes it for Pere Marquette fall salmon, and Michigan coho anglers swing it through runs",draft
egg-sucking-leech,,,,,,,,,#2,,Black with orange head,egg-sucking-leech-s2-black-with-orange-head,2,shopify,0,continue,manual,6.50,TRUE,TRUE,,,
egg-sucking-leech,,,,,,,,,#2,,Purple with pink head,egg-sucking-leech-s2-purple-with-pink-head,2,shopify,0,continue,manual,6.50,TRUE,TRUE,,,
egg-sucking-leech,,,,,,,,,#2,,Olive with red head,egg-sucking-leech-s2-olive-with-red-head,2,shopify,0,continue,manual,6.50,TRUE,TRUE,,,
egg-sucking-leech,,,,,,,,,#2,,Black with hot pink head,egg-sucking-leech-s2-black-with-hot-pink-head,2,shopify,0,continue,manual,6.50,TRUE,TRUE,,,
egg-sucking-leech,,,,,,,,,#4,,Black with chartreuse head,egg-sucking-leech-s4-black-with-chartreuse-head,2,shopify,0,continue,manual,6.50,TRUE,TRUE,,,
egg-sucking-leech,,,,,,,,,#4,,Black with orange head,egg-sucking-leech-s4-black-with-orange-head,2,shopify,0,continue,manual,6.50,TRUE,TRUE,,,
egg-sucking-leech,,,,,,,,,#4,,Purple with pink head,egg-sucking-leech-s4-purple-with-pink-head,2,shopify,0,continue,manual,6.50,TRUE,TRUE,,,
egg-sucking-leech,,,,,,,,,#4,,Olive with red head,egg-sucking-leech-s4-olive-with-red-head,2,shopify,0,continue,manual,6.50,TRUE,TRUE,,,
egg-sucking-leech,,,,,,,,,#4,,Black with hot pink head,egg-sucking-leech-s4-black-with-hot-pink-head,2,shopify,0,continue,manual,6.50,TRUE,TRUE,,,
egg-sucking-leech,,,,,,,,,#6,,Black with chartreuse head,egg-sucking-leech-s6-black-with-chartreuse-head,2,shopify,0,continue,manual,6.50,TRUE,TRUE,,,
egg-sucking-leech,,,,,,,,,#6,,Black with orange head,egg-sucking-leech-s6-black-with-orange-head,2,shopify,0,continue,manual,6.50,TRUE,TRUE,,,
egg-sucking-leech,,,,,,,,,#6,,Purple with pink head,egg-sucking-leech-s6-purple-with-pink-head,2,shopify,0,continue,manual,6.50,TRUE,TRUE,,,
egg-sucking-leech,,,,,,,,,#6,,Olive with red head,egg-sucking-leech-s6-olive-with-red-head,2,shopify,0,continue,manual,6.50,TRUE,TRUE,,,
egg-sucking-leech,,,,,,,,,#6,,Black with hot pink head,egg-sucking-leech-s6-black-with-hot-pink-head,2,shopify,0,continue,manual,6.50,TRUE,TRUE,,,
egg-sucking-leech,,,,,,,,,#8,,Black with chartreuse head,egg-sucking-leech-s8-black-with-chartreuse-head,2,shopify,0,continue,manual,6.50,TRUE,TRUE,,,
egg-sucking-leech,,,,,,,,,#8,,Black with orange head,egg-sucking-leech-s8-black-with-orange-head,2,shopify,0,continue,manual,6.50,TRUE,TRUE,,,
egg-sucking-leech,,,,,,,,,#8,,Purple with pink head,egg-sucking-leech-s8-purple-with-pink-head,2,shopify,0,continue,manual,6.50,TRUE,TRUE,,,
egg-sucking-leech,,,,,,,,,#8,,Olive with red head,egg-sucking-leech-s8-olive-with-red-head,2,shopify,0,continue,manual,6.50,TRUE,TRUE,,,
egg-sucking-leech,,,,,,,,,#8,,Black with hot pink head,egg-sucking-leech-s8-black-with-hot-pink-head,2,shopify,0,continue,manual,6.50,TRUE,TRUE,,,
aqua-nuisance,Feenstra's Aqua Nuisance,"<p>A size 1 sculpin or large baitfish imitation that 'shines during the fall and spring months when fish are aggressive,' in low light and stained water, for steelhead, salmon and large trout. Swing it on a heavy tip through the deep runs of the Muskegon and Big Manistee.</p><p><strong>Fish it for:</strong> Steelhead, Chinook salmon, Coho salmon, Brown trout</p><p><em>Kevin Feenstra, Muskegon River</em></p><p>Hand-tied in Michigan for Michigan rivers. See when and where to fish it at michiganflies.com/flies/aqua-nuisance.</p>",Michigan Flies,Sporting Goods > Outdoor Recreation > Fishing > Fishing Tackle > Fishing Baits & Lures,Streamer,"Streamer, Steelhead, Chinook salmon, Coho salmon, Brown trout, swing-spey, streamer, sculpin, round-goby, evidence-A",TRUE,Size,#1,Color,Rainbow/copper,aqua-nuisance-s1-rainbow-copper,2,shopify,0,continue,manual,6.50,TRUE,TRUE,Feenstra's Aqua Nuisance · hand-tied for Michigan rivers,"A size 1 sculpin or large baitfish imitation that 'shines during the fall and spring months when fish are aggressive,' in low light and stained water, for steelhead, salmon and large trout. Swing it on a heavy tip through the deep runs of the Muskegon and Big Manistee.",draft
aqua-nuisance,,,,,,,,,#1,,Olive,aqua-nuisance-s1-olive,2,shopify,0,continue,manual,6.50,TRUE,TRUE,,,
aqua-nuisance,,,,,,,,,#2,,Rainbow/copper,aqua-nuisance-s2-rainbow-copper,2,shopify,0,continue,manual,6.50,TRUE,TRUE,,,
aqua-nuisance,,,,,,,,,#2,,Olive,aqua-nuisance-s2-olive,2,shopify,0,continue,manual,6.50,TRUE,TRUE,,,
emulator,Feenstra's Emulator,"<p>A flash-bodied baitfish that Feenstra describes as a versatile searching pattern working year-round for multiple species. It imitates the shiners migratory fish key on in fall and the general baitfish profile in winter; swing it on a sink tip in the Muskegon and Manistee.</p><p><strong>Fish it for:</strong> Steelhead, Brown trout, Coho salmon</p><p><em>Kevin Feenstra, Muskegon River</em></p><p>Hand-tied in Michigan for Michigan rivers. See when and where to fish it at michiganflies.com/flies/emulator.</p>",Michigan Flies,Sporting Goods > Outdoor Recreation > Fishing > Fishing Tackle > Fishing Baits & Lures,Streamer,"Streamer, Steelhead, Brown trout, Coho salmon, swing-spey, streamer, emerald-shiner, spottail-shiner, dace, sculpin, evidence-A",TRUE,Size,#2,Color,Natural flash-bodied,emulator-s2-natural-flash-bodied,2,shopify,0,continue,manual,6.50,TRUE,TRUE,Feenstra's Emulator · hand-tied for Michigan rivers,A flash-bodied baitfish that Feenstra describes as a versatile searching pattern working year-round for multiple species. It imitates the shiners migratory fish key on in fall and the general baitfish profile in winter; swing it on a sink tip in the Muskegon and Manistee.,draft
emulator,,,,,,,,,#2,,Olive,emulator-s2-olive,2,shopify,0,continue,manual,6.50,TRUE,TRUE,,,
emulator,,,,,,,,,#2,,Copper,emulator-s2-copper,2,shopify,0,continue,manual,6.50,TRUE,TRUE,,,
emulator,,,,,,,,,#4,,Natural flash-bodied,emulator-s4-natural-flash-bodied,2,shopify,0,continue,manual,6.50,TRUE,TRUE,,,
emulator,,,,,,,,,#4,,Olive,emulator-s4-olive,2,shopify,0,continue,manual,6.50,TRUE,TRUE,,,
emulator,,,,,,,,,#4,,Copper,emulator-s4-copper,2,shopify,0,continue,manual,6.50,TRUE,TRUE,,,
grapefruit-head-leech,Feenstra's Grapefruit Head Leech,"<p>A bright pink and chartreuse head over a leech body on a #2 to #4 3XL streamer hook, 'one of the most reliable Midwest swung fly patterns' and exceptional in cold winter water when steelhead are lethargic. Swing it slow and deep on a Skagit head and sink tip from November through the spring on the Muskegon, Manistee and U.P. rivers.</p><p><strong>Fish it for:</strong> Steelhead, Brown trout</p><p><em>Kevin Feenstra, Muskegon River</em></p><p>Hand-tied in Michigan for Michigan rivers. See when and where to fish it at michiganflies.com/flies/grapefruit-head-leech.</p>",Michigan Flies,Sporting Goods > Outdoor Recreation > Fishing > Fishing Tackle > Fishing Baits & Lures,Streamer,"Streamer, Steelhead, Brown trout, swing-spey, leech, sculpin, evidence-A",TRUE,Size,#2,Color,Pink and chartreuse head over natural body,grapefruit-head-leech-s2-pink-and-chartreuse-head-over-natural-b,2,shopify,0,continue,manual,6.50,TRUE,TRUE,Feenstra's Grapefruit Head Leech · hand-tied for Michigan rivers,"A bright pink and chartreuse head over a leech body on a #2 to #4 3XL streamer hook, 'one of the most reliable Midwest swung fly patterns' and exceptional in cold winter water when steelhead are lethargic. Swing it slow and deep on a Skagit head and sink tip from November through the spring on the M",draft
grapefruit-head-leech,,,,,,,,,#4,,Pink and chartreuse head over natural body,grapefruit-head-leech-s4-pink-and-chartreuse-head-over-natural-b,2,shopify,0,continue,manual,6.50,TRUE,TRUE,,,
halloween-leech,Feenstra's Halloween Leech,"<p>Black marabou and schlappen over peacock and orange Ice Dub with pink and copper Flashabou, on a 25 mm Senyo shank with a trailer or a Daiichi 2461. Originating on the Muskegon, it is 'great through fall' when steelhead have switched from lake alewife to river shiners and respond to flash. Swing it from October through December.</p><p><strong>Fish it for:</strong> Steelhead, Brown trout, Coho salmon, Chinook salmon</p><p><em>Kevin Feenstra, Muskegon River</em></p><p>Hand-tied in Michigan for Michigan rivers. See when and where to fish it at michiganflies.com/flies/halloween-leech.</p>",Michigan Flies,Sporting Goods > Outdoor Recreation > Fishing > Fishing Tackle > Fishing Baits & Lures,Streamer,"Streamer, Steelhead, Brown trout, Coho salmon, Chinook salmon, swing-spey, leech, emerald-shiner, evidence-A",TRUE,Size,#2,Color,Black and orange with peacock and pink/copper flash,halloween-leech-s2-black-and-orange-with-peacock-and-pink-copper,2,shopify,0,continue,manual,6.50,TRUE,TRUE,Feenstra's Halloween Leech · hand-tied for Michigan rivers,"Black marabou and schlappen over peacock and orange Ice Dub with pink and copper Flashabou, on a 25 mm Senyo shank with a trailer or a Daiichi 2461. Originating on the Muskegon, it is 'great through fall' when steelhead have switched from lake alewife to river shiners and respond to flash. Swing it ",draft
halloween-leech,,,,,,,,,#4,,Black and orange with peacock and pink/copper flash,halloween-leech-s4-black-and-orange-with-peacock-and-pink-copper,2,shopify,0,continue,manual,6.50,TRUE,TRUE,,,
shrew,Feenstra's Shrew,"<p>Chuck Hawkins' post-runoff fly for drop-back steelhead, matching the gobies, sculpins and chubs spent fish eat as they recover in April and May. Swing or strip it through runs below spawning gravel once the water clears on the Muskegon, Manistee and Grand.</p><p><strong>Fish it for:</strong> Steelhead, Brown trout</p><p><em>Kevin Feenstra, Muskegon River</em></p><p>Hand-tied in Michigan for Michigan rivers. See when and where to fish it at michiganflies.com/flies/shrew.</p>",Michigan Flies,Sporting Goods > Outdoor Recreation > Fishing > Fishing Tackle > Fishing Baits & Lures,Streamer,"Streamer, Steelhead, Brown trout, swing-spey, streamer, round-goby, sculpin, dace, evidence-A",TRUE,Size,#2,Color,Olive-brown,shrew-s2-olive-brown,2,shopify,0,continue,manual,6.50,TRUE,TRUE,Feenstra's Shrew · hand-tied for Michigan rivers,"Chuck Hawkins' post-runoff fly for drop-back steelhead, matching the gobies, sculpins and chubs spent fish eat as they recover in April and May. Swing or strip it through runs below spawning gravel once the water clears on the Muskegon, Manistee and Grand.",draft
shrew,,,,,,,,,#2,,Tan,shrew-s2-tan,2,shopify,0,continue,manual,6.50,TRUE,TRUE,,,
shrew,,,,,,,,,#4,,Olive-brown,shrew-s4-olive-brown,2,shopify,0,continue,manual,6.50,TRUE,TRUE,,,
shrew,,,,,,,,,#4,,Tan,shrew-s4-tan,2,shopify,0,continue,manual,6.50,TRUE,TRUE,,,
hat-trick,Hat Trick,"<p>Hawkins' olive streamer for cloudy days and slightly stained water on the Manistee and Boardman, part of his top ten Michigan flies with the natural Nutcracker and the ginger Little Rascal. Strip it along wood and undercut banks in April, May and the fall.</p><p><strong>Fish it for:</strong> Brown trout, Rainbow trout (resident)</p><p><em>Chuck Hawkins, Hawkins Outfitters, Traverse City</em></p><p>Hand-tied in Michigan for Michigan rivers. See when and where to fish it at michiganflies.com/flies/hat-trick.</p>",Michigan Flies,Sporting Goods > Outdoor Recreation > Fishing > Fishing Tackle > Fishing Baits & Lures,Streamer,"Streamer, Brown trout, Rainbow trout (resident), streamer, sculpin, dace, evidence-A",TRUE,Size,#2,Color,Olive,hat-trick-s2-olive,2,shopify,0,continue,manual,6.50,TRUE,TRUE,Hat Trick · hand-tied for Michigan rivers,"Hawkins' olive streamer for cloudy days and slightly stained water on the Manistee and Boardman, part of his top ten Michigan flies with the natural Nutcracker and the ginger Little Rascal. Strip it along wood and undercut banks in April, May and the fall.",draft
hat-trick,,,,,,,,,#4,,Olive,hat-trick-s4-olive,2,shopify,0,continue,manual,6.50,TRUE,TRUE,,,
hat-trick,,,,,,,,,#6,,Olive,hat-trick-s6-olive,2,shopify,0,continue,manual,6.50,TRUE,TRUE,,,
intruder,Intruder,"<p>Shank or tube-tied swing flies of two to four inches, fished Intruder-style #2 to #4 by U.P. steelhead guides and #4 to 1/0 for Great Lakes salmon in chartreuse, red, orange, black and blue. Pink and orange or black and blue for steelhead aggression in fall and high water; swing on a Skagit setup with 12 to 14 ft rods.</p><p><strong>Fish it for:</strong> Steelhead, Chinook salmon, Coho salmon</p><p>Hand-tied in Michigan for Michigan rivers. See when and where to fish it at michiganflies.com/flies/intruder.</p>",Michigan Flies,Sporting Goods > Outdoor Recreation > Fishing > Fishing Tackle > Fishing Baits & Lures,Streamer,"Streamer, Steelhead, Chinook salmon, Coho salmon, swing-spey, leech, emerald-shiner, evidence-A",TRUE,Size,#1,Color,Pink/orange,intruder-s1-pink-orange,2,shopify,0,continue,manual,9.50,TRUE,TRUE,Intruder · hand-tied for Michigan rivers,"Shank or tube-tied swing flies of two to four inches, fished Intruder-style #2 to #4 by U.P. steelhead guides and #4 to 1/0 for Great Lakes salmon in chartreuse, red, orange, black and blue. Pink and orange or black and blue for steelhead aggression in fall and high water; swing on a Skagit setup wi",draft
intruder,,,,,,,,,#1,,Black/blue,intruder-s1-black-blue,2,shopify,0,continue,manual,9.50,TRUE,TRUE,,,
intruder,,,,,,,,,#1,,Chartreuse,intruder-s1-chartreuse,2,shopify,0,continue,manual,9.50,TRUE,TRUE,,,
intruder,,,,,,,,,#1,,Black/chartreuse,intruder-s1-black-chartreuse,2,shopify,0,continue,manual,9.50,TRUE,TRUE,,,
intruder,,,,,,,,,#1,,Pink/chartreuse,intruder-s1-pink-chartreuse,2,shopify,0,continue,manual,9.50,TRUE,TRUE,,,
intruder,,,,,,,,,#1,,Red,intruder-s1-red,2,shopify,0,continue,manual,9.50,TRUE,TRUE,,,
intruder,,,,,,,,,#1,,Orange,intruder-s1-orange,2,shopify,0,continue,manual,9.50,TRUE,TRUE,,,
intruder,,,,,,,,,#2,,Pink/orange,intruder-s2-pink-orange,2,shopify,0,continue,manual,9.50,TRUE,TRUE,,,
intruder,,,,,,,,,#2,,Black/blue,intruder-s2-black-blue,2,shopify,0,continue,manual,9.50,TRUE,TRUE,,,
intruder,,,,,,,,,#2,,Chartreuse,intruder-s2-chartreuse,2,shopify,0,continue,manual,9.50,TRUE,TRUE,,,
intruder,,,,,,,,,#2,,Black/chartreuse,intruder-s2-black-chartreuse,2,shopify,0,continue,manual,9.50,TRUE,TRUE,,,
intruder,,,,,,,,,#2,,Pink/chartreuse,intruder-s2-pink-chartreuse,2,shopify,0,continue,manual,9.50,TRUE,TRUE,,,
intruder,,,,,,,,,#2,,Red,intruder-s2-red,2,shopify,0,continue,manual,9.50,TRUE,TRUE,,,
intruder,,,,,,,,,#2,,Orange,intruder-s2-orange,2,shopify,0,continue,manual,9.50,TRUE,TRUE,,,
intruder,,,,,,,,,#4,,Pink/orange,intruder-s4-pink-orange,2,shopify,0,continue,manual,9.50,TRUE,TRUE,,,
intruder,,,,,,,,,#4,,Black/blue,intruder-s4-black-blue,2,shopify,0,continue,manual,9.50,TRUE,TRUE,,,
intruder,,,,,,,,,#4,,Chartreuse,intruder-s4-chartreuse,2,shopify,0,continue,manual,9.50,TRUE,TRUE,,,
intruder,,,,,,,,,#4,,Black/chartreuse,intruder-s4-black-chartreuse,2,shopify,0,continue,manual,9.50,TRUE,TRUE,,,
intruder,,,,,,,,,#4,,Pink/chartreuse,intruder-s4-pink-chartreuse,2,shopify,0,continue,manual,9.50,TRUE,TRUE,,,
intruder,,,,,,,,,#4,,Red,intruder-s4-red,2,shopify,0,continue,manual,9.50,TRUE,TRUE,,,
intruder,,,,,,,,,#4,,Orange,intruder-s4-orange,2,shopify,0,continue,manual,9.50,TRUE,TRUE,,,
little-rascal,Little Rascal,"<p>The smallest of Hawkins' three named streamers, a ginger fly that reads as a small sculpin or crayfish. Its size makes it the summer and low-water choice on the Boardman and Upper Manistee, following Galloup's 'when in doubt, go small' rule.</p><p><strong>Fish it for:</strong> Brown trout, Rainbow trout (resident), Brook trout</p><p><em>Chuck Hawkins, Hawkins Outfitters, Traverse City</em></p><p>Hand-tied in Michigan for Michigan rivers. See when and where to fish it at michiganflies.com/flies/little-rascal.</p>",Michigan Flies,Sporting Goods > Outdoor Recreation > Fishing > Fishing Tackle > Fishing Baits & Lures,Streamer,"Streamer, Brown trout, Rainbow trout (resident), Brook trout, streamer, sculpin, crayfish, dace, evidence-A",TRUE,Size,#4,Color,Ginger,little-rascal-s4-ginger,2,shopify,0,continue,manual,6.50,TRUE,TRUE,Little Rascal · hand-tied for Michigan rivers,"The smallest of Hawkins' three named streamers, a ginger fly that reads as a small sculpin or crayfish. Its size makes it the summer and low-water choice on the Boardman and Upper Manistee, following Galloup's 'when in doubt, go small' rule.",draft
little-rascal,,,,,,,,,#6,,Ginger,little-rascal-s6-ginger,2,shopify,0,continue,manual,6.50,TRUE,TRUE,,,
muddler-minnow,Muddler Minnow,"<p>The deer-hair-head sculpin archetype that every Michigan articulated streamer descends from. Slimy and mottled sculpins are the most available forage in Michigan trout streams (about 90 percent of prey in the Anna River), so a #4 to #8 Muddler fished dead-drift and stripped along the bottom works year-round; small Muddlers #8 to #12 serve brook trout, and a weighted #8 takes pink salmon.</p><p><strong>Fish it for:</strong> Brown trout, Brook trout, Rainbow trout (resident), Pink salmon, Steelhead</p><p>Hand-tied in Michigan for Michigan rivers. See when and where to fish it at michiganflies.com/flies/muddler-minnow.</p>",Michigan Flies,Sporting Goods > Outdoor Recreation > Fishing > Fishing Tackle > Fishing Baits & Lures,Streamer,"Streamer, Brown trout, Brook trout, Rainbow trout (resident), Pink salmon, Steelhead, streamer, swing-spey, sculpin, dace, grasshopper, evidence-A",TRUE,Size,#2,Color,Natural,muddler-minnow-s2-natural,2,shopify,0,continue,manual,6.50,TRUE,TRUE,Muddler Minnow · hand-tied for Michigan rivers,"The deer-hair-head sculpin archetype that every Michigan articulated streamer descends from. Slimy and mottled sculpins are the most available forage in Michigan trout streams (about 90 percent of prey in the Anna River), so a #4 to #8 Muddler fished dead-drift and stripped along the bottom works ye",draft
muddler-minnow,,,,,,,,,#2,,Black,muddler-minnow-s2-black,2,shopify,0,continue,manual,6.50,TRUE,TRUE,,,
muddler-minnow,,,,,,,,,#2,,White,muddler-minnow-s2-white,2,shopify,0,continue,manual,6.50,TRUE,TRUE,,,
muddler-minnow,,,,,,,,,#2,,Marabou Muddler,muddler-minnow-s2-marabou-muddler,2,shopify,0,continue,manual,6.50,TRUE,TRUE,,,
muddler-minnow,,,,,,,,,#4,,Natural,muddler-minnow-s4-natural,2,shopify,0,continue,manual,6.50,TRUE,TRUE,,,
muddler-minnow,,,,,,,,,#4,,Black,muddler-minnow-s4-black,2,shopify,0,continue,manual,6.50,TRUE,TRUE,,,
muddler-minnow,,,,,,,,,#4,,White,muddler-minnow-s4-white,2,shopify,0,continue,manual,6.50,TRUE,TRUE,,,
muddler-minnow,,,,,,,,,#4,,Marabou Muddler,muddler-minnow-s4-marabou-muddler,2,shopify,0,continue,manual,6.50,TRUE,TRUE,,,
muddler-minnow,,,,,,,,,#6,,Natural,muddler-minnow-s6-natural,2,shopify,0,continue,manual,6.50,TRUE,TRUE,,,
muddler-minnow,,,,,,,,,#6,,Black,muddler-minnow-s6-black,2,shopify,0,continue,manual,6.50,TRUE,TRUE,,,
muddler-minnow,,,,,,,,,#6,,White,muddler-minnow-s6-white,2,shopify,0,continue,manual,6.50,TRUE,TRUE,,,
muddler-minnow,,,,,,,,,#6,,Marabou Muddler,muddler-minnow-s6-marabou-muddler,2,shopify,0,continue,manual,6.50,TRUE,TRUE,,,
muddler-minnow,,,,,,,,,#8,,Natural,muddler-minnow-s8-natural,2,shopify,0,continue,manual,6.50,TRUE,TRUE,,,
muddler-minnow,,,,,,,,,#8,,Black,muddler-minnow-s8-black,2,shopify,0,continue,manual,6.50,TRUE,TRUE,,,
muddler-minnow,,,,,,,,,#8,,White,muddler-minnow-s8-white,2,shopify,0,continue,manual,6.50,TRUE,TRUE,,,
muddler-minnow,,,,,,,,,#8,,Marabou Muddler,muddler-minnow-s8-marabou-muddler,2,shopify,0,continue,manual,6.50,TRUE,TRUE,,,
muddler-minnow,,,,,,,,,#10,,Natural,muddler-minnow-s10-natural,2,shopify,0,continue,manual,6.50,TRUE,TRUE,,,
muddler-minnow,,,,,,,,,#10,,Black,muddler-minnow-s10-black,2,shopify,0,continue,manual,6.50,TRUE,TRUE,,,
muddler-minnow,,,,,,,,,#10,,White,muddler-minnow-s10-white,2,shopify,0,continue,manual,6.50,TRUE,TRUE,,,
muddler-minnow,,,,,,,,,#10,,Marabou Muddler,muddler-minnow-s10-marabou-muddler,2,shopify,0,continue,manual,6.50,TRUE,TRUE,,,
muddler-minnow,,,,,,,,,#12,,Natural,muddler-minnow-s12-natural,2,shopify,0,continue,manual,6.50,TRUE,TRUE,,,
muddler-minnow,,,,,,,,,#12,,Black,muddler-minnow-s12-black,2,shopify,0,continue,manual,6.50,TRUE,TRUE,,,
muddler-minnow,,,,,,,,,#12,,White,muddler-minnow-s12-white,2,shopify,0,continue,manual,6.50,TRUE,TRUE,,,
muddler-minnow,,,,,,,,,#12,,Marabou Muddler,muddler-minnow-s12-marabou-muddler,2,shopify,0,continue,manual,6.50,TRUE,TRUE,,,
nutcracker,Nutcracker,"<p>Chuck Hawkins' natural-colored streamer, one of three he names for northern Michigan's 'big, difficult trout' where 'streamer fishing is a staple.' Fish it in clear water on the Upper Manistee and Boardman in spring and fall when a subdued fly moves more fish than a bright one.</p><p><strong>Fish it for:</strong> Brown trout, Rainbow trout (resident)</p><p><em>Chuck Hawkins, Hawkins Outfitters, Traverse City</em></p><p>Hand-tied in Michigan for Michigan rivers. See when and where to fish it at michiganflies.com/flies/nutcracker.</p>",Michigan Flies,Sporting Goods > Outdoor Recreation > Fishing > Fishing Tackle > Fishing Baits & Lures,Streamer,"Streamer, Brown trout, Rainbow trout (resident), streamer, sculpin, dace, evidence-A",TRUE,Size,#2,Color,Natural,nutcracker-s2-natural,2,shopify,0,continue,manual,6.50,TRUE,TRUE,Nutcracker · hand-tied for Michigan rivers,"Chuck Hawkins' natural-colored streamer, one of three he names for northern Michigan's 'big, difficult trout' where 'streamer fishing is a staple.' Fish it in clear water on the Upper Manistee and Boardman in spring and fall when a subdued fly moves more fish than a bright one.",draft
nutcracker,,,,,,,,,#4,,Natural,nutcracker-s4-natural,2,shopify,0,continue,manual,6.50,TRUE,TRUE,,,
nutcracker,,,,,,,,,#6,,Natural,nutcracker-s6-natural,2,shopify,0,continue,manual,6.50,TRUE,TRUE,,,
parr-none,Parr None,"<p>One of Chuck Hawkins' top ten Michigan flies, a parr imitation that is 'great for early spring in the Midwest' on any river with a migration of salmon parr, for steelhead, brown trout and salmon. Anna River browns selected stocked coho smolts over sculpins in May, so fish it March through June on the Muskegon, Manistee, PM and Betsie.</p><p><strong>Fish it for:</strong> Steelhead, Brown trout, Chinook salmon, Coho salmon</p><p>Hand-tied in Michigan for Michigan rivers. See when and where to fish it at michiganflies.com/flies/parr-none.</p>",Michigan Flies,Sporting Goods > Outdoor Recreation > Fishing > Fishing Tackle > Fishing Baits & Lures,Streamer,"Streamer, Steelhead, Brown trout, Chinook salmon, Coho salmon, streamer, swing-spey, nymph-indicator, salmonid-parr, coho-smolt, salmon-fry, evidence-A",TRUE,Size,#4,Color,Parr-marked olive/silver,parr-none-s4-parr-marked-olive-silver,2,shopify,0,continue,manual,6.50,TRUE,TRUE,Parr None · hand-tied for Michigan rivers,"One of Chuck Hawkins' top ten Michigan flies, a parr imitation that is 'great for early spring in the Midwest' on any river with a migration of salmon parr, for steelhead, brown trout and salmon. Anna River browns selected stocked coho smolts over sculpins in May, so fish it March through June on th",draft
parr-none,,,,,,,,,#6,,Parr-marked olive/silver,parr-none-s6-parr-marked-olive-silver,2,shopify,0,continue,manual,6.50,TRUE,TRUE,,,
parr-none,,,,,,,,,#8,,Parr-marked olive/silver,parr-none-s8-parr-marked-olive-silver,2,shopify,0,continue,manual,6.50,TRUE,TRUE,,,
rabbit-strip-leech,Rabbit Strip Leech,"<p>Current Works fishes Rabbit Strip Leeches on sink tips with 9 to 10 weight rods for fresh salmon in the lower Betsie and Manistee, and MidCurrent lists bunny leeches with hot-spot heads #2 to #6 for aggressive steelhead. Strip or swing it through the first holding water above the lake from late August through October.</p><p><strong>Fish it for:</strong> Chinook salmon, Coho salmon, Steelhead</p><p>Hand-tied in Michigan for Michigan rivers. See when and where to fish it at michiganflies.com/flies/rabbit-strip-leech.</p>",Michigan Flies,Sporting Goods > Outdoor Recreation > Fishing > Fishing Tackle > Fishing Baits & Lures,Streamer,"Streamer, Chinook salmon, Coho salmon, Steelhead, streamer, swing-spey, leech, sculpin, evidence-A",TRUE,Size,#2,Color,Black,rabbit-strip-leech-s2-black,2,shopify,0,continue,manual,6.50,TRUE,TRUE,Rabbit Strip Leech · hand-tied for Michigan rivers,"Current Works fishes Rabbit Strip Leeches on sink tips with 9 to 10 weight rods for fresh salmon in the lower Betsie and Manistee, and MidCurrent lists bunny leeches with hot-spot heads #2 to #6 for aggressive steelhead. Strip or swing it through the first holding water above the lake from late Augu",draft
rabbit-strip-leech,,,,,,,,,#2,,Purple,rabbit-strip-leech-s2-purple,2,shopify,0,continue,manual,6.50,TRUE,TRUE,,,
rabbit-strip-leech,,,,,,,,,#2,,Olive,rabbit-strip-leech-s2-olive,2,shopify,0,continue,manual,6.50,TRUE,TRUE,,,
rabbit-strip-leech,,,,,,,,,#2,,Black with hot-spot head,rabbit-strip-leech-s2-black-with-hot-spot-head,2,shopify,0,continue,manual,6.50,TRUE,TRUE,,,
rabbit-strip-leech,,,,,,,,,#4,,Black,rabbit-strip-leech-s4-black,2,shopify,0,continue,manual,6.50,TRUE,TRUE,,,
rabbit-strip-leech,,,,,,,,,#4,,Purple,rabbit-strip-leech-s4-purple,2,shopify,0,continue,manual,6.50,TRUE,TRUE,,,
rabbit-strip-leech,,,,,,,,,#4,,Olive,rabbit-strip-leech-s4-olive,2,shopify,0,continue,manual,6.50,TRUE,TRUE,,,
rabbit-strip-leech,,,,,,,,,#4,,Black with hot-spot head,rabbit-strip-leech-s4-black-with-hot-spot-head,2,shopify,0,continue,manual,6.50,TRUE,TRUE,,,
rabbit-strip-leech,,,,,,,,,#6,,Black,rabbit-strip-leech-s6-black,2,shopify,0,continue,manual,6.50,TRUE,TRUE,,,
rabbit-strip-leech,,,,,,,,,#6,,Purple,rabbit-strip-leech-s6-purple,2,shopify,0,continue,manual,6.50,TRUE,TRUE,,,
rabbit-strip-leech,,,,,,,,,#6,,Olive,rabbit-strip-leech-s6-olive,2,shopify,0,continue,manual,6.50,TRUE,TRUE,,,
rabbit-strip-leech,,,,,,,,,#6,,Black with hot-spot head,rabbit-strip-leech-s6-black-with-hot-spot-head,2,shopify,0,continue,manual,6.50,TRUE,TRUE,,,
chinook-fry-streamer,Salmon Fry Streamer,"<p>Betts reports large trout and steelhead 'feeding heavily on Chinook salmon fry along the shoreline' of the Muskegon from March into June, when salmon fry, steelhead fry and sucker fry are the bulk of the trout diet. Feenstra adds that sucker fry have a purplish hue, so lavender and pink tones work. Strip or swing a #8 to #12 fry along shallow edges.</p><p><strong>Fish it for:</strong> Steelhead, Brown trout, Rainbow trout (resident)</p><p>Hand-tied in Michigan for Michigan rivers. See when and where to fish it at michiganflies.com/flies/chinook-fry-streamer.</p>",Michigan Flies,Sporting Goods > Outdoor Recreation > Fishing > Fishing Tackle > Fishing Baits & Lures,Streamer,"Streamer, Steelhead, Brown trout, Rainbow trout (resident), streamer, nymph-indicator, swing-spey, salmon-fry, salmonid-parr, evidence-A",TRUE,Size,#8,Color,Silver/olive,chinook-fry-streamer-s8-silver-olive,2,shopify,0,continue,manual,6.50,TRUE,TRUE,Salmon Fry Streamer · hand-tied for Michigan rivers,"Betts reports large trout and steelhead 'feeding heavily on Chinook salmon fry along the shoreline' of the Muskegon from March into June, when salmon fry, steelhead fry and sucker fry are the bulk of the trout diet. Feenstra adds that sucker fry have a purplish hue, so lavender and pink tones work. ",draft
chinook-fry-streamer,,,,,,,,,#8,,Lavender/pink (sucker fry),chinook-fry-streamer-s8-lavender-pink-sucker-fry,2,shopify,0,continue,manual,6.50,TRUE,TRUE,,,
chinook-fry-streamer,,,,,,,,,#10,,Silver/olive,chinook-fry-streamer-s10-silver-olive,2,shopify,0,continue,manual,6.50,TRUE,TRUE,,,
chinook-fry-streamer,,,,,,,,,#10,,Lavender/pink (sucker fry),chinook-fry-streamer-s10-lavender-pink-sucker-fry,2,shopify,0,continue,manual,6.50,TRUE,TRUE,,,
chinook-fry-streamer,,,,,,,,,#12,,Silver/olive,chinook-fry-streamer-s12-silver-olive,2,shopify,0,continue,manual,6.50,TRUE,TRUE,,,
chinook-fry-streamer,,,,,,,,,#12,,Lavender/pink (sucker fry),chinook-fry-streamer-s12-lavender-pink-sucker-fry,2,shopify,0,continue,manual,6.50,TRUE,TRUE,,,
double-deceiver,Schmidt's Double Deceiver,"<p>A sleek, neutrally buoyant articulated baitfish with a small amount of flash, MeatEater's pick for low, clear fall water when big browns want a natural profile rather than a heavy head. Fish it with a slow, erratic retrieve on a floating or intermediate line in October and November and again in clear April flows.</p><p><strong>Fish it for:</strong> Brown trout, Rainbow trout (resident), Steelhead</p><p><em>Mike Schmidt, Michigan</em></p><p>Hand-tied in Michigan for Michigan rivers. See when and where to fish it at michiganflies.com/flies/double-deceiver.</p>",Michigan Flies,Sporting Goods > Outdoor Recreation > Fishing > Fishing Tackle > Fishing Baits & Lures,Streamer,"Streamer, Brown trout, Rainbow trout (resident), Steelhead, streamer, dace, emerald-shiner, salmonid-parr, smelt, evidence-A",TRUE,Size,#1,Color,Olive/white,double-deceiver-s1-olive-white,2,shopify,0,continue,manual,6.50,TRUE,TRUE,Schmidt's Double Deceiver · hand-tied for Michigan rivers,"A sleek, neutrally buoyant articulated baitfish with a small amount of flash, MeatEater's pick for low, clear fall water when big browns want a natural profile rather than a heavy head. Fish it with a slow, erratic retrieve on a floating or intermediate line in October and November and again in clea",draft
double-deceiver,,,,,,,,,#1,,Gray/white,double-deceiver-s1-gray-white,2,shopify,0,continue,manual,6.50,TRUE,TRUE,,,
double-deceiver,,,,,,,,,#1,,Yellow,double-deceiver-s1-yellow,2,shopify,0,continue,manual,6.50,TRUE,TRUE,,,
double-deceiver,,,,,,,,,#1,,Black,double-deceiver-s1-black,2,shopify,0,continue,manual,6.50,TRUE,TRUE,,,
double-deceiver,,,,,,,,,#2,,Olive/white,double-deceiver-s2-olive-white,2,shopify,0,continue,manual,6.50,TRUE,TRUE,,,
double-deceiver,,,,,,,,,#2,,Gray/white,double-deceiver-s2-gray-white,2,shopify,0,continue,manual,6.50,TRUE,TRUE,,,
double-deceiver,,,,,,,,,#2,,Yellow,double-deceiver-s2-yellow,2,shopify,0,continue,manual,6.50,TRUE,TRUE,,,
double-deceiver,,,,,,,,,#2,,Black,double-deceiver-s2-black,2,shopify,0,continue,manual,6.50,TRUE,TRUE,,,
double-deceiver,,,,,,,,,#4,,Olive/white,double-deceiver-s4-olive-white,2,shopify,0,continue,manual,6.50,TRUE,TRUE,,,
double-deceiver,,,,,,,,,#4,,Gray/white,double-deceiver-s4-gray-white,2,shopify,0,continue,manual,6.50,TRUE,TRUE,,,
double-deceiver,,,,,,,,,#4,,Yellow,double-deceiver-s4-yellow,2,shopify,0,continue,manual,6.50,TRUE,TRUE,,,
double-deceiver,,,,,,,,,#4,,Black,double-deceiver-s4-black,2,shopify,0,continue,manual,6.50,TRUE,TRUE,,,
sex-dungeon,Sex Dungeon,"<p>Galloup's heavy-headed articulated streamer: natural 'mimics everything from sculpins to juvenile trout and chub minnows' and is the go-to in clear or pressured water, olive suits clear to slightly stained flows, and Crawdad Orange is for off-color or stained water. Fish four to six inch versions with a heavy tip in spring runoff and again in October and November; MeatEater lists it for average fall flows.</p><p><strong>Fish it for:</strong> Brown trout, Rainbow trout (resident), Steelhead</p><p><em>Kelly Galloup</em></p><p>Hand-tied in Michigan for Michigan rivers. See when and where to fish it at michiganflies.com/flies/sex-dungeon.</p>",Michigan Flies,Sporting Goods > Outdoor Recreation > Fishing > Fishing Tackle > Fishing Baits & Lures,Streamer,"Streamer, Brown trout, Rainbow trout (resident), Steelhead, streamer, sculpin, salmonid-parr, dace, crayfish, evidence-A",TRUE,Size,#2,Color,Natural,sex-dungeon-s2-natural,2,shopify,0,continue,manual,9.50,TRUE,TRUE,Sex Dungeon · hand-tied for Michigan rivers,"Galloup's heavy-headed articulated streamer: natural 'mimics everything from sculpins to juvenile trout and chub minnows' and is the go-to in clear or pressured water, olive suits clear to slightly stained flows, and Crawdad Orange is for off-color or stained water. Fish four to six inch versions wi",draft
sex-dungeon,,,,,,,,,#2,,Olive,sex-dungeon-s2-olive,2,shopify,0,continue,manual,9.50,TRUE,TRUE,,,
sex-dungeon,,,,,,,,,#2,,Black,sex-dungeon-s2-black,2,shopify,0,continue,manual,9.50,TRUE,TRUE,,,
sex-dungeon,,,,,,,,,#2,,White,sex-dungeon-s2-white,2,shopify,0,continue,manual,9.50,TRUE,TRUE,,,
sex-dungeon,,,,,,,,,#2,,Yellow,sex-dungeon-s2-yellow,2,shopify,0,continue,manual,9.50,TRUE,TRUE,,,
sex-dungeon,,,,,,,,,#2,,Crawdad Orange,sex-dungeon-s2-crawdad-orange,2,shopify,0,continue,manual,9.50,TRUE,TRUE,,,
sex-dungeon,,,,,,,,,#4,,Natural,sex-dungeon-s4-natural,2,shopify,0,continue,manual,9.50,TRUE,TRUE,,,
sex-dungeon,,,,,,,,,#4,,Olive,sex-dungeon-s4-olive,2,shopify,0,continue,manual,9.50,TRUE,TRUE,,,
sex-dungeon,,,,,,,,,#4,,Black,sex-dungeon-s4-black,2,shopify,0,continue,manual,9.50,TRUE,TRUE,,,
sex-dungeon,,,,,,,,,#4,,White,sex-dungeon-s4-white,2,shopify,0,continue,manual,9.50,TRUE,TRUE,,,
sex-dungeon,,,,,,,,,#4,,Yellow,sex-dungeon-s4-yellow,2,shopify,0,continue,manual,9.50,TRUE,TRUE,,,
sex-dungeon,,,,,,,,,#4,,Crawdad Orange,sex-dungeon-s4-crawdad-orange,2,shopify,0,continue,manual,9.50,TRUE,TRUE,,,
sex-dungeon,,,,,,,,,#6,,Natural,sex-dungeon-s6-natural,2,shopify,0,continue,manual,9.50,TRUE,TRUE,,,
sex-dungeon,,,,,,,,,#6,,Olive,sex-dungeon-s6-olive,2,shopify,0,continue,manual,9.50,TRUE,TRUE,,,
sex-dungeon,,,,,,,,,#6,,Black,sex-dungeon-s6-black,2,shopify,0,continue,manual,9.50,TRUE,TRUE,,,
sex-dungeon,,,,,,,,,#6,,White,sex-dungeon-s6-white,2,shopify,0,continue,manual,9.50,TRUE,TRUE,,,
sex-dungeon,,,,,,,,,#6,,Yellow,sex-dungeon-s6-yellow,2,shopify,0,continue,manual,9.50,TRUE,TRUE,,,
sex-dungeon,,,,,,,,,#6,,Crawdad Orange,sex-dungeon-s6-crawdad-orange,2,shopify,0,continue,manual,9.50,TRUE,TRUE,,,
st-marys-smelt-streamer,St. Marys Smelt Streamer,"<p>Atlantic salmon arrive in the St. Marys tailrace in late June eating smelt and juvenile salmonids, and 'stripping large baitfish imitation patterns on sink tips can provide for some exciting strikes' until the Hex hatch in mid July switches them to insects. A three to five inch white and silver baitfish also takes lower Au Sable Atlantics below Foote Dam on streamers through the winter.</p><p><strong>Fish it for:</strong> Atlantic salmon, Steelhead, Brown trout</p><p>Hand-tied in Michigan for Michigan rivers. See when and where to fish it at michiganflies.com/flies/st-marys-smelt-streamer.</p>",Michigan Flies,Sporting Goods > Outdoor Recreation > Fishing > Fishing Tackle > Fishing Baits & Lures,Streamer,"Streamer, Atlantic salmon, Steelhead, Brown trout, streamer, swing-spey, smelt, coho-smolt, salmonid-parr, alewife, evidence-A",TRUE,Size,#1,Color,White/silver,st-marys-smelt-streamer-s1-white-silver,2,shopify,0,continue,manual,6.50,TRUE,TRUE,St. Marys Smelt Streamer · hand-tied for Michigan rivers,"Atlantic salmon arrive in the St. Marys tailrace in late June eating smelt and juvenile salmonids, and 'stripping large baitfish imitation patterns on sink tips can provide for some exciting strikes' until the Hex hatch in mid July switches them to insects. A three to five inch white and silver bait",draft
st-marys-smelt-streamer,,,,,,,,,#1,,Pearl with olive back,st-marys-smelt-streamer-s1-pearl-with-olive-back,2,shopify,0,continue,manual,6.50,TRUE,TRUE,,,
st-marys-smelt-streamer,,,,,,,,,#1,,Gray/white,st-marys-smelt-streamer-s1-gray-white,2,shopify,0,continue,manual,6.50,TRUE,TRUE,,,
st-marys-smelt-streamer,,,,,,,,,#2,,White/silver,st-marys-smelt-streamer-s2-white-silver,2,shopify,0,continue,manual,6.50,TRUE,TRUE,,,
st-marys-smelt-streamer,,,,,,,,,#2,,Pearl with olive back,st-marys-smelt-streamer-s2-pearl-with-olive-back,2,shopify,0,continue,manual,6.50,TRUE,TRUE,,,
st-marys-smelt-streamer,,,,,,,,,#2,,Gray/white,st-marys-smelt-streamer-s2-gray-white,2,shopify,0,continue,manual,6.50,TRUE,TRUE,,,
st-marys-smelt-streamer,,,,,,,,,#4,,White/silver,st-marys-smelt-streamer-s4-white-silver,2,shopify,0,continue,manual,6.50,TRUE,TRUE,,,
st-marys-smelt-streamer,,,,,,,,,#4,,Pearl with olive back,st-marys-smelt-streamer-s4-pearl-with-olive-back,2,shopify,0,continue,manual,6.50,TRUE,TRUE,,,
st-marys-smelt-streamer,,,,,,,,,#4,,Gray/white,st-marys-smelt-streamer-s4-gray-white,2,shopify,0,continue,manual,6.50,TRUE,TRUE,,,
steelhead-bugger,Steelhead Bugger,"<p>Current Works' Steelhead Bugger #6 sits in its Michigan top five, and U.P. guides run a beadhead Woolly Bugger #8 in black or green in the nymph rig. Dead-drift it as the point fly with an egg trailing, or swing it through tailouts; it covers leeches, sculpins and crayfish at once.</p><p><strong>Fish it for:</strong> Steelhead, Brown trout, Chinook salmon, Coho salmon</p><p>Hand-tied in Michigan for Michigan rivers. See when and where to fish it at michiganflies.com/flies/steelhead-bugger.</p>",Michigan Flies,Sporting Goods > Outdoor Recreation > Fishing > Fishing Tackle > Fishing Baits & Lures,Streamer,"Streamer, Steelhead, Brown trout, Chinook salmon, Coho salmon, nymph-indicator, chuck-and-duck, swing-spey, leech, sculpin, crayfish, evidence-A",TRUE,Size,#4,Color,Black,steelhead-bugger-s4-black,2,shopify,0,continue,manual,6.50,TRUE,TRUE,Steelhead Bugger · hand-tied for Michigan rivers,"Current Works' Steelhead Bugger #6 sits in its Michigan top five, and U.P. guides run a beadhead Woolly Bugger #8 in black or green in the nymph rig. Dead-drift it as the point fly with an egg trailing, or swing it through tailouts; it covers leeches, sculpins and crayfish at once.",draft
steelhead-bugger,,,,,,,,,#4,,Olive,steelhead-bugger-s4-olive,2,shopify,0,continue,manual,6.50,TRUE,TRUE,,,
steelhead-bugger,,,,,,,,,#4,,Brown,steelhead-bugger-s4-brown,2,shopify,0,continue,manual,6.50,TRUE,TRUE,,,
steelhead-bugger,,,,,,,,,#4,,Black/green,steelhead-bugger-s4-black-green,2,shopify,0,continue,manual,6.50,TRUE,TRUE,,,
steelhead-bugger,,,,,,,,,#6,,Black,steelhead-bugger-s6-black,2,shopify,0,continue,manual,6.50,TRUE,TRUE,,,
steelhead-bugger,,,,,,,,,#6,,Olive,steelhead-bugger-s6-olive,2,shopify,0,continue,manual,6.50,TRUE,TRUE,,,
steelhead-bugger,,,,,,,,,#6,,Brown,steelhead-bugger-s6-brown,2,shopify,0,continue,manual,6.50,TRUE,TRUE,,,
steelhead-bugger,,,,,,,,,#6,,Black/green,steelhead-bugger-s6-black-green,2,shopify,0,continue,manual,6.50,TRUE,TRUE,,,
steelhead-bugger,,,,,,,,,#8,,Black,steelhead-bugger-s8-black,2,shopify,0,continue,manual,6.50,TRUE,TRUE,,,
steelhead-bugger,,,,,,,,,#8,,Olive,steelhead-bugger-s8-olive,2,shopify,0,continue,manual,6.50,TRUE,TRUE,,,
steelhead-bugger,,,,,,,,,#8,,Brown,steelhead-bugger-s8-brown,2,shopify,0,continue,manual,6.50,TRUE,TRUE,,,
steelhead-bugger,,,,,,,,,#8,,Black/green,steelhead-bugger-s8-black-green,2,shopify,0,continue,manual,6.50,TRUE,TRUE,,,
white-zonker,White Zonker,"<p>U.P. steelhead guides add white Zonkers and White Deaths #8 to the spring rig when smelt and shiners are in the lower rivers. Dead-drift it under an indicator or swing it through runs from April into June on Lake Superior tributaries and the St. Marys.</p><p><strong>Fish it for:</strong> Steelhead, Brown trout, Coho salmon, Atlantic salmon</p><p>Hand-tied in Michigan for Michigan rivers. See when and where to fish it at michiganflies.com/flies/white-zonker.</p>",Michigan Flies,Sporting Goods > Outdoor Recreation > Fishing > Fishing Tackle > Fishing Baits & Lures,Streamer,"Streamer, Steelhead, Brown trout, Coho salmon, Atlantic salmon, streamer, swing-spey, nymph-indicator, emerald-shiner, spottail-shiner, smelt, alewife, evidence-A",TRUE,Size,#4,Color,White,white-zonker-s4-white,2,shopify,0,continue,manual,6.50,TRUE,TRUE,White Zonker · hand-tied for Michigan rivers,U.P. steelhead guides add white Zonkers and White Deaths #8 to the spring rig when smelt and shiners are in the lower rivers. Dead-drift it under an indicator or swing it through runs from April into June on Lake Superior tributaries and the St. Marys.,draft
white-zonker,,,,,,,,,#4,,White/pearl (White Death),white-zonker-s4-white-pearl-white-death,2,shopify,0,continue,manual,6.50,TRUE,TRUE,,,
white-zonker,,,,,,,,,#6,,White,white-zonker-s6-white,2,shopify,0,continue,manual,6.50,TRUE,TRUE,,,
white-zonker,,,,,,,,,#6,,White/pearl (White Death),white-zonker-s6-white-pearl-white-death,2,shopify,0,continue,manual,6.50,TRUE,TRUE,,,
white-zonker,,,,,,,,,#8,,White,white-zonker-s8-white,2,shopify,0,continue,manual,6.50,TRUE,TRUE,,,
white-zonker,,,,,,,,,#8,,White/pearl (White Death),white-zonker-s8-white-pearl-white-death,2,shopify,0,continue,manual,6.50,TRUE,TRUE,,,
woolly-bugger,Woolly Bugger,"<p>The most-cited Michigan salmon fly: black, olive and purple buggers for Chinook and coho, 'essential' on the Pere Marquette, swung or dead-drifted into staged fish from September through October, especially in off-color water. A #8 beadhead in black, olive or pink is the standard pink salmon fly on the St. Marys and Carp in September, and #8 to #12 buggers serve brook trout and small browns all season. Downsize and slow down for trout, upsize and add a hot head for salmon.</p><p><strong>Fish it for:</strong> Chinook salmon, Coho salmon, Pink salmon, Steelhead, Brown trout, Rainbow trout (resident), Brook trout, Atlantic salmon</p><p>Hand-tied in Michigan for Michigan rivers. See when and where to fish it at michiganflies.com/flies/woolly-bugger.</p>",Michigan Flies,Sporting Goods > Outdoor Recreation > Fishing > Fishing Tackle > Fishing Baits & Lures,Streamer,"Streamer, Chinook salmon, Coho salmon, Pink salmon, Steelhead, Brown trout, Rainbow trout (resident), Brook trout, Atlantic salmon, streamer, swing-spey, nymph-indicator, chuck-and-duck, leech, sculpin, crayfish, dace, evidence-A",TRUE,Size,#2,Color,Black,woolly-bugger-s2-black,2,shopify,0,continue,manual,6.50,TRUE,TRUE,Woolly Bugger · hand-tied for Michigan rivers,"The most-cited Michigan salmon fly: black, olive and purple buggers for Chinook and coho, 'essential' on the Pere Marquette, swung or dead-drifted into staged fish from September through October, especially in off-color water. A #8 beadhead in black, olive or pink is the standard pink salmon fly on ",draft
woolly-bugger,,,,,,,,,#2,,Olive,woolly-bugger-s2-olive,2,shopify,0,continue,manual,6.50,TRUE,TRUE,,,
woolly-bugger,,,,,,,,,#2,,Purple,woolly-bugger-s2-purple,2,shopify,0,continue,manual,6.50,TRUE,TRUE,,,
woolly-bugger,,,,,,,,,#2,,Chartreuse,woolly-bugger-s2-chartreuse,2,shopify,0,continue,manual,6.50,TRUE,TRUE,,,
woolly-bugger,,,,,,,,,#2,,White,woolly-bugger-s2-white,2,shopify,0,continue,manual,6.50,TRUE,TRUE,,,
woolly-bugger,,,,,,,,,#2,,Brown/rust,woolly-bugger-s2-brown-rust,2,shopify,0,continue,manual,6.50,TRUE,TRUE,,,
woolly-bugger,,,,,,,,,#2,,Pink (pink salmon),woolly-bugger-s2-pink-pink-salmon,2,shopify,0,continue,manual,6.50,TRUE,TRUE,,,
woolly-bugger,,,,,,,,,#2,,Chartreuse UV Polar Chenille with black schlappen (PM salmon),woolly-bugger-s2-chartreuse-uv-polar-chenille-with-black-schlapp,2,shopify,0,continue,manual,6.50,TRUE,TRUE,,,
woolly-bugger,,,,,,,,,#4,,Black,woolly-bugger-s4-black,2,shopify,0,continue,manual,6.50,TRUE,TRUE,,,
woolly-bugger,,,,,,,,,#4,,Olive,woolly-bugger-s4-olive,2,shopify,0,continue,manual,6.50,TRUE,TRUE,,,
woolly-bugger,,,,,,,,,#4,,Purple,woolly-bugger-s4-purple,2,shopify,0,continue,manual,6.50,TRUE,TRUE,,,
woolly-bugger,,,,,,,,,#4,,Chartreuse,woolly-bugger-s4-chartreuse,2,shopify,0,continue,manual,6.50,TRUE,TRUE,,,
woolly-bugger,,,,,,,,,#4,,White,woolly-bugger-s4-white,2,shopify,0,continue,manual,6.50,TRUE,TRUE,,,
woolly-bugger,,,,,,,,,#4,,Brown/rust,woolly-bugger-s4-brown-rust,2,shopify,0,continue,manual,6.50,TRUE,TRUE,,,
woolly-bugger,,,,,,,,,#4,,Pink (pink salmon),woolly-bugger-s4-pink-pink-salmon,2,shopify,0,continue,manual,6.50,TRUE,TRUE,,,
woolly-bugger,,,,,,,,,#4,,Chartreuse UV Polar Chenille with black schlappen (PM salmon),woolly-bugger-s4-chartreuse-uv-polar-chenille-with-black-schlapp,2,shopify,0,continue,manual,6.50,TRUE,TRUE,,,
woolly-bugger,,,,,,,,,#6,,Black,woolly-bugger-s6-black,2,shopify,0,continue,manual,6.50,TRUE,TRUE,,,
woolly-bugger,,,,,,,,,#6,,Olive,woolly-bugger-s6-olive,2,shopify,0,continue,manual,6.50,TRUE,TRUE,,,
woolly-bugger,,,,,,,,,#6,,Purple,woolly-bugger-s6-purple,2,shopify,0,continue,manual,6.50,TRUE,TRUE,,,
woolly-bugger,,,,,,,,,#6,,Chartreuse,woolly-bugger-s6-chartreuse,2,shopify,0,continue,manual,6.50,TRUE,TRUE,,,
woolly-bugger,,,,,,,,,#6,,White,woolly-bugger-s6-white,2,shopify,0,continue,manual,6.50,TRUE,TRUE,,,
woolly-bugger,,,,,,,,,#6,,Brown/rust,woolly-bugger-s6-brown-rust,2,shopify,0,continue,manual,6.50,TRUE,TRUE,,,
woolly-bugger,,,,,,,,,#6,,Pink (pink salmon),woolly-bugger-s6-pink-pink-salmon,2,shopify,0,continue,manual,6.50,TRUE,TRUE,,,
woolly-bugger,,,,,,,,,#6,,Chartreuse UV Polar Chenille with black schlappen (PM salmon),woolly-bugger-s6-chartreuse-uv-polar-chenille-with-black-schlapp,2,shopify,0,continue,manual,6.50,TRUE,TRUE,,,
woolly-bugger,,,,,,,,,#8,,Black,woolly-bugger-s8-black,2,shopify,0,continue,manual,6.50,TRUE,TRUE,,,
woolly-bugger,,,,,,,,,#8,,Olive,woolly-bugger-s8-olive,2,shopify,0,continue,manual,6.50,TRUE,TRUE,,,
woolly-bugger,,,,,,,,,#8,,Purple,woolly-bugger-s8-purple,2,shopify,0,continue,manual,6.50,TRUE,TRUE,,,
woolly-bugger,,,,,,,,,#8,,Chartreuse,woolly-bugger-s8-chartreuse,2,shopify,0,continue,manual,6.50,TRUE,TRUE,,,
woolly-bugger,,,,,,,,,#8,,White,woolly-bugger-s8-white,2,shopify,0,continue,manual,6.50,TRUE,TRUE,,,
woolly-bugger,,,,,,,,,#8,,Brown/rust,woolly-bugger-s8-brown-rust,2,shopify,0,continue,manual,6.50,TRUE,TRUE,,,
woolly-bugger,,,,,,,,,#8,,Pink (pink salmon),woolly-bugger-s8-pink-pink-salmon,2,shopify,0,continue,manual,6.50,TRUE,TRUE,,,
woolly-bugger,,,,,,,,,#8,,Chartreuse UV Polar Chenille with black schlappen (PM salmon),woolly-bugger-s8-chartreuse-uv-polar-chenille-with-black-schlapp,2,shopify,0,continue,manual,6.50,TRUE,TRUE,,,
woolly-bugger,,,,,,,,,#10,,Black,woolly-bugger-s10-black,2,shopify,0,continue,manual,6.50,TRUE,TRUE,,,
woolly-bugger,,,,,,,,,#10,,Olive,woolly-bugger-s10-olive,2,shopify,0,continue,manual,6.50,TRUE,TRUE,,,
woolly-bugger,,,,,,,,,#10,,Purple,woolly-bugger-s10-purple,2,shopify,0,continue,manual,6.50,TRUE,TRUE,,,
woolly-bugger,,,,,,,,,#10,,Chartreuse,woolly-bugger-s10-chartreuse,2,shopify,0,continue,manual,6.50,TRUE,TRUE,,,
woolly-bugger,,,,,,,,,#10,,White,woolly-bugger-s10-white,2,shopify,0,continue,manual,6.50,TRUE,TRUE,,,
woolly-bugger,,,,,,,,,#10,,Brown/rust,woolly-bugger-s10-brown-rust,2,shopify,0,continue,manual,6.50,TRUE,TRUE,,,
woolly-bugger,,,,,,,,,#10,,Pink (pink salmon),woolly-bugger-s10-pink-pink-salmon,2,shopify,0,continue,manual,6.50,TRUE,TRUE,,,
woolly-bugger,,,,,,,,,#10,,Chartreuse UV Polar Chenille with black schlappen (PM salmon),woolly-bugger-s10-chartreuse-uv-polar-chenille-with-black-schlap,2,shopify,0,continue,manual,6.50,TRUE,TRUE,,,
woolly-bugger,,,,,,,,,#12,,Black,woolly-bugger-s12-black,2,shopify,0,continue,manual,6.50,TRUE,TRUE,,,
woolly-bugger,,,,,,,,,#12,,Olive,woolly-bugger-s12-olive,2,shopify,0,continue,manual,6.50,TRUE,TRUE,,,
woolly-bugger,,,,,,,,,#12,,Purple,woolly-bugger-s12-purple,2,shopify,0,continue,manual,6.50,TRUE,TRUE,,,
woolly-bugger,,,,,,,,,#12,,Chartreuse,woolly-bugger-s12-chartreuse,2,shopify,0,continue,manual,6.50,TRUE,TRUE,,,
woolly-bugger,,,,,,,,,#12,,White,woolly-bugger-s12-white,2,shopify,0,continue,manual,6.50,TRUE,TRUE,,,
woolly-bugger,,,,,,,,,#12,,Brown/rust,woolly-bugger-s12-brown-rust,2,shopify,0,continue,manual,6.50,TRUE,TRUE,,,
woolly-bugger,,,,,,,,,#12,,Pink (pink salmon),woolly-bugger-s12-pink-pink-salmon,2,shopify,0,continue,manual,6.50,TRUE,TRUE,,,
woolly-bugger,,,,,,,,,#12,,Chartreuse UV Polar Chenille with black schlappen (PM salmon),woolly-bugger-s12-chartreuse-uv-polar-chenille-with-black-schlap,2,shopify,0,continue,manual,6.50,TRUE,TRUE,,,
woolly-sculpin,Woolly Sculpin,"<p>One of Galloup's early Manistee patterns alongside the Zoo Cougar, a heavier bottom-hugging sculpin for the deeper runs. Fish it on a full sink or heavy tip with short rod-animated strips through log jams in spring and fall, and slow in winter on the extended-season Manistee and Boardman.</p><p><strong>Fish it for:</strong> Brown trout, Rainbow trout (resident), Steelhead</p><p><em>Kelly Galloup, Manistee River</em></p><p>Hand-tied in Michigan for Michigan rivers. See when and where to fish it at michiganflies.com/flies/woolly-sculpin.</p>",Michigan Flies,Sporting Goods > Outdoor Recreation > Fishing > Fishing Tackle > Fishing Baits & Lures,Streamer,"Streamer, Brown trout, Rainbow trout (resident), Steelhead, streamer, sculpin, evidence-A",TRUE,Size,#2,Color,Olive,woolly-sculpin-s2-olive,2,shopify,0,continue,manual,6.50,TRUE,TRUE,Woolly Sculpin · hand-tied for Michigan rivers,"One of Galloup's early Manistee patterns alongside the Zoo Cougar, a heavier bottom-hugging sculpin for the deeper runs. Fish it on a full sink or heavy tip with short rod-animated strips through log jams in spring and fall, and slow in winter on the extended-season Manistee and Boardman.",draft
woolly-sculpin,,,,,,,,,#2,,Black,woolly-sculpin-s2-black,2,shopify,0,continue,manual,6.50,TRUE,TRUE,,,
woolly-sculpin,,,,,,,,,#2,,Tan,woolly-sculpin-s2-tan,2,shopify,0,continue,manual,6.50,TRUE,TRUE,,,
woolly-sculpin,,,,,,,,,#2,,White,woolly-sculpin-s2-white,2,shopify,0,continue,manual,6.50,TRUE,TRUE,,,
woolly-sculpin,,,,,,,,,#4,,Olive,woolly-sculpin-s4-olive,2,shopify,0,continue,manual,6.50,TRUE,TRUE,,,
woolly-sculpin,,,,,,,,,#4,,Black,woolly-sculpin-s4-black,2,shopify,0,continue,manual,6.50,TRUE,TRUE,,,
woolly-sculpin,,,,,,,,,#4,,Tan,woolly-sculpin-s4-tan,2,shopify,0,continue,manual,6.50,TRUE,TRUE,,,
woolly-sculpin,,,,,,,,,#4,,White,woolly-sculpin-s4-white,2,shopify,0,continue,manual,6.50,TRUE,TRUE,,,
woolly-sculpin,,,,,,,,,#6,,Olive,woolly-sculpin-s6-olive,2,shopify,0,continue,manual,6.50,TRUE,TRUE,,,
woolly-sculpin,,,,,,,,,#6,,Black,woolly-sculpin-s6-black,2,shopify,0,continue,manual,6.50,TRUE,TRUE,,,
woolly-sculpin,,,,,,,,,#6,,Tan,woolly-sculpin-s6-tan,2,shopify,0,continue,manual,6.50,TRUE,TRUE,,,
woolly-sculpin,,,,,,,,,#6,,White,woolly-sculpin-s6-white,2,shopify,0,continue,manual,6.50,TRUE,TRUE,,,
zoo-cougar,Zoo Cougar,"<p>Developed by Kelly Galloup in the mid 1990s for the Manistee, a neutrally buoyant deer-hair sculpin that dives and darts on a sink tip. The original is a mellow sulphur yellow; Galloup's rotation runs white, black, tan, olive, yellow and chartreuse, with light colors on bright days, olive or gray under clouds and tan when the river 'turns yellow' in late afternoon. Fish #2 to #4 hardest in April and May and late September through November, and #6 through summer at dawn and dusk.</p><p><strong>Fish it for:</strong> Brown trout, Rainbow trout (resident), Brook trout, Steelhead</p><p><em>Kelly Galloup, Manistee River (Troutsman fly shop), mid-1990s</em></p><p>Hand-tied in Michigan for Michigan rivers. See when and where to fish it at michiganflies.com/flies/zoo-cougar.</p>",Michigan Flies,Sporting Goods > Outdoor Recreation > Fishing > Fishing Tackle > Fishing Baits & Lures,Streamer,"Streamer, Brown trout, Rainbow trout (resident), Brook trout, Steelhead, streamer, sculpin, salmonid-parr, dace, evidence-A",TRUE,Size,#1,Color,Yellow (original),zoo-cougar-s1-yellow-original,2,shopify,0,continue,manual,9.50,TRUE,TRUE,Zoo Cougar · hand-tied for Michigan rivers,"Developed by Kelly Galloup in the mid 1990s for the Manistee, a neutrally buoyant deer-hair sculpin that dives and darts on a sink tip. The original is a mellow sulphur yellow; Galloup's rotation runs white, black, tan, olive, yellow and chartreuse, with light colors on bright days, olive or gray un",draft
zoo-cougar,,,,,,,,,#1,,White,zoo-cougar-s1-white,2,shopify,0,continue,manual,9.50,TRUE,TRUE,,,
zoo-cougar,,,,,,,,,#1,,Black,zoo-cougar-s1-black,2,shopify,0,continue,manual,9.50,TRUE,TRUE,,,
zoo-cougar,,,,,,,,,#1,,Olive,zoo-cougar-s1-olive,2,shopify,0,continue,manual,9.50,TRUE,TRUE,,,
zoo-cougar,,,,,,,,,#1,,Tan,zoo-cougar-s1-tan,2,shopify,0,continue,manual,9.50,TRUE,TRUE,,,
zoo-cougar,,,,,,,,,#1,,Gray,zoo-cougar-s1-gray,2,shopify,0,continue,manual,9.50,TRUE,TRUE,,,
zoo-cougar,,,,,,,,,#1,,Golden brown,zoo-cougar-s1-golden-brown,2,shopify,0,continue,manual,9.50,TRUE,TRUE,,,
zoo-cougar,,,,,,,,,#2,,Yellow (original),zoo-cougar-s2-yellow-original,2,shopify,0,continue,manual,9.50,TRUE,TRUE,,,
zoo-cougar,,,,,,,,,#2,,White,zoo-cougar-s2-white,2,shopify,0,continue,manual,9.50,TRUE,TRUE,,,
zoo-cougar,,,,,,,,,#2,,Black,zoo-cougar-s2-black,2,shopify,0,continue,manual,9.50,TRUE,TRUE,,,
zoo-cougar,,,,,,,,,#2,,Olive,zoo-cougar-s2-olive,2,shopify,0,continue,manual,9.50,TRUE,TRUE,,,
zoo-cougar,,,,,,,,,#2,,Tan,zoo-cougar-s2-tan,2,shopify,0,continue,manual,9.50,TRUE,TRUE,,,
zoo-cougar,,,,,,,,,#2,,Gray,zoo-cougar-s2-gray,2,shopify,0,continue,manual,9.50,TRUE,TRUE,,,
zoo-cougar,,,,,,,,,#2,,Golden brown,zoo-cougar-s2-golden-brown,2,shopify,0,continue,manual,9.50,TRUE,TRUE,,,
zoo-cougar,,,,,,,,,#4,,Yellow (original),zoo-cougar-s4-yellow-original,2,shopify,0,continue,manual,9.50,TRUE,TRUE,,,
zoo-cougar,,,,,,,,,#4,,White,zoo-cougar-s4-white,2,shopify,0,continue,manual,9.50,TRUE,TRUE,,,
zoo-cougar,,,,,,,,,#4,,Black,zoo-cougar-s4-black,2,shopify,0,continue,manual,9.50,TRUE,TRUE,,,
zoo-cougar,,,,,,,,,#4,,Olive,zoo-cougar-s4-olive,2,shopify,0,continue,manual,9.50,TRUE,TRUE,,,
zoo-cougar,,,,,,,,,#4,,Tan,zoo-cougar-s4-tan,2,shopify,0,continue,manual,9.50,TRUE,TRUE,,,
zoo-cougar,,,,,,,,,#4,,Gray,zoo-cougar-s4-gray,2,shopify,0,continue,manual,9.50,TRUE,TRUE,,,
zoo-cougar,,,,,,,,,#4,,Golden brown,zoo-cougar-s4-golden-brown,2,shopify,0,continue,manual,9.50,TRUE,TRUE,,,
zoo-cougar,,,,,,,,,#6,,Yellow (original),zoo-cougar-s6-yellow-original,2,shopify,0,continue,manual,9.50,TRUE,TRUE,,,
zoo-cougar,,,,,,,,,#6,,White,zoo-cougar-s6-white,2,shopify,0,continue,manual,9.50,TRUE,TRUE,,,
zoo-cougar,,,,,,,,,#6,,Black,zoo-cougar-s6-black,2,shopify,0,continue,manual,9.50,TRUE,TRUE,,,
zoo-cougar,,,,,,,,,#6,,Olive,zoo-cougar-s6-olive,2,shopify,0,continue,manual,9.50,TRUE,TRUE,,,
zoo-cougar,,,,,,,,,#6,,Tan,zoo-cougar-s6-tan,2,shopify,0,continue,manual,9.50,TRUE,TRUE,,,
zoo-cougar,,,,,,,,,#6,,Gray,zoo-cougar-s6-gray,2,shopify,0,continue,manual,9.50,TRUE,TRUE,,,
zoo-cougar,,,,,,,,,#6,,Golden brown,zoo-cougar-s6-golden-brown,2,shopify,0,continue,manual,9.50,TRUE,TRUE,,,
chernobyl-ant,Chernobyl Ant,"<p>Current Works names Chernobyl Ants among its Michigan terrestrials for the July and August peak, along with Club Sandwiches and Fuzzy Wuzzies. A big foam attractor that suggests hoppers, beetles and cicadas at once; plop it against the bank and twitch on the Manistee and Betsie.</p><p><strong>Fish it for:</strong> Brown trout, Brook trout, Rainbow trout (resident)</p><p>Hand-tied in Michigan for Michigan rivers. See when and where to fish it at michiganflies.com/flies/chernobyl-ant.</p>",Michigan Flies,Sporting Goods > Outdoor Recreation > Fishing > Fishing Tackle > Fishing Baits & Lures,Terrestrial,"Terrestrial, Brown trout, Brook trout, Rainbow trout (resident), dry-fly, grasshopper, beetle, cicada, evidence-A",TRUE,Size,#6,Color,Black/tan,chernobyl-ant-s6-black-tan,2,shopify,0,continue,manual,3.50,TRUE,TRUE,Chernobyl Ant · hand-tied for Michigan rivers,"Current Works names Chernobyl Ants among its Michigan terrestrials for the July and August peak, along with Club Sandwiches and Fuzzy Wuzzies. A big foam attractor that suggests hoppers, beetles and cicadas at once; plop it against the bank and twitch on the Manistee and Betsie.",draft
chernobyl-ant,,,,,,,,,#6,,Black/orange,chernobyl-ant-s6-black-orange,2,shopify,0,continue,manual,3.50,TRUE,TRUE,,,
chernobyl-ant,,,,,,,,,#8,,Black/tan,chernobyl-ant-s8-black-tan,2,shopify,0,continue,manual,3.50,TRUE,TRUE,,,
chernobyl-ant,,,,,,,,,#8,,Black/orange,chernobyl-ant-s8-black-orange,2,shopify,0,continue,manual,3.50,TRUE,TRUE,,,
chernobyl-ant,,,,,,,,,#10,,Black/tan,chernobyl-ant-s10-black-tan,2,shopify,0,continue,manual,3.50,TRUE,TRUE,,,
chernobyl-ant,,,,,,,,,#10,,Black/orange,chernobyl-ant-s10-black-orange,2,shopify,0,continue,manual,3.50,TRUE,TRUE,,,
chernobyl-ant,,,,,,,,,#12,,Black/tan,chernobyl-ant-s12-black-tan,2,shopify,0,continue,manual,3.50,TRUE,TRUE,,,
chernobyl-ant,,,,,,,,,#12,,Black/orange,chernobyl-ant-s12-black-orange,2,shopify,0,continue,manual,3.50,TRUE,TRUE,,,
chubby-chernobyl,Chubby Chernobyl,"<p>A white-winged foam hopper that is the most common dry-dropper indicator fly in the country, though the notes found no Michigan guide naming it. Use it from July through September to float a nymph along Au Sable and Manistee banks, or in yellow during the golden stone weeks of June.</p><p><strong>Fish it for:</strong> Brown trout, Brook trout, Rainbow trout (resident)</p><p>Hand-tied in Michigan for Michigan rivers. See when and where to fish it at michiganflies.com/flies/chubby-chernobyl.</p>",Michigan Flies,Sporting Goods > Outdoor Recreation > Fishing > Fishing Tackle > Fishing Baits & Lures,Terrestrial,"Terrestrial, Brown trout, Brook trout, Rainbow trout (resident), dry-fly, grasshopper, cicada, beetle, evidence-I",TRUE,Size,#6,Color,Tan,chubby-chernobyl-s6-tan,2,shopify,0,continue,manual,3.50,TRUE,TRUE,Chubby Chernobyl · hand-tied for Michigan rivers,"A white-winged foam hopper that is the most common dry-dropper indicator fly in the country, though the notes found no Michigan guide naming it. Use it from July through September to float a nymph along Au Sable and Manistee banks, or in yellow during the golden stone weeks of June.",draft
chubby-chernobyl,,,,,,,,,#6,,Golden,chubby-chernobyl-s6-golden,2,shopify,0,continue,manual,3.50,TRUE,TRUE,,,
chubby-chernobyl,,,,,,,,,#6,,Purple,chubby-chernobyl-s6-purple,2,shopify,0,continue,manual,3.50,TRUE,TRUE,,,
chubby-chernobyl,,,,,,,,,#6,,Black,chubby-chernobyl-s6-black,2,shopify,0,continue,manual,3.50,TRUE,TRUE,,,
chubby-chernobyl,,,,,,,,,#8,,Tan,chubby-chernobyl-s8-tan,2,shopify,0,continue,manual,3.50,TRUE,TRUE,,,
chubby-chernobyl,,,,,,,,,#8,,Golden,chubby-chernobyl-s8-golden,2,shopify,0,continue,manual,3.50,TRUE,TRUE,,,
chubby-chernobyl,,,,,,,,,#8,,Purple,chubby-chernobyl-s8-purple,2,shopify,0,continue,manual,3.50,TRUE,TRUE,,,
chubby-chernobyl,,,,,,,,,#8,,Black,chubby-chernobyl-s8-black,2,shopify,0,continue,manual,3.50,TRUE,TRUE,,,
chubby-chernobyl,,,,,,,,,#10,,Tan,chubby-chernobyl-s10-tan,2,shopify,0,continue,manual,3.50,TRUE,TRUE,,,
chubby-chernobyl,,,,,,,,,#10,,Golden,chubby-chernobyl-s10-golden,2,shopify,0,continue,manual,3.50,TRUE,TRUE,,,
chubby-chernobyl,,,,,,,,,#10,,Purple,chubby-chernobyl-s10-purple,2,shopify,0,continue,manual,3.50,TRUE,TRUE,,,
chubby-chernobyl,,,,,,,,,#10,,Black,chubby-chernobyl-s10-black,2,shopify,0,continue,manual,3.50,TRUE,TRUE,,,
chubby-chernobyl,,,,,,,,,#12,,Tan,chubby-chernobyl-s12-tan,2,shopify,0,continue,manual,3.50,TRUE,TRUE,,,
chubby-chernobyl,,,,,,,,,#12,,Golden,chubby-chernobyl-s12-golden,2,shopify,0,continue,manual,3.50,TRUE,TRUE,,,
chubby-chernobyl,,,,,,,,,#12,,Purple,chubby-chernobyl-s12-purple,2,shopify,0,continue,manual,3.50,TRUE,TRUE,,,
chubby-chernobyl,,,,,,,,,#12,,Black,chubby-chernobyl-s12-black,2,shopify,0,continue,manual,3.50,TRUE,TRUE,,,
cicada,Cicada,"<p>Current Works names cicadas among Michigan's summer terrestrials, sporadic rather than an annual hatch. Plop a big foam cicada against the bank during July and August when you hear them in the trees; no Michigan source gives periodical brood years.</p><p><strong>Fish it for:</strong> Brown trout, Brook trout, Rainbow trout (resident)</p><p>Hand-tied in Michigan for Michigan rivers. See when and where to fish it at michiganflies.com/flies/cicada.</p>",Michigan Flies,Sporting Goods > Outdoor Recreation > Fishing > Fishing Tackle > Fishing Baits & Lures,Terrestrial,"Terrestrial, Brown trout, Brook trout, Rainbow trout (resident), dry-fly, cicada, evidence-A",TRUE,Size,#6,Color,Black/orange,cicada-s6-black-orange,2,shopify,0,continue,manual,3.50,TRUE,TRUE,Cicada · hand-tied for Michigan rivers,"Current Works names cicadas among Michigan's summer terrestrials, sporadic rather than an annual hatch. Plop a big foam cicada against the bank during July and August when you hear them in the trees; no Michigan source gives periodical brood years.",draft
cicada,,,,,,,,,#6,,Green/black,cicada-s6-green-black,2,shopify,0,continue,manual,3.50,TRUE,TRUE,,,
cicada,,,,,,,,,#8,,Black/orange,cicada-s8-black-orange,2,shopify,0,continue,manual,3.50,TRUE,TRUE,,,
cicada,,,,,,,,,#8,,Green/black,cicada-s8-green-black,2,shopify,0,continue,manual,3.50,TRUE,TRUE,,,
cicada,,,,,,,,,#10,,Black/orange,cicada-s10-black-orange,2,shopify,0,continue,manual,3.50,TRUE,TRUE,,,
cicada,,,,,,,,,#10,,Green/black,cicada-s10-green-black,2,shopify,0,continue,manual,3.50,TRUE,TRUE,,,
cricket,Cricket,"<p>Michigan charts run crickets July 1 to October 15, and Current Works says to fish them 'after a good rainfall as they often get washed into the river.' A black foam or deer-hair cricket fished along grass banks the day after rain extends the terrestrial season into October.</p><p><strong>Fish it for:</strong> Brown trout, Brook trout, Rainbow trout (resident)</p><p>Hand-tied in Michigan for Michigan rivers. See when and where to fish it at michiganflies.com/flies/cricket.</p>",Michigan Flies,Sporting Goods > Outdoor Recreation > Fishing > Fishing Tackle > Fishing Baits & Lures,Terrestrial,"Terrestrial, Brown trout, Brook trout, Rainbow trout (resident), dry-fly, grasshopper, evidence-A",TRUE,Size,#8,Color,Black,cricket-s8-black,2,shopify,0,continue,manual,3.50,TRUE,TRUE,Cricket · hand-tied for Michigan rivers,"Michigan charts run crickets July 1 to October 15, and Current Works says to fish them 'after a good rainfall as they often get washed into the river.' A black foam or deer-hair cricket fished along grass banks the day after rain extends the terrestrial season into October.",draft
cricket,,,,,,,,,#8,,Dark brown,cricket-s8-dark-brown,2,shopify,0,continue,manual,3.50,TRUE,TRUE,,,
cricket,,,,,,,,,#10,,Black,cricket-s10-black,2,shopify,0,continue,manual,3.50,TRUE,TRUE,,,
cricket,,,,,,,,,#10,,Dark brown,cricket-s10-dark-brown,2,shopify,0,continue,manual,3.50,TRUE,TRUE,,,
cricket,,,,,,,,,#12,,Black,cricket-s12-black,2,shopify,0,continue,manual,3.50,TRUE,TRUE,,,
cricket,,,,,,,,,#12,,Dark brown,cricket-s12-dark-brown,2,shopify,0,continue,manual,3.50,TRUE,TRUE,,,
fat-albert,Fat Albert,"<p>A foam hopper and cicada that floats a heavy dropper, listed by RiverReports with the Parachute Hopper, Charlie Boy and Moorish Hopper for August on the Au Sable. Fish it hopper-dropper style along banks and under overhanging cedars from mid July through September.</p><p><strong>Fish it for:</strong> Brown trout, Brook trout, Rainbow trout (resident)</p><p>Hand-tied in Michigan for Michigan rivers. See when and where to fish it at michiganflies.com/flies/fat-albert.</p>",Michigan Flies,Sporting Goods > Outdoor Recreation > Fishing > Fishing Tackle > Fishing Baits & Lures,Terrestrial,"Terrestrial, Brown trout, Brook trout, Rainbow trout (resident), dry-fly, grasshopper, beetle, cicada, evidence-A",TRUE,Size,#6,Color,Tan,fat-albert-s6-tan,2,shopify,0,continue,manual,3.50,TRUE,TRUE,Fat Albert · hand-tied for Michigan rivers,"A foam hopper and cicada that floats a heavy dropper, listed by RiverReports with the Parachute Hopper, Charlie Boy and Moorish Hopper for August on the Au Sable. Fish it hopper-dropper style along banks and under overhanging cedars from mid July through September.",draft
fat-albert,,,,,,,,,#6,,Gold,fat-albert-s6-gold,2,shopify,0,continue,manual,3.50,TRUE,TRUE,,,
fat-albert,,,,,,,,,#6,,Purple,fat-albert-s6-purple,2,shopify,0,continue,manual,3.50,TRUE,TRUE,,,
fat-albert,,,,,,,,,#6,,Black,fat-albert-s6-black,2,shopify,0,continue,manual,3.50,TRUE,TRUE,,,
fat-albert,,,,,,,,,#8,,Tan,fat-albert-s8-tan,2,shopify,0,continue,manual,3.50,TRUE,TRUE,,,
fat-albert,,,,,,,,,#8,,Gold,fat-albert-s8-gold,2,shopify,0,continue,manual,3.50,TRUE,TRUE,,,
fat-albert,,,,,,,,,#8,,Purple,fat-albert-s8-purple,2,shopify,0,continue,manual,3.50,TRUE,TRUE,,,
fat-albert,,,,,,,,,#8,,Black,fat-albert-s8-black,2,shopify,0,continue,manual,3.50,TRUE,TRUE,,,
fat-albert,,,,,,,,,#10,,Tan,fat-albert-s10-tan,2,shopify,0,continue,manual,3.50,TRUE,TRUE,,,
fat-albert,,,,,,,,,#10,,Gold,fat-albert-s10-gold,2,shopify,0,continue,manual,3.50,TRUE,TRUE,,,
fat-albert,,,,,,,,,#10,,Purple,fat-albert-s10-purple,2,shopify,0,continue,manual,3.50,TRUE,TRUE,,,
fat-albert,,,,,,,,,#10,,Black,fat-albert-s10-black,2,shopify,0,continue,manual,3.50,TRUE,TRUE,,,
flying-ant,Flying Ant,"<p>Brown flying ants #16 to #22 fall on the Muskegon from mid August to mid September on hot afternoons, and RiverReports notes black and cinnamon flying ants on the Au Sable during late-summer mating flights. Trout key on them hard; carry winged ants on 6X for the two-week window.</p><p><strong>Fish it for:</strong> Brown trout, Brook trout, Rainbow trout (resident)</p><p>Hand-tied in Michigan for Michigan rivers. See when and where to fish it at michiganflies.com/flies/flying-ant.</p>",Michigan Flies,Sporting Goods > Outdoor Recreation > Fishing > Fishing Tackle > Fishing Baits & Lures,Terrestrial,"Terrestrial, Brown trout, Brook trout, Rainbow trout (resident), dry-fly, ant, evidence-A",TRUE,Size,#14,Color,Black,flying-ant-s14-black,2,shopify,0,continue,manual,3.50,TRUE,TRUE,Flying Ant · hand-tied for Michigan rivers,"Brown flying ants #16 to #22 fall on the Muskegon from mid August to mid September on hot afternoons, and RiverReports notes black and cinnamon flying ants on the Au Sable during late-summer mating flights. Trout key on them hard; carry winged ants on 6X for the two-week window.",draft
flying-ant,,,,,,,,,#14,,Cinnamon/brown,flying-ant-s14-cinnamon-brown,2,shopify,0,continue,manual,3.50,TRUE,TRUE,,,
flying-ant,,,,,,,,,#16,,Black,flying-ant-s16-black,2,shopify,0,continue,manual,3.50,TRUE,TRUE,,,
flying-ant,,,,,,,,,#16,,Cinnamon/brown,flying-ant-s16-cinnamon-brown,2,shopify,0,continue,manual,3.50,TRUE,TRUE,,,
flying-ant,,,,,,,,,#18,,Black,flying-ant-s18-black,2,shopify,0,continue,manual,3.50,TRUE,TRUE,,,
flying-ant,,,,,,,,,#18,,Cinnamon/brown,flying-ant-s18-cinnamon-brown,2,shopify,0,continue,manual,3.50,TRUE,TRUE,,,
flying-ant,,,,,,,,,#20,,Black,flying-ant-s20-black,2,shopify,0,continue,manual,3.50,TRUE,TRUE,,,
flying-ant,,,,,,,,,#20,,Cinnamon/brown,flying-ant-s20-cinnamon-brown,2,shopify,0,continue,manual,3.50,TRUE,TRUE,,,
flying-ant,,,,,,,,,#22,,Black,flying-ant-s22-black,2,shopify,0,continue,manual,3.50,TRUE,TRUE,,,
flying-ant,,,,,,,,,#22,,Cinnamon/brown,flying-ant-s22-cinnamon-brown,2,shopify,0,continue,manual,3.50,TRUE,TRUE,,,
ant-acid,Galloup's Ant Acid,"<p>Galloup's foam ant, named by Current Works for the mid June through September ant season, fished dry or sunk. Ants are on Michigan charts #12 to #24 from June 15 to September 30; fish it in the film along shaded banks and after wind, and as a sunken dropper when trout refuse the floating version.</p><p><strong>Fish it for:</strong> Brown trout, Brook trout, Rainbow trout (resident)</p><p><em>Kelly Galloup</em></p><p>Hand-tied in Michigan for Michigan rivers. See when and where to fish it at michiganflies.com/flies/ant-acid.</p>",Michigan Flies,Sporting Goods > Outdoor Recreation > Fishing > Fishing Tackle > Fishing Baits & Lures,Terrestrial,"Terrestrial, Brown trout, Brook trout, Rainbow trout (resident), dry-fly, ant, evidence-A",TRUE,Size,#12,Color,Black,ant-acid-s12-black,2,shopify,0,continue,manual,3.50,TRUE,TRUE,Galloup's Ant Acid · hand-tied for Michigan rivers,"Galloup's foam ant, named by Current Works for the mid June through September ant season, fished dry or sunk. Ants are on Michigan charts #12 to #24 from June 15 to September 30; fish it in the film along shaded banks and after wind, and as a sunken dropper when trout refuse the floating version.",draft
ant-acid,,,,,,,,,#12,,Cinnamon,ant-acid-s12-cinnamon,2,shopify,0,continue,manual,3.50,TRUE,TRUE,,,
ant-acid,,,,,,,,,#14,,Black,ant-acid-s14-black,2,shopify,0,continue,manual,3.50,TRUE,TRUE,,,
ant-acid,,,,,,,,,#14,,Cinnamon,ant-acid-s14-cinnamon,2,shopify,0,continue,manual,3.50,TRUE,TRUE,,,
ant-acid,,,,,,,,,#16,,Black,ant-acid-s16-black,2,shopify,0,continue,manual,3.50,TRUE,TRUE,,,
ant-acid,,,,,,,,,#16,,Cinnamon,ant-acid-s16-cinnamon,2,shopify,0,continue,manual,3.50,TRUE,TRUE,,,
ant-acid,,,,,,,,,#18,,Black,ant-acid-s18-black,2,shopify,0,continue,manual,3.50,TRUE,TRUE,,,
ant-acid,,,,,,,,,#18,,Cinnamon,ant-acid-s18-cinnamon,2,shopify,0,continue,manual,3.50,TRUE,TRUE,,,
inchworm,Inchworm (Green Oak Worm),"<p>Michigan charts list the Green Oak Worm #8 to #12 from May 15 to July 10, when inchworms dangle from streamside oaks into the Au Sable and Manistee. Fish a chenille or foam inchworm dead-drift under overhanging branches, floating or slightly sunk.</p><p><strong>Fish it for:</strong> Brown trout, Brook trout, Rainbow trout (resident)</p><p>Hand-tied in Michigan for Michigan rivers. See when and where to fish it at michiganflies.com/flies/inchworm.</p>",Michigan Flies,Sporting Goods > Outdoor Recreation > Fishing > Fishing Tackle > Fishing Baits & Lures,Terrestrial,"Terrestrial, Brown trout, Brook trout, Rainbow trout (resident), dry-fly, nymph-indicator, inchworm, evidence-A",TRUE,Size,#8,Color,Chartreuse,inchworm-s8-chartreuse,2,shopify,0,continue,manual,3.50,TRUE,TRUE,Inchworm (Green Oak Worm) · hand-tied for Michigan rivers,"Michigan charts list the Green Oak Worm #8 to #12 from May 15 to July 10, when inchworms dangle from streamside oaks into the Au Sable and Manistee. Fish a chenille or foam inchworm dead-drift under overhanging branches, floating or slightly sunk.",draft
inchworm,,,,,,,,,#8,,Bright green,inchworm-s8-bright-green,2,shopify,0,continue,manual,3.50,TRUE,TRUE,,,
inchworm,,,,,,,,,#10,,Chartreuse,inchworm-s10-chartreuse,2,shopify,0,continue,manual,3.50,TRUE,TRUE,,,
inchworm,,,,,,,,,#10,,Bright green,inchworm-s10-bright-green,2,shopify,0,continue,manual,3.50,TRUE,TRUE,,,
inchworm,,,,,,,,,#12,,Chartreuse,inchworm-s12-chartreuse,2,shopify,0,continue,manual,3.50,TRUE,TRUE,,,
inchworm,,,,,,,,,#12,,Bright green,inchworm-s12-bright-green,2,shopify,0,continue,manual,3.50,TRUE,TRUE,,,
inchworm,,,,,,,,,#14,,Chartreuse,inchworm-s14-chartreuse,2,shopify,0,continue,manual,3.50,TRUE,TRUE,,,
inchworm,,,,,,,,,#14,,Bright green,inchworm-s14-bright-green,2,shopify,0,continue,manual,3.50,TRUE,TRUE,,,
japanese-beetle,Japanese Beetle,"<p>A foam beetle in metallic green and copper for the July and August Japanese beetle flight along riparian trees. The notes found no Michigan source specific to Japanese beetles, so treat it as a generic summer beetle option for the southern and mid-state rivers.</p><p><strong>Fish it for:</strong> Brown trout, Brook trout, Rainbow trout (resident)</p><p>Hand-tied in Michigan for Michigan rivers. See when and where to fish it at michiganflies.com/flies/japanese-beetle.</p>",Michigan Flies,Sporting Goods > Outdoor Recreation > Fishing > Fishing Tackle > Fishing Baits & Lures,Terrestrial,"Terrestrial, Brown trout, Brook trout, Rainbow trout (resident), dry-fly, japanese-beetle, beetle, evidence-I",TRUE,Size,#12,Color,Metallic green and copper,japanese-beetle-s12-metallic-green-and-copper,2,shopify,0,continue,manual,3.50,TRUE,TRUE,Japanese Beetle · hand-tied for Michigan rivers,"A foam beetle in metallic green and copper for the July and August Japanese beetle flight along riparian trees. The notes found no Michigan source specific to Japanese beetles, so treat it as a generic summer beetle option for the southern and mid-state rivers.",draft
japanese-beetle,,,,,,,,,#14,,Metallic green and copper,japanese-beetle-s14-metallic-green-and-copper,2,shopify,0,continue,manual,3.50,TRUE,TRUE,,,
parachute-hopper,Parachute Hopper,"<p>A lower-riding hopper named by RiverReports for August on the Au Sable, where 'August is prime terrestrial season' and hoppers show on the Pere Marquette by August. Fish it tight to grassy banks with a dead drift and an occasional twitch on flat, clear water where foam hoppers spook fish.</p><p><strong>Fish it for:</strong> Brown trout, Brook trout, Rainbow trout (resident)</p><p>Hand-tied in Michigan for Michigan rivers. See when and where to fish it at michiganflies.com/flies/parachute-hopper.</p>",Michigan Flies,Sporting Goods > Outdoor Recreation > Fishing > Fishing Tackle > Fishing Baits & Lures,Terrestrial,"Terrestrial, Brown trout, Brook trout, Rainbow trout (resident), dry-fly, grasshopper, evidence-A",TRUE,Size,#8,Color,Tan,parachute-hopper-s8-tan,2,shopify,0,continue,manual,3.50,TRUE,TRUE,Parachute Hopper · hand-tied for Michigan rivers,"A lower-riding hopper named by RiverReports for August on the Au Sable, where 'August is prime terrestrial season' and hoppers show on the Pere Marquette by August. Fish it tight to grassy banks with a dead drift and an occasional twitch on flat, clear water where foam hoppers spook fish.",draft
parachute-hopper,,,,,,,,,#8,,Yellow,parachute-hopper-s8-yellow,2,shopify,0,continue,manual,3.50,TRUE,TRUE,,,
parachute-hopper,,,,,,,,,#10,,Tan,parachute-hopper-s10-tan,2,shopify,0,continue,manual,3.50,TRUE,TRUE,,,
parachute-hopper,,,,,,,,,#10,,Yellow,parachute-hopper-s10-yellow,2,shopify,0,continue,manual,3.50,TRUE,TRUE,,,
parachute-hopper,,,,,,,,,#12,,Tan,parachute-hopper-s12-tan,2,shopify,0,continue,manual,3.50,TRUE,TRUE,,,
parachute-hopper,,,,,,,,,#12,,Yellow,parachute-hopper-s12-yellow,2,shopify,0,continue,manual,3.50,TRUE,TRUE,,,
sweetgrass-hopper,Sweetgrass Hopper,"<p>Current Works' first-named hopper for the mid July through September grasshopper season on the Upper and Lower Manistee, Betsie and Boardman, when 'grasshoppers and other terrestrial patterns come out of the box.' Hit the bank and plop, twitch and dead-drift it midday after the dew burns off; hang a beetle or ant behind it.</p><p><strong>Fish it for:</strong> Brown trout, Brook trout, Rainbow trout (resident)</p><p>Hand-tied in Michigan for Michigan rivers. See when and where to fish it at michiganflies.com/flies/sweetgrass-hopper.</p>",Michigan Flies,Sporting Goods > Outdoor Recreation > Fishing > Fishing Tackle > Fishing Baits & Lures,Terrestrial,"Terrestrial, Brown trout, Brook trout, Rainbow trout (resident), dry-fly, grasshopper, evidence-A",TRUE,Size,#6,Color,Tan,sweetgrass-hopper-s6-tan,2,shopify,0,continue,manual,3.50,TRUE,TRUE,Sweetgrass Hopper · hand-tied for Michigan rivers,"Current Works' first-named hopper for the mid July through September grasshopper season on the Upper and Lower Manistee, Betsie and Boardman, when 'grasshoppers and other terrestrial patterns come out of the box.' Hit the bank and plop, twitch and dead-drift it midday after the dew burns off; hang a",draft
sweetgrass-hopper,,,,,,,,,#6,,Yellow,sweetgrass-hopper-s6-yellow,2,shopify,0,continue,manual,3.50,TRUE,TRUE,,,
sweetgrass-hopper,,,,,,,,,#6,,Olive,sweetgrass-hopper-s6-olive,2,shopify,0,continue,manual,3.50,TRUE,TRUE,,,
sweetgrass-hopper,,,,,,,,,#8,,Tan,sweetgrass-hopper-s8-tan,2,shopify,0,continue,manual,3.50,TRUE,TRUE,,,
sweetgrass-hopper,,,,,,,,,#8,,Yellow,sweetgrass-hopper-s8-yellow,2,shopify,0,continue,manual,3.50,TRUE,TRUE,,,
sweetgrass-hopper,,,,,,,,,#8,,Olive,sweetgrass-hopper-s8-olive,2,shopify,0,continue,manual,3.50,TRUE,TRUE,,,
sweetgrass-hopper,,,,,,,,,#10,,Tan,sweetgrass-hopper-s10-tan,2,shopify,0,continue,manual,3.50,TRUE,TRUE,,,
sweetgrass-hopper,,,,,,,,,#10,,Yellow,sweetgrass-hopper-s10-yellow,2,shopify,0,continue,manual,3.50,TRUE,TRUE,,,
sweetgrass-hopper,,,,,,,,,#10,,Olive,sweetgrass-hopper-s10-olive,2,shopify,0,continue,manual,3.50,TRUE,TRUE,,,
sweetgrass-hopper,,,,,,,,,#12,,Tan,sweetgrass-hopper-s12-tan,2,shopify,0,continue,manual,3.50,TRUE,TRUE,,,
sweetgrass-hopper,,,,,,,,,#12,,Yellow,sweetgrass-hopper-s12-yellow,2,shopify,0,continue,manual,3.50,TRUE,TRUE,,,
sweetgrass-hopper,,,,,,,,,#12,,Olive,sweetgrass-hopper-s12-olive,2,shopify,0,continue,manual,3.50,TRUE,TRUE,,,
xo-beetle,XO Beetle (Foam Beetle),"<p>Current Works lists the XO Beetle and Tar Baby and suggests beetles as a dropper behind a visible pattern, since black beetles are hard to see. Michigan charts run beetles June 1 to September 30; fish it under overhanging trees, log jams and undercut banks on the Au Sable where RiverReports says black beetles produce.</p><p><strong>Fish it for:</strong> Brown trout, Brook trout, Rainbow trout (resident)</p><p>Hand-tied in Michigan for Michigan rivers. See when and where to fish it at michiganflies.com/flies/xo-beetle.</p>",Michigan Flies,Sporting Goods > Outdoor Recreation > Fishing > Fishing Tackle > Fishing Baits & Lures,Terrestrial,"Terrestrial, Brown trout, Brook trout, Rainbow trout (resident), dry-fly, beetle, japanese-beetle, evidence-A",TRUE,Size,#12,Color,Black,xo-beetle-s12-black,2,shopify,0,continue,manual,3.50,TRUE,TRUE,XO Beetle (Foam Beetle) · hand-tied for Michigan rivers,"Current Works lists the XO Beetle and Tar Baby and suggests beetles as a dropper behind a visible pattern, since black beetles are hard to see. Michigan charts run beetles June 1 to September 30; fish it under overhanging trees, log jams and undercut banks on the Au Sable where RiverReports says bla",draft
xo-beetle,,,,,,,,,#12,,Peacock,xo-beetle-s12-peacock,2,shopify,0,continue,manual,3.50,TRUE,TRUE,,,
xo-beetle,,,,,,,,,#12,,Black with orange indicator,xo-beetle-s12-black-with-orange-indicator,2,shopify,0,continue,manual,3.50,TRUE,TRUE,,,
xo-beetle,,,,,,,,,#14,,Black,xo-beetle-s14-black,2,shopify,0,continue,manual,3.50,TRUE,TRUE,,,
xo-beetle,,,,,,,,,#14,,Peacock,xo-beetle-s14-peacock,2,shopify,0,continue,manual,3.50,TRUE,TRUE,,,
xo-beetle,,,,,,,,,#14,,Black with orange indicator,xo-beetle-s14-black-with-orange-indicator,2,shopify,0,continue,manual,3.50,TRUE,TRUE,,,
xo-beetle,,,,,,,,,#16,,Black,xo-beetle-s16-black,2,shopify,0,continue,manual,3.50,TRUE,TRUE,,,
xo-beetle,,,,,,,,,#16,,Peacock,xo-beetle-s16-peacock,2,shopify,0,continue,manual,3.50,TRUE,TRUE,,,
xo-beetle,,,,,,,,,#16,,Black with orange indicator,xo-beetle-s16-black-with-orange-indicator,2,shopify,0,continue,manual,3.50,TRUE,TRUE,,,
green-machine,Green Machine,"<p>A classic eastern Canadian Atlantic salmon fly, swung or waked on the surface. Its use on the St. Marys is unverified; the notes found no Michigan source naming classic Atlantic patterns, so treat it as a generic option for July through October rapids fishing.</p><p><strong>Fish it for:</strong> Atlantic salmon</p><p>Hand-tied in Michigan for Michigan rivers. See when and where to fish it at michiganflies.com/flies/green-machine.</p>",Michigan Flies,Sporting Goods > Outdoor Recreation > Fishing > Fishing Tackle > Fishing Baits & Lures,Wet fly,"Wet fly, Atlantic salmon, swing-spey, evidence-I",TRUE,Size,#4,Color,Green deer-hair body with red butt,green-machine-s4-green-deer-hair-body-with-red-butt,2,shopify,0,continue,manual,2.75,TRUE,TRUE,Green Machine · hand-tied for Michigan rivers,"A classic eastern Canadian Atlantic salmon fly, swung or waked on the surface. Its use on the St. Marys is unverified; the notes found no Michigan source naming classic Atlantic patterns, so treat it as a generic option for July through October rapids fishing.",draft
green-machine,,,,,,,,,#6,,Green deer-hair body with red butt,green-machine-s6-green-deer-hair-body-with-red-butt,2,shopify,0,continue,manual,2.75,TRUE,TRUE,,,
green-machine,,,,,,,,,#8,,Green deer-hair body with red butt,green-machine-s8-green-deer-hair-body-with-red-butt,2,shopify,0,continue,manual,2.75,TRUE,TRUE,,,
marabou-spey,Marabou Spey,"<p>Soft-flowing marabou speys in flame orange or chartreuse are a Great Lakes steelhead swing standard, 'Spey Buggers' appear in U.P. swing boxes, and Perfect Fly lists Spey flies among St. Marys Atlantic salmon patterns. Swing them broadside on a floating or light tip from fall through spring; darker shades for clear water, bright for stain.</p><p><strong>Fish it for:</strong> Steelhead, Atlantic salmon, Coho salmon, Chinook salmon</p><p>Hand-tied in Michigan for Michigan rivers. See when and where to fish it at michiganflies.com/flies/marabou-spey.</p>",Michigan Flies,Sporting Goods > Outdoor Recreation > Fishing > Fishing Tackle > Fishing Baits & Lures,Wet fly,"Wet fly, Steelhead, Atlantic salmon, Coho salmon, Chinook salmon, swing-spey, leech, evidence-A",TRUE,Size,#2,Color,Flame orange,marabou-spey-s2-flame-orange,2,shopify,0,continue,manual,2.75,TRUE,TRUE,Marabou Spey · hand-tied for Michigan rivers,"Soft-flowing marabou speys in flame orange or chartreuse are a Great Lakes steelhead swing standard, 'Spey Buggers' appear in U.P. swing boxes, and Perfect Fly lists Spey flies among St. Marys Atlantic salmon patterns. Swing them broadside on a floating or light tip from fall through spring; darker ",draft
marabou-spey,,,,,,,,,#2,,Chartreuse,marabou-spey-s2-chartreuse,2,shopify,0,continue,manual,2.75,TRUE,TRUE,,,
marabou-spey,,,,,,,,,#2,,Black,marabou-spey-s2-black,2,shopify,0,continue,manual,2.75,TRUE,TRUE,,,
marabou-spey,,,,,,,,,#2,,Purple,marabou-spey-s2-purple,2,shopify,0,continue,manual,2.75,TRUE,TRUE,,,
marabou-spey,,,,,,,,,#2,,Olive,marabou-spey-s2-olive,2,shopify,0,continue,manual,2.75,TRUE,TRUE,,,
marabou-spey,,,,,,,,,#4,,Flame orange,marabou-spey-s4-flame-orange,2,shopify,0,continue,manual,2.75,TRUE,TRUE,,,
marabou-spey,,,,,,,,,#4,,Chartreuse,marabou-spey-s4-chartreuse,2,shopify,0,continue,manual,2.75,TRUE,TRUE,,,
marabou-spey,,,,,,,,,#4,,Black,marabou-spey-s4-black,2,shopify,0,continue,manual,2.75,TRUE,TRUE,,,
marabou-spey,,,,,,,,,#4,,Purple,marabou-spey-s4-purple,2,shopify,0,continue,manual,2.75,TRUE,TRUE,,,
marabou-spey,,,,,,,,,#4,,Olive,marabou-spey-s4-olive,2,shopify,0,continue,manual,2.75,TRUE,TRUE,,,
marabou-spey,,,,,,,,,#6,,Flame orange,marabou-spey-s6-flame-orange,2,shopify,0,continue,manual,2.75,TRUE,TRUE,,,
marabou-spey,,,,,,,,,#6,,Chartreuse,marabou-spey-s6-chartreuse,2,shopify,0,continue,manual,2.75,TRUE,TRUE,,,
marabou-spey,,,,,,,,,#6,,Black,marabou-spey-s6-black,2,shopify,0,continue,manual,2.75,TRUE,TRUE,,,
marabou-spey,,,,,,,,,#6,,Purple,marabou-spey-s6-purple,2,shopify,0,continue,manual,2.75,TRUE,TRUE,,,
marabou-spey,,,,,,,,,#6,,Olive,marabou-spey-s6-olive,2,shopify,0,continue,manual,2.75,TRUE,TRUE,,,
soft-hackle-wet,Soft-Hackle Wet Fly,"<p>Perfect Fly lists wet flies among St. Marys Atlantic salmon patterns, and Atlantics feed on caddis and midges from mid July through August. A swung soft hackle covers emerging caddis pupae and Sulphurs on any Michigan river; swing it down and across in riffles at dusk, or hang it below a dry.</p><p><strong>Imitates:</strong> Tan Caddis, Little Sister Sedge, Sulphur, Grannom, Midge</p><p><strong>Fish it for:</strong> Atlantic salmon, Brown trout, Brook trout, Rainbow trout (resident)</p><p>Hand-tied in Michigan for Michigan rivers. See when and where to fish it at michiganflies.com/flies/soft-hackle-wet.</p>",Michigan Flies,Sporting Goods > Outdoor Recreation > Fishing > Fishing Tackle > Fishing Baits & Lures,Wet fly,"Wet fly, Atlantic salmon, Brown trout, Brook trout, Rainbow trout (resident), swing-spey, dry-fly, nymph-indicator, tan-caddis, little-sister-caddis, sulphur-invaria, grannom, midge, evidence-A",TRUE,Size,#8,Color,Partridge and orange,soft-hackle-wet-s8-partridge-and-orange,2,shopify,0,continue,manual,2.75,TRUE,TRUE,Soft-Hackle Wet Fly · hand-tied for Michigan rivers,"Perfect Fly lists wet flies among St. Marys Atlantic salmon patterns, and Atlantics feed on caddis and midges from mid July through August. A swung soft hackle covers emerging caddis pupae and Sulphurs on any Michigan river; swing it down and across in riffles at dusk, or hang it below a dry.",draft
soft-hackle-wet,,,,,,,,,#8,,Partridge and green,soft-hackle-wet-s8-partridge-and-green,2,shopify,0,continue,manual,2.75,TRUE,TRUE,,,
soft-hackle-wet,,,,,,,,,#8,,Hare's ear soft hackle,soft-hackle-wet-s8-hare-s-ear-soft-hackle,2,shopify,0,continue,manual,2.75,TRUE,TRUE,,,
soft-hackle-wet,,,,,,,,,#10,,Partridge and orange,soft-hackle-wet-s10-partridge-and-orange,2,shopify,0,continue,manual,2.75,TRUE,TRUE,,,
soft-hackle-wet,,,,,,,,,#10,,Partridge and green,soft-hackle-wet-s10-partridge-and-green,2,shopify,0,continue,manual,2.75,TRUE,TRUE,,,
soft-hackle-wet,,,,,,,,,#10,,Hare's ear soft hackle,soft-hackle-wet-s10-hare-s-ear-soft-hackle,2,shopify,0,continue,manual,2.75,TRUE,TRUE,,,
soft-hackle-wet,,,,,,,,,#12,,Partridge and orange,soft-hackle-wet-s12-partridge-and-orange,2,shopify,0,continue,manual,2.75,TRUE,TRUE,,,
soft-hackle-wet,,,,,,,,,#12,,Partridge and green,soft-hackle-wet-s12-partridge-and-green,2,shopify,0,continue,manual,2.75,TRUE,TRUE,,,
soft-hackle-wet,,,,,,,,,#12,,Hare's ear soft hackle,soft-hackle-wet-s12-hare-s-ear-soft-hackle,2,shopify,0,continue,manual,2.75,TRUE,TRUE,,,
soft-hackle-wet,,,,,,,,,#14,,Partridge and orange,soft-hackle-wet-s14-partridge-and-orange,2,shopify,0,continue,manual,2.75,TRUE,TRUE,,,
soft-hackle-wet,,,,,,,,,#14,,Partridge and green,soft-hackle-wet-s14-partridge-and-green,2,shopify,0,continue,manual,2.75,TRUE,TRUE,,,
soft-hackle-wet,,,,,,,,,#14,,Hare's ear soft hackle,soft-hackle-wet-s14-hare-s-ear-soft-hackle,2,shopify,0,continue,manual,2.75,TRUE,TRUE,,,
soft-hackle-wet,,,,,,,,,#16,,Partridge and orange,soft-hackle-wet-s16-partridge-and-orange,2,shopify,0,continue,manual,2.75,TRUE,TRUE,,,
soft-hackle-wet,,,,,,,,,#16,,Partridge and green,soft-hackle-wet-s16-partridge-and-green,2,shopify,0,continue,manual,2.75,TRUE,TRUE,,,
soft-hackle-wet,,,,,,,,,#16,,Hare's ear soft hackle,soft-hackle-wet-s16-hare-s-ear-soft-hackle,2,shopify,0,continue,manual,2.75,TRUE,TRUE,,,
wet-skunk,Wet Skunk,"<p>A weighted, rubber-legged Michigan classic that Hawkins fishes 'on a floating line near the structure' and says 'can produce at times when nothing else will.' Current Works lists Skunks among its terrestrials. Twitch it along banks and through log jams from late May through September as a cross between a drowned hopper and a small sculpin.</p><p><strong>Fish it for:</strong> Brown trout, Brook trout, Rainbow trout (resident)</p><p><em>Michigan classic</em></p><p>Hand-tied in Michigan for Michigan rivers. See when and where to fish it at michiganflies.com/flies/wet-skunk.</p>",Michigan Flies,Sporting Goods > Outdoor Recreation > Fishing > Fishing Tackle > Fishing Baits & Lures,Wet fly,"Wet fly, Brown trout, Brook trout, Rainbow trout (resident), streamer, nymph-indicator, grasshopper, sculpin, evidence-A",TRUE,Size,#6,Color,Black and white with rubber legs,wet-skunk-s6-black-and-white-with-rubber-legs,2,shopify,0,continue,manual,2.75,TRUE,TRUE,Wet Skunk · hand-tied for Michigan rivers,"A weighted, rubber-legged Michigan classic that Hawkins fishes 'on a floating line near the structure' and says 'can produce at times when nothing else will.' Current Works lists Skunks among its terrestrials. Twitch it along banks and through log jams from late May through September as a cross betw",draft
wet-skunk,,,,,,,,,#8,,Black and white with rubber legs,wet-skunk-s8-black-and-white-with-rubber-legs,2,shopify,0,continue,manual,2.75,TRUE,TRUE,,,
wet-skunk,,,,,,,,,#10,,Black and white with rubber legs,wet-skunk-s10-black-and-white-with-rubber-legs,2,shopify,0,continue,manual,2.75,TRUE,TRUE,,,
san-juan-worm,San Juan Worm,"<p>A chenille worm for high, off-color water in spring and after fall rains, when earthworms and aquatic worms wash into the drift. The DNR lists worms in brook trout diets but the notes found no Michigan guide naming it; fish it as a heavy point fly with an egg or nymph trailer during March to May runoff, including for steelhead.</p><p><strong>Fish it for:</strong> Brown trout, Rainbow trout (resident), Brook trout, Steelhead</p><p>Hand-tied in Michigan for Michigan rivers. See when and where to fish it at michiganflies.com/flies/san-juan-worm.</p>",Michigan Flies,Sporting Goods > Outdoor Recreation > Fishing > Fishing Tackle > Fishing Baits & Lures,Worm,"Worm, Brown trout, Rainbow trout (resident), Brook trout, Steelhead, nymph-indicator, euro-nymph, chuck-and-duck, aquatic-worm, earthworm, evidence-I",TRUE,Size,#8,Color,Red,san-juan-worm-s8-red,2,shopify,0,continue,manual,2.25,TRUE,TRUE,San Juan Worm · hand-tied for Michigan rivers,"A chenille worm for high, off-color water in spring and after fall rains, when earthworms and aquatic worms wash into the drift. The DNR lists worms in brook trout diets but the notes found no Michigan guide naming it; fish it as a heavy point fly with an egg or nymph trailer during March to May run",draft
san-juan-worm,,,,,,,,,#8,,Pink,san-juan-worm-s8-pink,2,shopify,0,continue,manual,2.25,TRUE,TRUE,,,
san-juan-worm,,,,,,,,,#8,,Wine,san-juan-worm-s8-wine,2,shopify,0,continue,manual,2.25,TRUE,TRUE,,,
san-juan-worm,,,,,,,,,#8,,Tan,san-juan-worm-s8-tan,2,shopify,0,continue,manual,2.25,TRUE,TRUE,,,
san-juan-worm,,,,,,,,,#10,,Red,san-juan-worm-s10-red,2,shopify,0,continue,manual,2.25,TRUE,TRUE,,,
san-juan-worm,,,,,,,,,#10,,Pink,san-juan-worm-s10-pink,2,shopify,0,continue,manual,2.25,TRUE,TRUE,,,
san-juan-worm,,,,,,,,,#10,,Wine,san-juan-worm-s10-wine,2,shopify,0,continue,manual,2.25,TRUE,TRUE,,,
san-juan-worm,,,,,,,,,#10,,Tan,san-juan-worm-s10-tan,2,shopify,0,continue,manual,2.25,TRUE,TRUE,,,
san-juan-worm,,,,,,,,,#12,,Red,san-juan-worm-s12-red,2,shopify,0,continue,manual,2.25,TRUE,TRUE,,,
san-juan-worm,,,,,,,,,#12,,Pink,san-juan-worm-s12-pink,2,shopify,0,continue,manual,2.25,TRUE,TRUE,,,
san-juan-worm,,,,,,,,,#12,,Wine,san-juan-worm-s12-wine,2,shopify,0,continue,manual,2.25,TRUE,TRUE,,,
san-juan-worm,,,,,,,,,#12,,Tan,san-juan-worm-s12-tan,2,shopify,0,continue,manual,2.25,TRUE,TRUE,,,
san-juan-worm,,,,,,,,,#14,,Red,san-juan-worm-s14-red,2,shopify,0,continue,manual,2.25,TRUE,TRUE,,,
san-juan-worm,,,,,,,,,#14,,Pink,san-juan-worm-s14-pink,2,shopify,0,continue,manual,2.25,TRUE,TRUE,,,
san-juan-worm,,,,,,,,,#14,,Wine,san-juan-worm-s14-wine,2,shopify,0,continue,manual,2.25,TRUE,TRUE,,,
san-juan-worm,,,,,,,,,#14,,Tan,san-juan-worm-s14-tan,2,shopify,0,continue,manual,2.25,TRUE,TRUE,,,
squirmy-wormy,Squirmy Wormy,"<p>A soft silicone worm with more action than chenille, fished the same way as a San Juan in high spring water for trout and steelhead. Not named in Michigan sources; a generic runoff fly that pairs with a Clown Egg under an indicator from March through May. Silicone counts as an artificial fly only if it is attached with thread and unscented.</p><p><strong>Fish it for:</strong> Brown trout, Rainbow trout (resident), Steelhead</p><p>Hand-tied in Michigan for Michigan rivers. See when and where to fish it at michiganflies.com/flies/squirmy-wormy.</p>",Michigan Flies,Sporting Goods > Outdoor Recreation > Fishing > Fishing Tackle > Fishing Baits & Lures,Worm,"Worm, Brown trout, Rainbow trout (resident), Steelhead, nymph-indicator, euro-nymph, chuck-and-duck, aquatic-worm, earthworm, evidence-I",TRUE,Size,#8,Color,Pink,squirmy-wormy-s8-pink,2,shopify,0,continue,manual,2.25,TRUE,TRUE,Squirmy Wormy · hand-tied for Michigan rivers,"A soft silicone worm with more action than chenille, fished the same way as a San Juan in high spring water for trout and steelhead. Not named in Michigan sources; a generic runoff fly that pairs with a Clown Egg under an indicator from March through May. Silicone counts as an artificial fly only if",draft
squirmy-wormy,,,,,,,,,#8,,Red,squirmy-wormy-s8-red,2,shopify,0,continue,manual,2.25,TRUE,TRUE,,,
squirmy-wormy,,,,,,,,,#8,,Wine,squirmy-wormy-s8-wine,2,shopify,0,continue,manual,2.25,TRUE,TRUE,,,
squirmy-wormy,,,,,,,,,#8,,Chartreuse,squirmy-wormy-s8-chartreuse,2,shopify,0,continue,manual,2.25,TRUE,TRUE,,,
squirmy-wormy,,,,,,,,,#10,,Pink,squirmy-wormy-s10-pink,2,shopify,0,continue,manual,2.25,TRUE,TRUE,,,
squirmy-wormy,,,,,,,,,#10,,Red,squirmy-wormy-s10-red,2,shopify,0,continue,manual,2.25,TRUE,TRUE,,,
squirmy-wormy,,,,,,,,,#10,,Wine,squirmy-wormy-s10-wine,2,shopify,0,continue,manual,2.25,TRUE,TRUE,,,
squirmy-wormy,,,,,,,,,#10,,Chartreuse,squirmy-wormy-s10-chartreuse,2,shopify,0,continue,manual,2.25,TRUE,TRUE,,,
squirmy-wormy,,,,,,,,,#12,,Pink,squirmy-wormy-s12-pink,2,shopify,0,continue,manual,2.25,TRUE,TRUE,,,
squirmy-wormy,,,,,,,,,#12,,Red,squirmy-wormy-s12-red,2,shopify,0,continue,manual,2.25,TRUE,TRUE,,,
squirmy-wormy,,,,,,,,,#12,,Wine,squirmy-wormy-s12-wine,2,shopify,0,continue,manual,2.25,TRUE,TRUE,,,
squirmy-wormy,,,,,,,,,#12,,Chartreuse,squirmy-wormy-s12-chartreuse,2,shopify,0,continue,manual,2.25,TRUE,TRUE,,,
squirmy-wormy,,,,,,,,,#14,,Pink,squirmy-wormy-s14-pink,2,shopify,0,continue,manual,2.25,TRUE,TRUE,,,
squirmy-wormy,,,,,,,,,#14,,Red,squirmy-wormy-s14-red,2,shopify,0,continue,manual,2.25,TRUE,TRUE,,,
squirmy-wormy,,,,,,,,,#14,,Wine,squirmy-wormy-s14-wine,2,shopify,0,continue,manual,2.25,TRUE,TRUE,,,
squirmy-wormy,,,,,,,,,#14,,Chartreuse,squirmy-wormy-s14-chartreuse,2,shopify,0,continue,manual,2.25,TRUE,TRUE,,,
