Handle,Title,Body (HTML),Vendor,Product Category,Type,Tags,Published,Option1 Name,Option1 Value,Option2 Name,Option2 Value,Variant SKU,Variant Grams,Variant Inventory Tracker,Variant Inventory Qty,Variant Inventory Policy,Variant Fulfillment Service,Variant Price,Variant Requires Shipping,Variant Taxable,SEO Title,SEO Description,Status
adams-parachute,Adams (and Parachute Adams),"<p>Michigan's own fly, born on the Boardman, and still the default searching dry on every river in the state. Hawkins recommends a slim-tied #10 to #12 Adams for Gray Drake spinner falls at dusk on the Pere Marquette and Muskegon, and smaller sizes pass for most gray-winged mayflies from April through October.</p><p><strong>Imitates:</strong> Gray Drake, Hendrickson, March Brown, Blue Quill, Black Quill, Isonychia, Blue-Winged Olive</p><p><strong>Fish it for:</strong> Brown trout, Brook trout, Rainbow trout (resident)</p><p><em>Boardman River, Michigan</em></p><p>Hand-tied in Michigan for Michigan rivers. See when and where to fish it at michiganflies.com/flies/adams-parachute.</p>",Michigan Flies,Sporting Goods > Outdoor Recreation > Fishing > Fishing Tackle > Fishing Baits & Lures,Dry fly,"Dry fly, Brown trout, Brook trout, Rainbow trout (resident), dry-fly, gray-drake, hendrickson, march-brown, blue-quill, black-quill, isonychia, blue-winged-olive, evidence-A",TRUE,Size,#10,Color,Gray (standard),adams-parachute-s10-gray-standard,2,shopify,0,continue,manual,3.00,TRUE,TRUE,Adams (and Parachute Adams) · hand-tied for Michigan rivers,"Michigan's own fly, born on the Boardman, and still the default searching dry on every river in the state. Hawkins recommends a slim-tied #10 to #12 Adams for Gray Drake spinner falls at dusk on the Pere Marquette and Muskegon, and smaller sizes pass for most gray-winged mayflies from April through ",draft
adams-parachute,,,,,,,,,#10,,Slim-bodied #10-12 for Gray Drake,adams-parachute-s10-slim-bodied-10-12-for-gray-drake,2,shopify,0,continue,manual,3.00,TRUE,TRUE,,,
adams-parachute,,,,,,,,,#12,,Gray (standard),adams-parachute-s12-gray-standard,2,shopify,0,continue,manual,3.00,TRUE,TRUE,,,
adams-parachute,,,,,,,,,#12,,Slim-bodied #10-12 for Gray Drake,adams-parachute-s12-slim-bodied-10-12-for-gray-drake,2,shopify,0,continue,manual,3.00,TRUE,TRUE,,,
adams-parachute,,,,,,,,,#14,,Gray (standard),adams-parachute-s14-gray-standard,2,shopify,0,continue,manual,3.00,TRUE,TRUE,,,
adams-parachute,,,,,,,,,#14,,Slim-bodied #10-12 for Gray Drake,adams-parachute-s14-slim-bodied-10-12-for-gray-drake,2,shopify,0,continue,manual,3.00,TRUE,TRUE,,,
adams-parachute,,,,,,,,,#16,,Gray (standard),adams-parachute-s16-gray-standard,2,shopify,0,continue,manual,3.00,TRUE,TRUE,,,
adams-parachute,,,,,,,,,#16,,Slim-bodied #10-12 for Gray Drake,adams-parachute-s16-slim-bodied-10-12-for-gray-drake,2,shopify,0,continue,manual,3.00,TRUE,TRUE,,,
adams-parachute,,,,,,,,,#18,,Gray (standard),adams-parachute-s18-gray-standard,2,shopify,0,continue,manual,3.00,TRUE,TRUE,,,
adams-parachute,,,,,,,,,#18,,Slim-bodied #10-12 for Gray Drake,adams-parachute-s18-slim-bodied-10-12-for-gray-drake,2,shopify,0,continue,manual,3.00,TRUE,TRUE,,,
adams-parachute,,,,,,,,,#20,,Gray (standard),adams-parachute-s20-gray-standard,2,shopify,0,continue,manual,3.00,TRUE,TRUE,,,
adams-parachute,,,,,,,,,#20,,Slim-bodied #10-12 for Gray Drake,adams-parachute-s20-slim-bodied-10-12-for-gray-drake,2,shopify,0,continue,manual,3.00,TRUE,TRUE,,,
bwo-parachute,Blue-Winged Olive Parachute,"<p>Baetis hatch three broods in Michigan, with the biggest in early May, a second in late June and a third in September, and they run through winter on the Muskegon and Big Manistee tailwaters. Current Works lists BWOs #16 to #22 as year-round on the Upper Manistee. Fish it midday, especially on overcast, drizzly afternoons, and go down to #24 for the late-season Pseudocloeon on the Muskegon.</p><p><strong>Imitates:</strong> Blue-Winged Olive</p><p><strong>Fish it for:</strong> Brown trout, Brook trout, Rainbow trout (resident)</p><p>Hand-tied in Michigan for Michigan rivers. See when and where to fish it at michiganflies.com/flies/bwo-parachute.</p>",Michigan Flies,Sporting Goods > Outdoor Recreation > Fishing > Fishing Tackle > Fishing Baits & Lures,Dry fly,"Dry fly, Brown trout, Brook trout, Rainbow trout (resident), dry-fly, blue-winged-olive, evidence-A",TRUE,Size,#14,Color,"Olive body, gray wing",bwo-parachute-s14-olive-body-gray-wing,2,shopify,0,continue,manual,3.00,TRUE,TRUE,Blue-Winged Olive Parachute · hand-tied for Michigan rivers,"Baetis hatch three broods in Michigan, with the biggest in early May, a second in late June and a third in September, and they run through winter on the Muskegon and Big Manistee tailwaters. Current Works lists BWOs #16 to #22 as year-round on the Upper Manistee. Fish it midday, especially on overca",draft
bwo-parachute,,,,,,,,,#14,,Olive-brown,bwo-parachute-s14-olive-brown,2,shopify,0,continue,manual,3.00,TRUE,TRUE,,,
bwo-parachute,,,,,,,,,#16,,"Olive body, gray wing",bwo-parachute-s16-olive-body-gray-wing,2,shopify,0,continue,manual,3.00,TRUE,TRUE,,,
bwo-parachute,,,,,,,,,#16,,Olive-brown,bwo-parachute-s16-olive-brown,2,shopify,0,continue,manual,3.00,TRUE,TRUE,,,
bwo-parachute,,,,,,,,,#18,,"Olive body, gray wing",bwo-parachute-s18-olive-body-gray-wing,2,shopify,0,continue,manual,3.00,TRUE,TRUE,,,
bwo-parachute,,,,,,,,,#18,,Olive-brown,bwo-parachute-s18-olive-brown,2,shopify,0,continue,manual,3.00,TRUE,TRUE,,,
bwo-parachute,,,,,,,,,#20,,"Olive body, gray wing",bwo-parachute-s20-olive-body-gray-wing,2,shopify,0,continue,manual,3.00,TRUE,TRUE,,,
bwo-parachute,,,,,,,,,#20,,Olive-brown,bwo-parachute-s20-olive-brown,2,shopify,0,continue,manual,3.00,TRUE,TRUE,,,
bwo-parachute,,,,,,,,,#22,,"Olive body, gray wing",bwo-parachute-s22-olive-body-gray-wing,2,shopify,0,continue,manual,3.00,TRUE,TRUE,,,
bwo-parachute,,,,,,,,,#22,,Olive-brown,bwo-parachute-s22-olive-brown,2,shopify,0,continue,manual,3.00,TRUE,TRUE,,,
bwo-parachute,,,,,,,,,#24,,"Olive body, gray wing",bwo-parachute-s24-olive-body-gray-wing,2,shopify,0,continue,manual,3.00,TRUE,TRUE,,,
bwo-parachute,,,,,,,,,#24,,Olive-brown,bwo-parachute-s24-olive-brown,2,shopify,0,continue,manual,3.00,TRUE,TRUE,,,
borchers-parachute,Borchers Parachute,"<p>Grayling's dark all-purpose mayfly, listed by Hawkins in #10 to #16 for Mahogany and Isonychia spinners. It doubles as a Hendrickson and Black Quill dun in spring and a fall Mahogany Dun on the Pere Marquette from mid September through October. Fish it at dusk for Iso spinner falls from June through September.</p><p><strong>Imitates:</strong> Mahogany Dun, Isonychia, Blue Quill, Black Quill, Hendrickson</p><p><strong>Fish it for:</strong> Brown trout, Brook trout, Rainbow trout (resident)</p><p><em>Ernie Borchers, Grayling (Au Sable River)</em></p><p>Hand-tied in Michigan for Michigan rivers. See when and where to fish it at michiganflies.com/flies/borchers-parachute.</p>",Michigan Flies,Sporting Goods > Outdoor Recreation > Fishing > Fishing Tackle > Fishing Baits & Lures,Dry fly,"Dry fly, Brown trout, Brook trout, Rainbow trout (resident), dry-fly, mahogany-dun, isonychia, blue-quill, black-quill, hendrickson, evidence-A",TRUE,Size,#10,Color,"Dark turkey-quill body, brown hackle",borchers-parachute-s10-dark-turkey-quill-body-brown-hackle,2,shopify,0,continue,manual,3.00,TRUE,TRUE,Borchers Parachute · hand-tied for Michigan rivers,"Grayling's dark all-purpose mayfly, listed by Hawkins in #10 to #16 for Mahogany and Isonychia spinners. It doubles as a Hendrickson and Black Quill dun in spring and a fall Mahogany Dun on the Pere Marquette from mid September through October. Fish it at dusk for Iso spinner falls from June through",draft
borchers-parachute,,,,,,,,,#12,,"Dark turkey-quill body, brown hackle",borchers-parachute-s12-dark-turkey-quill-body-brown-hackle,2,shopify,0,continue,manual,3.00,TRUE,TRUE,,,
borchers-parachute,,,,,,,,,#14,,"Dark turkey-quill body, brown hackle",borchers-parachute-s14-dark-turkey-quill-body-brown-hackle,2,shopify,0,continue,manual,3.00,TRUE,TRUE,,,
borchers-parachute,,,,,,,,,#16,,"Dark turkey-quill body, brown hackle",borchers-parachute-s16-dark-turkey-quill-body-brown-hackle,2,shopify,0,continue,manual,3.00,TRUE,TRUE,,,
brown-drake-parachute,Brown Drake Parachute,"<p>Brown Drakes hatch at dusk into darkness for only three to seven nights per reach, moving upriver, from late May to mid June on the Au Sable, Pere Marquette and Upper Manistee (mid June to mid July in the U.P.). Fish a #8 to #12 extended-body parachute from 8 pm to midnight over sand and silt flats where the nymphs burrow.</p><p><strong>Imitates:</strong> Brown Drake</p><p><strong>Fish it for:</strong> Brown trout, Brook trout, Rainbow trout (resident)</p><p>Hand-tied in Michigan for Michigan rivers. See when and where to fish it at michiganflies.com/flies/brown-drake-parachute.</p>",Michigan Flies,Sporting Goods > Outdoor Recreation > Fishing > Fishing Tackle > Fishing Baits & Lures,Dry fly,"Dry fly, Brown trout, Brook trout, Rainbow trout (resident), dry-fly, brown-drake, evidence-A",TRUE,Size,#8,Color,"Brownish tan body, mottled brown wing",brown-drake-parachute-s8-brownish-tan-body-mottled-brown-wing,2,shopify,0,continue,manual,3.00,TRUE,TRUE,Brown Drake Parachute · hand-tied for Michigan rivers,"Brown Drakes hatch at dusk into darkness for only three to seven nights per reach, moving upriver, from late May to mid June on the Au Sable, Pere Marquette and Upper Manistee (mid June to mid July in the U.P.). Fish a #8 to #12 extended-body parachute from 8 pm to midnight over sand and silt flats ",draft
brown-drake-parachute,,,,,,,,,#10,,"Brownish tan body, mottled brown wing",brown-drake-parachute-s10-brownish-tan-body-mottled-brown-wing,2,shopify,0,continue,manual,3.00,TRUE,TRUE,,,
brown-drake-parachute,,,,,,,,,#12,,"Brownish tan body, mottled brown wing",brown-drake-parachute-s12-brownish-tan-body-mottled-brown-wing,2,shopify,0,continue,manual,3.00,TRUE,TRUE,,,
brown-drake-spinner,Brown Drake Spinner,"<p>The spinner fall at dusk into darkness is the best Brown Drake fishing, often on the same nights as the emergence in early June. Fish a #8 to #10 spent-wing pattern with a short leader on the South Branch Au Sable, Boardman and Pere Marquette, listening for rises after dark.</p><p><strong>Imitates:</strong> Brown Drake</p><p><strong>Fish it for:</strong> Brown trout, Brook trout, Rainbow trout (resident)</p><p>Hand-tied in Michigan for Michigan rivers. See when and where to fish it at michiganflies.com/flies/brown-drake-spinner.</p>",Michigan Flies,Sporting Goods > Outdoor Recreation > Fishing > Fishing Tackle > Fishing Baits & Lures,Dry fly,"Dry fly, Brown trout, Brook trout, Rainbow trout (resident), dry-fly, brown-drake, evidence-A",TRUE,Size,#8,Color,Dark brown with blotched wings,brown-drake-spinner-s8-dark-brown-with-blotched-wings,2,shopify,0,continue,manual,3.00,TRUE,TRUE,Brown Drake Spinner · hand-tied for Michigan rivers,"The spinner fall at dusk into darkness is the best Brown Drake fishing, often on the same nights as the emergence in early June. Fish a #8 to #10 spent-wing pattern with a short leader on the South Branch Au Sable, Boardman and Pere Marquette, listening for rises after dark.",draft
brown-drake-spinner,,,,,,,,,#10,,Dark brown with blotched wings,brown-drake-spinner-s10-dark-brown-with-blotched-wings,2,shopify,0,continue,manual,3.00,TRUE,TRUE,,,
elk-hair-caddis,Elk Hair Caddis,"<p>The all-purpose adult caddis for Michigan's May through October caddis season, which Houghton's Manistee work shows peaking in early to mid July with flight heaviest an hour or two after sunset. Carry tan #14 to #16 for Hydropsyche, black #16 to #20 for the spring black caddis, and #8 to #10 orange for October Caddis. Skitter it at dusk when egg-layers are on the water.</p><p><strong>Imitates:</strong> Tan Caddis, Grannom, Little Sister Sedge, Little Black Caddis, White Miller, October Caddis</p><p><strong>Fish it for:</strong> Brown trout, Brook trout, Rainbow trout (resident)</p><p>Hand-tied in Michigan for Michigan rivers. See when and where to fish it at michiganflies.com/flies/elk-hair-caddis.</p>",Michigan Flies,Sporting Goods > Outdoor Recreation > Fishing > Fishing Tackle > Fishing Baits & Lures,Dry fly,"Dry fly, Brown trout, Brook trout, Rainbow trout (resident), dry-fly, tan-caddis, grannom, little-sister-caddis, little-black-caddis, white-miller, october-caddis, evidence-I",TRUE,Size,#10,Color,Tan,elk-hair-caddis-s10-tan,2,shopify,0,continue,manual,3.00,TRUE,TRUE,Elk Hair Caddis · hand-tied for Michigan rivers,"The all-purpose adult caddis for Michigan's May through October caddis season, which Houghton's Manistee work shows peaking in early to mid July with flight heaviest an hour or two after sunset. Carry tan #14 to #16 for Hydropsyche, black #16 to #20 for the spring black caddis, and #8 to #10 orange ",draft
elk-hair-caddis,,,,,,,,,#10,,Olive,elk-hair-caddis-s10-olive,2,shopify,0,continue,manual,3.00,TRUE,TRUE,,,
elk-hair-caddis,,,,,,,,,#10,,Black,elk-hair-caddis-s10-black,2,shopify,0,continue,manual,3.00,TRUE,TRUE,,,
elk-hair-caddis,,,,,,,,,#10,,Cream (White Miller),elk-hair-caddis-s10-cream-white-miller,2,shopify,0,continue,manual,3.00,TRUE,TRUE,,,
elk-hair-caddis,,,,,,,,,#10,,Orange (October Caddis),elk-hair-caddis-s10-orange-october-caddis,2,shopify,0,continue,manual,3.00,TRUE,TRUE,,,
elk-hair-caddis,,,,,,,,,#12,,Tan,elk-hair-caddis-s12-tan,2,shopify,0,continue,manual,3.00,TRUE,TRUE,,,
elk-hair-caddis,,,,,,,,,#12,,Olive,elk-hair-caddis-s12-olive,2,shopify,0,continue,manual,3.00,TRUE,TRUE,,,
elk-hair-caddis,,,,,,,,,#12,,Black,elk-hair-caddis-s12-black,2,shopify,0,continue,manual,3.00,TRUE,TRUE,,,
elk-hair-caddis,,,,,,,,,#12,,Cream (White Miller),elk-hair-caddis-s12-cream-white-miller,2,shopify,0,continue,manual,3.00,TRUE,TRUE,,,
elk-hair-caddis,,,,,,,,,#12,,Orange (October Caddis),elk-hair-caddis-s12-orange-october-caddis,2,shopify,0,continue,manual,3.00,TRUE,TRUE,,,
elk-hair-caddis,,,,,,,,,#14,,Tan,elk-hair-caddis-s14-tan,2,shopify,0,continue,manual,3.00,TRUE,TRUE,,,
elk-hair-caddis,,,,,,,,,#14,,Olive,elk-hair-caddis-s14-olive,2,shopify,0,continue,manual,3.00,TRUE,TRUE,,,
elk-hair-caddis,,,,,,,,,#14,,Black,elk-hair-caddis-s14-black,2,shopify,0,continue,manual,3.00,TRUE,TRUE,,,
elk-hair-caddis,,,,,,,,,#14,,Cream (White Miller),elk-hair-caddis-s14-cream-white-miller,2,shopify,0,continue,manual,3.00,TRUE,TRUE,,,
elk-hair-caddis,,,,,,,,,#14,,Orange (October Caddis),elk-hair-caddis-s14-orange-october-caddis,2,shopify,0,continue,manual,3.00,TRUE,TRUE,,,
elk-hair-caddis,,,,,,,,,#16,,Tan,elk-hair-caddis-s16-tan,2,shopify,0,continue,manual,3.00,TRUE,TRUE,,,
elk-hair-caddis,,,,,,,,,#16,,Olive,elk-hair-caddis-s16-olive,2,shopify,0,continue,manual,3.00,TRUE,TRUE,,,
elk-hair-caddis,,,,,,,,,#16,,Black,elk-hair-caddis-s16-black,2,shopify,0,continue,manual,3.00,TRUE,TRUE,,,
elk-hair-caddis,,,,,,,,,#16,,Cream (White Miller),elk-hair-caddis-s16-cream-white-miller,2,shopify,0,continue,manual,3.00,TRUE,TRUE,,,
elk-hair-caddis,,,,,,,,,#16,,Orange (October Caddis),elk-hair-caddis-s16-orange-october-caddis,2,shopify,0,continue,manual,3.00,TRUE,TRUE,,,
elk-hair-caddis,,,,,,,,,#18,,Tan,elk-hair-caddis-s18-tan,2,shopify,0,continue,manual,3.00,TRUE,TRUE,,,
elk-hair-caddis,,,,,,,,,#18,,Olive,elk-hair-caddis-s18-olive,2,shopify,0,continue,manual,3.00,TRUE,TRUE,,,
elk-hair-caddis,,,,,,,,,#18,,Black,elk-hair-caddis-s18-black,2,shopify,0,continue,manual,3.00,TRUE,TRUE,,,
elk-hair-caddis,,,,,,,,,#18,,Cream (White Miller),elk-hair-caddis-s18-cream-white-miller,2,shopify,0,continue,manual,3.00,TRUE,TRUE,,,
elk-hair-caddis,,,,,,,,,#18,,Orange (October Caddis),elk-hair-caddis-s18-orange-october-caddis,2,shopify,0,continue,manual,3.00,TRUE,TRUE,,,
elk-hair-caddis,,,,,,,,,#20,,Tan,elk-hair-caddis-s20-tan,2,shopify,0,continue,manual,3.00,TRUE,TRUE,,,
elk-hair-caddis,,,,,,,,,#20,,Olive,elk-hair-caddis-s20-olive,2,shopify,0,continue,manual,3.00,TRUE,TRUE,,,
elk-hair-caddis,,,,,,,,,#20,,Black,elk-hair-caddis-s20-black,2,shopify,0,continue,manual,3.00,TRUE,TRUE,,,
elk-hair-caddis,,,,,,,,,#20,,Cream (White Miller),elk-hair-caddis-s20-cream-white-miller,2,shopify,0,continue,manual,3.00,TRUE,TRUE,,,
elk-hair-caddis,,,,,,,,,#20,,Orange (October Caddis),elk-hair-caddis-s20-orange-october-caddis,2,shopify,0,continue,manual,3.00,TRUE,TRUE,,,
hex-spinner,Hex Spinner,"<p>Hex spinners fall shortly after dark one to three nights after the duns emerge, and the spent-wing pattern is what the largest browns eat once the flat is covered in dead bugs. Fish a #4 to #8 spinner from about 10:30 pm on Au Sable, Manistee and Pere Marquette silt flats in late June and early July.</p><p><strong>Imitates:</strong> Hex</p><p><strong>Fish it for:</strong> Brown trout, Brook trout, Rainbow trout (resident)</p><p>Hand-tied in Michigan for Michigan rivers. See when and where to fish it at michiganflies.com/flies/hex-spinner.</p>",Michigan Flies,Sporting Goods > Outdoor Recreation > Fishing > Fishing Tackle > Fishing Baits & Lures,Dry fly,"Dry fly, Brown trout, Brook trout, Rainbow trout (resident), dry-fly, hex, evidence-A",TRUE,Size,#4,Color,"Yellow body, clear or gray wings",hex-spinner-s4-yellow-body-clear-or-gray-wings,2,shopify,0,continue,manual,3.00,TRUE,TRUE,Hex Spinner · hand-tied for Michigan rivers,"Hex spinners fall shortly after dark one to three nights after the duns emerge, and the spent-wing pattern is what the largest browns eat once the flat is covered in dead bugs. Fish a #4 to #8 spinner from about 10:30 pm on Au Sable, Manistee and Pere Marquette silt flats in late June and early July",draft
hex-spinner,,,,,,,,,#4,,Dark Hex,hex-spinner-s4-dark-hex,2,shopify,0,continue,manual,3.00,TRUE,TRUE,,,
hex-spinner,,,,,,,,,#6,,"Yellow body, clear or gray wings",hex-spinner-s6-yellow-body-clear-or-gray-wings,2,shopify,0,continue,manual,3.00,TRUE,TRUE,,,
hex-spinner,,,,,,,,,#6,,Dark Hex,hex-spinner-s6-dark-hex,2,shopify,0,continue,manual,3.00,TRUE,TRUE,,,
hex-spinner,,,,,,,,,#8,,"Yellow body, clear or gray wings",hex-spinner-s8-yellow-body-clear-or-gray-wings,2,shopify,0,continue,manual,3.00,TRUE,TRUE,,,
hex-spinner,,,,,,,,,#8,,Dark Hex,hex-spinner-s8-dark-hex,2,shopify,0,continue,manual,3.00,TRUE,TRUE,,,
little-black-caddis-adult,Little Black Caddis (Chimarra),"<p>Chimarra aterrima emerges midday and lays eggs late afternoon from April 20 to June 30, peaking May 1 to 14, alongside the Hendricksons on the Au Sable, Upper Manistee, Boardman and Pere Marquette; on the Muskegon black caddis are extremely heavy at dusk mid May through June. Fish a #16 to #20 black adult or emerger low in the film.</p><p><strong>Imitates:</strong> Little Black Caddis</p><p><strong>Fish it for:</strong> Brown trout, Brook trout, Rainbow trout (resident)</p><p>Hand-tied in Michigan for Michigan rivers. See when and where to fish it at michiganflies.com/flies/little-black-caddis-adult.</p>",Michigan Flies,Sporting Goods > Outdoor Recreation > Fishing > Fishing Tackle > Fishing Baits & Lures,Dry fly,"Dry fly, Brown trout, Brook trout, Rainbow trout (resident), dry-fly, little-black-caddis, evidence-A",TRUE,Size,#16,Color,"Black body, dark wing",little-black-caddis-adult-s16-black-body-dark-wing,2,shopify,0,continue,manual,3.00,TRUE,TRUE,Little Black Caddis (Chimarra) · hand-tied for Michigan rivers,"Chimarra aterrima emerges midday and lays eggs late afternoon from April 20 to June 30, peaking May 1 to 14, alongside the Hendricksons on the Au Sable, Upper Manistee, Boardman and Pere Marquette; on the Muskegon black caddis are extremely heavy at dusk mid May through June. Fish a #16 to #20 black",draft
little-black-caddis-adult,,,,,,,,,#16,,CDC black caddis,little-black-caddis-adult-s16-cdc-black-caddis,2,shopify,0,continue,manual,3.00,TRUE,TRUE,,,
little-black-caddis-adult,,,,,,,,,#18,,"Black body, dark wing",little-black-caddis-adult-s18-black-body-dark-wing,2,shopify,0,continue,manual,3.00,TRUE,TRUE,,,
little-black-caddis-adult,,,,,,,,,#18,,CDC black caddis,little-black-caddis-adult-s18-cdc-black-caddis,2,shopify,0,continue,manual,3.00,TRUE,TRUE,,,
little-black-caddis-adult,,,,,,,,,#20,,"Black body, dark wing",little-black-caddis-adult-s20-black-body-dark-wing,2,shopify,0,continue,manual,3.00,TRUE,TRUE,,,
little-black-caddis-adult,,,,,,,,,#20,,CDC black caddis,little-black-caddis-adult-s20-cdc-black-caddis,2,shopify,0,continue,manual,3.00,TRUE,TRUE,,,
mccoys-all-day-dun,McCoy's All Day Dun (Hex),"<p>A Hex dun named by Hawkins for the giant Michigan mayfly, which emerges after dark once water reaches 68 F, peaking June 21 to July 7 on the Au Sable and Manistee (June 8 to 20 on the Muskegon, two to three weeks later in the U.P.). Fish it from 10 pm on a 6 ft 2X leader over silt banks, casting to the sound of rises.</p><p><strong>Imitates:</strong> Hex</p><p><strong>Fish it for:</strong> Brown trout, Brook trout, Rainbow trout (resident)</p><p><em>Ed McCoy, Mangled Fly, Manistee River</em></p><p>Hand-tied in Michigan for Michigan rivers. See when and where to fish it at michiganflies.com/flies/mccoys-all-day-dun.</p>",Michigan Flies,Sporting Goods > Outdoor Recreation > Fishing > Fishing Tackle > Fishing Baits & Lures,Dry fly,"Dry fly, Brown trout, Brook trout, Rainbow trout (resident), dry-fly, hex, evidence-A",TRUE,Size,#4,Color,Pale yellow with reddish-brown markings,mccoys-all-day-dun-s4-pale-yellow-with-reddish-brown-markings,2,shopify,0,continue,manual,3.00,TRUE,TRUE,McCoy's All Day Dun (Hex) · hand-tied for Michigan rivers,"A Hex dun named by Hawkins for the giant Michigan mayfly, which emerges after dark once water reaches 68 F, peaking June 21 to July 7 on the Au Sable and Manistee (June 8 to 20 on the Muskegon, two to three weeks later in the U.P.). Fish it from 10 pm on a 6 ft 2X leader over silt banks, casting to ",draft
mccoys-all-day-dun,,,,,,,,,#6,,Pale yellow with reddish-brown markings,mccoys-all-day-dun-s6-pale-yellow-with-reddish-brown-markings,2,shopify,0,continue,manual,3.00,TRUE,TRUE,,,
mccoys-all-day-dun,,,,,,,,,#8,,Pale yellow with reddish-brown markings,mccoys-all-day-dun-s8-pale-yellow-with-reddish-brown-markings,2,shopify,0,continue,manual,3.00,TRUE,TRUE,,,
real-mccoy-gray-drake-spinner,Real McCoy Gray Drake Spinner,"<p>Gray Drake nymphs crawl out to emerge, so the spinner is the only stage worth imitating, and this is the Michigan pattern for it. Spinner flights happen every evening from 7 pm until dark from the third week of May through July on the Muskegon and Pere Marquette, and in June on most northern rivers. Fish it over riffly current where the mating swarms drop.</p><p><strong>Imitates:</strong> Gray Drake</p><p><strong>Fish it for:</strong> Brown trout, Brook trout, Rainbow trout (resident)</p><p><em>Ed McCoy, Mangled Fly, Manistee River</em></p><p>Hand-tied in Michigan for Michigan rivers. See when and where to fish it at michiganflies.com/flies/real-mccoy-gray-drake-spinner.</p>",Michigan Flies,Sporting Goods > Outdoor Recreation > Fishing > Fishing Tackle > Fishing Baits & Lures,Dry fly,"Dry fly, Brown trout, Brook trout, Rainbow trout (resident), dry-fly, gray-drake, evidence-A",TRUE,Size,#8,Color,"Gray body with white head stripe, clear wings",real-mccoy-gray-drake-spinner-s8-gray-body-with-white-head-strip,2,shopify,0,continue,manual,3.00,TRUE,TRUE,Real McCoy Gray Drake Spinner · hand-tied for Michigan rivers,"Gray Drake nymphs crawl out to emerge, so the spinner is the only stage worth imitating, and this is the Michigan pattern for it. Spinner flights happen every evening from 7 pm until dark from the third week of May through July on the Muskegon and Pere Marquette, and in June on most northern rivers.",draft
real-mccoy-gray-drake-spinner,,,,,,,,,#10,,"Gray body with white head stripe, clear wings",real-mccoy-gray-drake-spinner-s10-gray-body-with-white-head-stri,2,shopify,0,continue,manual,3.00,TRUE,TRUE,,,
real-mccoy-gray-drake-spinner,,,,,,,,,#12,,"Gray body with white head stripe, clear wings",real-mccoy-gray-drake-spinner-s12-gray-body-with-white-head-stri,2,shopify,0,continue,manual,3.00,TRUE,TRUE,,,
regans-hendrickson-parachute,Regan's Hendrickson Parachute,"<p>The Au Sable guide standard for the first of the Big Five hatches, fished from the last week of April into mid May when water holds 50 to 55 F. Duns come off mid-afternoon (2 to 5 pm on the Au Sable) for one to two hours; drift it drag-free over riffles and tailouts. Carry both the dark male and lighter female shades in #12 and #14.</p><p><strong>Imitates:</strong> Hendrickson</p><p><strong>Fish it for:</strong> Brown trout, Brook trout, Rainbow trout (resident)</p><p><em>Au Sable River, Grayling</em></p><p>Hand-tied in Michigan for Michigan rivers. See when and where to fish it at michiganflies.com/flies/regans-hendrickson-parachute.</p>",Michigan Flies,Sporting Goods > Outdoor Recreation > Fishing > Fishing Tackle > Fishing Baits & Lures,Dry fly,"Dry fly, Brown trout, Brook trout, Rainbow trout (resident), dry-fly, hendrickson, evidence-A",TRUE,Size,#12,Color,Dark Hendrickson (reddish brown),regans-hendrickson-parachute-s12-dark-hendrickson-reddish-brown,2,shopify,0,continue,manual,3.00,TRUE,TRUE,Regan's Hendrickson Parachute · hand-tied for Michigan rivers,"The Au Sable guide standard for the first of the Big Five hatches, fished from the last week of April into mid May when water holds 50 to 55 F. Duns come off mid-afternoon (2 to 5 pm on the Au Sable) for one to two hours; drift it drag-free over riffles and tailouts. Carry both the dark male and lig",draft
regans-hendrickson-parachute,,,,,,,,,#12,,Light Hendrickson (creamy tan),regans-hendrickson-parachute-s12-light-hendrickson-creamy-tan,2,shopify,0,continue,manual,3.00,TRUE,TRUE,,,
regans-hendrickson-parachute,,,,,,,,,#14,,Dark Hendrickson (reddish brown),regans-hendrickson-parachute-s14-dark-hendrickson-reddish-brown,2,shopify,0,continue,manual,3.00,TRUE,TRUE,,,
regans-hendrickson-parachute,,,,,,,,,#14,,Light Hendrickson (creamy tan),regans-hendrickson-parachute-s14-light-hendrickson-creamy-tan,2,shopify,0,continue,manual,3.00,TRUE,TRUE,,,
regans-hendrickson-spinner,Regan's Hendrickson Spinner,"<p>Rusty spinner for the Hendrickson fall, which happens late afternoon into dusk over riffles and is often compressed into about thirty minutes. Cool evenings suppress the fall and push it to the next morning. Fish it flush in the film below riffles from late April through mid May.</p><p><strong>Imitates:</strong> Hendrickson</p><p><strong>Fish it for:</strong> Brown trout, Brook trout, Rainbow trout (resident)</p><p><em>Au Sable River, Grayling</em></p><p>Hand-tied in Michigan for Michigan rivers. See when and where to fish it at michiganflies.com/flies/regans-hendrickson-spinner.</p>",Michigan Flies,Sporting Goods > Outdoor Recreation > Fishing > Fishing Tackle > Fishing Baits & Lures,Dry fly,"Dry fly, Brown trout, Brook trout, Rainbow trout (resident), dry-fly, hendrickson, evidence-A",TRUE,Size,#12,Color,Rusty brown,regans-hendrickson-spinner-s12-rusty-brown,2,shopify,0,continue,manual,3.00,TRUE,TRUE,Regan's Hendrickson Spinner · hand-tied for Michigan rivers,"Rusty spinner for the Hendrickson fall, which happens late afternoon into dusk over riffles and is often compressed into about thirty minutes. Cool evenings suppress the fall and push it to the next morning. Fish it flush in the film below riffles from late April through mid May.",draft
regans-hendrickson-spinner,,,,,,,,,#14,,Rusty brown,regans-hendrickson-spinner-s14-rusty-brown,2,shopify,0,continue,manual,3.00,TRUE,TRUE,,,
roberts-yellow-drake,Roberts Yellow Drake,"<p>Grayling's all-purpose pale mayfly, an extended deer-hair body under a parachute post, sized #4 through #18 to cover Sulphurs, Cahills, Brown Drakes and the Hex. Hawkins names a large Roberts Yellow Drake as a Hex dun and spinner; fish it after dark in late June on a short 6 ft 2X leader. Every Au Sable shop stocks it.</p><p><strong>Imitates:</strong> Sulphur, Light Cahill, Brown Drake, Hex</p><p><strong>Fish it for:</strong> Brown trout, Brook trout, Rainbow trout (resident)</p><p><em>Clarence Roberts, Grayling (Au Sable River)</em></p><p>Hand-tied in Michigan for Michigan rivers. See when and where to fish it at michiganflies.com/flies/roberts-yellow-drake.</p>",Michigan Flies,Sporting Goods > Outdoor Recreation > Fishing > Fishing Tackle > Fishing Baits & Lures,Dry fly,"Dry fly, Brown trout, Brook trout, Rainbow trout (resident), dry-fly, sulphur-invaria, light-cahill, brown-drake, hex, evidence-A",TRUE,Size,#4,Color,Yellow (deer-hair body),roberts-yellow-drake-s4-yellow-deer-hair-body,2,shopify,0,continue,manual,3.00,TRUE,TRUE,Roberts Yellow Drake · hand-tied for Michigan rivers,"Grayling's all-purpose pale mayfly, an extended deer-hair body under a parachute post, sized #4 through #18 to cover Sulphurs, Cahills, Brown Drakes and the Hex. Hawkins names a large Roberts Yellow Drake as a Hex dun and spinner; fish it after dark in late June on a short 6 ft 2X leader. Every Au S",draft
roberts-yellow-drake,,,,,,,,,#4,,Yellow tied large for Hex,roberts-yellow-drake-s4-yellow-tied-large-for-hex,2,shopify,0,continue,manual,3.00,TRUE,TRUE,,,
roberts-yellow-drake,,,,,,,,,#6,,Yellow (deer-hair body),roberts-yellow-drake-s6-yellow-deer-hair-body,2,shopify,0,continue,manual,3.00,TRUE,TRUE,,,
roberts-yellow-drake,,,,,,,,,#6,,Yellow tied large for Hex,roberts-yellow-drake-s6-yellow-tied-large-for-hex,2,shopify,0,continue,manual,3.00,TRUE,TRUE,,,
roberts-yellow-drake,,,,,,,,,#8,,Yellow (deer-hair body),roberts-yellow-drake-s8-yellow-deer-hair-body,2,shopify,0,continue,manual,3.00,TRUE,TRUE,,,
roberts-yellow-drake,,,,,,,,,#8,,Yellow tied large for Hex,roberts-yellow-drake-s8-yellow-tied-large-for-hex,2,shopify,0,continue,manual,3.00,TRUE,TRUE,,,
roberts-yellow-drake,,,,,,,,,#10,,Yellow (deer-hair body),roberts-yellow-drake-s10-yellow-deer-hair-body,2,shopify,0,continue,manual,3.00,TRUE,TRUE,,,
roberts-yellow-drake,,,,,,,,,#10,,Yellow tied large for Hex,roberts-yellow-drake-s10-yellow-tied-large-for-hex,2,shopify,0,continue,manual,3.00,TRUE,TRUE,,,
roberts-yellow-drake,,,,,,,,,#12,,Yellow (deer-hair body),roberts-yellow-drake-s12-yellow-deer-hair-body,2,shopify,0,continue,manual,3.00,TRUE,TRUE,,,
roberts-yellow-drake,,,,,,,,,#12,,Yellow tied large for Hex,roberts-yellow-drake-s12-yellow-tied-large-for-hex,2,shopify,0,continue,manual,3.00,TRUE,TRUE,,,
roberts-yellow-drake,,,,,,,,,#14,,Yellow (deer-hair body),roberts-yellow-drake-s14-yellow-deer-hair-body,2,shopify,0,continue,manual,3.00,TRUE,TRUE,,,
roberts-yellow-drake,,,,,,,,,#14,,Yellow tied large for Hex,roberts-yellow-drake-s14-yellow-tied-large-for-hex,2,shopify,0,continue,manual,3.00,TRUE,TRUE,,,
roberts-yellow-drake,,,,,,,,,#16,,Yellow (deer-hair body),roberts-yellow-drake-s16-yellow-deer-hair-body,2,shopify,0,continue,manual,3.00,TRUE,TRUE,,,
roberts-yellow-drake,,,,,,,,,#16,,Yellow tied large for Hex,roberts-yellow-drake-s16-yellow-tied-large-for-hex,2,shopify,0,continue,manual,3.00,TRUE,TRUE,,,
roberts-yellow-drake,,,,,,,,,#18,,Yellow (deer-hair body),roberts-yellow-drake-s18-yellow-deer-hair-body,2,shopify,0,continue,manual,3.00,TRUE,TRUE,,,
roberts-yellow-drake,,,,,,,,,#18,,Yellow tied large for Hex,roberts-yellow-drake-s18-yellow-tied-large-for-hex,2,shopify,0,continue,manual,3.00,TRUE,TRUE,,,
rusty-spinner,Rusty Spinner,"<p>Supinski's Muskegon chart says 'rusty spinners at dark' for Sulphurs, and the same fly covers Hendrickson, Cahill and March Brown falls over riffles at sunset. Fish it flush in the film at dusk from May through July when you see spent wings in the foam lines.</p><p><strong>Imitates:</strong> Sulphur, Little Sulphur, Hendrickson, Light Cahill, March Brown</p><p><strong>Fish it for:</strong> Brown trout, Brook trout, Rainbow trout (resident)</p><p>Hand-tied in Michigan for Michigan rivers. See when and where to fish it at michiganflies.com/flies/rusty-spinner.</p>",Michigan Flies,Sporting Goods > Outdoor Recreation > Fishing > Fishing Tackle > Fishing Baits & Lures,Dry fly,"Dry fly, Brown trout, Brook trout, Rainbow trout (resident), dry-fly, sulphur-invaria, sulphur-dorothea, hendrickson, light-cahill, march-brown, evidence-A",TRUE,Size,#12,Color,Rusty brown,rusty-spinner-s12-rusty-brown,2,shopify,0,continue,manual,3.00,TRUE,TRUE,Rusty Spinner · hand-tied for Michigan rivers,"Supinski's Muskegon chart says 'rusty spinners at dark' for Sulphurs, and the same fly covers Hendrickson, Cahill and March Brown falls over riffles at sunset. Fish it flush in the film at dusk from May through July when you see spent wings in the foam lines.",draft
rusty-spinner,,,,,,,,,#12,,Rust with clear wings,rusty-spinner-s12-rust-with-clear-wings,2,shopify,0,continue,manual,3.00,TRUE,TRUE,,,
rusty-spinner,,,,,,,,,#14,,Rusty brown,rusty-spinner-s14-rusty-brown,2,shopify,0,continue,manual,3.00,TRUE,TRUE,,,
rusty-spinner,,,,,,,,,#14,,Rust with clear wings,rusty-spinner-s14-rust-with-clear-wings,2,shopify,0,continue,manual,3.00,TRUE,TRUE,,,
rusty-spinner,,,,,,,,,#16,,Rusty brown,rusty-spinner-s16-rusty-brown,2,shopify,0,continue,manual,3.00,TRUE,TRUE,,,
rusty-spinner,,,,,,,,,#16,,Rust with clear wings,rusty-spinner-s16-rust-with-clear-wings,2,shopify,0,continue,manual,3.00,TRUE,TRUE,,,
rusty-spinner,,,,,,,,,#18,,Rusty brown,rusty-spinner-s18-rusty-brown,2,shopify,0,continue,manual,3.00,TRUE,TRUE,,,
rusty-spinner,,,,,,,,,#18,,Rust with clear wings,rusty-spinner-s18-rust-with-clear-wings,2,shopify,0,continue,manual,3.00,TRUE,TRUE,,,
rusty-spinner,,,,,,,,,#20,,Rusty brown,rusty-spinner-s20-rusty-brown,2,shopify,0,continue,manual,3.00,TRUE,TRUE,,,
rusty-spinner,,,,,,,,,#20,,Rust with clear wings,rusty-spinner-s20-rust-with-clear-wings,2,shopify,0,continue,manual,3.00,TRUE,TRUE,,,
trico-spinner,Trico Spinner,"<p>The morning spinner fall, 6 to 10 am, from July 20 to mid October on the Au Sable, Boardman and Pere Marquette (August 3 onward in the U.P.). Supinski's Muskegon chart says fish #24 double spinner patterns, since fish gorge on clumps. Requires 6X to 7X and a downstream drift over flat water.</p><p><strong>Imitates:</strong> Trico</p><p><strong>Fish it for:</strong> Brown trout, Brook trout, Rainbow trout (resident)</p><p>Hand-tied in Michigan for Michigan rivers. See when and where to fish it at michiganflies.com/flies/trico-spinner.</p>",Michigan Flies,Sporting Goods > Outdoor Recreation > Fishing > Fishing Tackle > Fishing Baits & Lures,Dry fly,"Dry fly, Brown trout, Brook trout, Rainbow trout (resident), dry-fly, trico, evidence-A",TRUE,Size,#20,Color,"Black body, clear wings (female)",trico-spinner-s20-black-body-clear-wings-female,2,shopify,0,continue,manual,3.00,TRUE,TRUE,Trico Spinner · hand-tied for Michigan rivers,"The morning spinner fall, 6 to 10 am, from July 20 to mid October on the Au Sable, Boardman and Pere Marquette (August 3 onward in the U.P.). Supinski's Muskegon chart says fish #24 double spinner patterns, since fish gorge on clumps. Requires 6X to 7X and a downstream drift over flat water.",draft
trico-spinner,,,,,,,,,#20,,Olive body (dun),trico-spinner-s20-olive-body-dun,2,shopify,0,continue,manual,3.00,TRUE,TRUE,,,
trico-spinner,,,,,,,,,#20,,Double spinner,trico-spinner-s20-double-spinner,2,shopify,0,continue,manual,3.00,TRUE,TRUE,,,
trico-spinner,,,,,,,,,#22,,"Black body, clear wings (female)",trico-spinner-s22-black-body-clear-wings-female,2,shopify,0,continue,manual,3.00,TRUE,TRUE,,,
trico-spinner,,,,,,,,,#22,,Olive body (dun),trico-spinner-s22-olive-body-dun,2,shopify,0,continue,manual,3.00,TRUE,TRUE,,,
trico-spinner,,,,,,,,,#22,,Double spinner,trico-spinner-s22-double-spinner,2,shopify,0,continue,manual,3.00,TRUE,TRUE,,,
trico-spinner,,,,,,,,,#24,,"Black body, clear wings (female)",trico-spinner-s24-black-body-clear-wings-female,2,shopify,0,continue,manual,3.00,TRUE,TRUE,,,
trico-spinner,,,,,,,,,#24,,Olive body (dun),trico-spinner-s24-olive-body-dun,2,shopify,0,continue,manual,3.00,TRUE,TRUE,,,
trico-spinner,,,,,,,,,#24,,Double spinner,trico-spinner-s24-double-spinner,2,shopify,0,continue,manual,3.00,TRUE,TRUE,,,
trico-spinner,,,,,,,,,#26,,"Black body, clear wings (female)",trico-spinner-s26-black-body-clear-wings-female,2,shopify,0,continue,manual,3.00,TRUE,TRUE,,,
trico-spinner,,,,,,,,,#26,,Olive body (dun),trico-spinner-s26-olive-body-dun,2,shopify,0,continue,manual,3.00,TRUE,TRUE,,,
trico-spinner,,,,,,,,,#26,,Double spinner,trico-spinner-s26-double-spinner,2,shopify,0,continue,manual,3.00,TRUE,TRUE,,,
clown-egg,Clown Egg (Rag Egg),"<p>A multi-color yarn rag egg that Hawkins calls 'a deadly fly' under a float on the Manistee and that 'will fool most salmon and steelhead.' Chuck Hawkins sizes it dime-sized in pinks and oranges before runoff, quarter-sized in chartreuse, orange and bright yellow during runoff, and muted afterward; Kraimer fishes a quarter-sized Clown as the attractor above a smaller realistic egg. Fish it under an 8 to 20 g float or chuck-and-duck from fall through April.</p><p><strong>Fish it for:</strong> Steelhead, Chinook salmon, Coho salmon, Brown trout</p><p><em>Manistee River float-fishing guides</em></p><p>Hand-tied in Michigan for Michigan rivers. See when and where to fish it at michiganflies.com/flies/clown-egg.</p>",Michigan Flies,Sporting Goods > Outdoor Recreation > Fishing > Fishing Tackle > Fishing Baits & Lures,Egg,"Egg, Steelhead, Chinook salmon, Coho salmon, Brown trout, nymph-indicator, chuck-and-duck, chinook-eggs, coho-eggs, steelhead-eggs, evidence-A",TRUE,Size,#6,Color,"Pink/orange (pre-runoff, dime-sized)",clown-egg-s6-pink-orange-pre-runoff-dime-sized,2,shopify,0,continue,manual,2.25,TRUE,TRUE,Clown Egg (Rag Egg) · hand-tied for Michigan rivers,"A multi-color yarn rag egg that Hawkins calls 'a deadly fly' under a float on the Manistee and that 'will fool most salmon and steelhead.' Chuck Hawkins sizes it dime-sized in pinks and oranges before runoff, quarter-sized in chartreuse, orange and bright yellow during runoff, and muted afterward; K",draft
clown-egg,,,,,,,,,#6,,"Chartreuse/orange/bright yellow (runoff, quarter-sized)",clown-egg-s6-chartreuse-orange-bright-yellow-runoff-quarter-size,2,shopify,0,continue,manual,2.25,TRUE,TRUE,,,
clown-egg,,,,,,,,,#6,,Muted natural (post-runoff),clown-egg-s6-muted-natural-post-runoff,2,shopify,0,continue,manual,2.25,TRUE,TRUE,,,
clown-egg,,,,,,,,,#8,,"Pink/orange (pre-runoff, dime-sized)",clown-egg-s8-pink-orange-pre-runoff-dime-sized,2,shopify,0,continue,manual,2.25,TRUE,TRUE,,,
clown-egg,,,,,,,,,#8,,"Chartreuse/orange/bright yellow (runoff, quarter-sized)",clown-egg-s8-chartreuse-orange-bright-yellow-runoff-quarter-size,2,shopify,0,continue,manual,2.25,TRUE,TRUE,,,
clown-egg,,,,,,,,,#8,,Muted natural (post-runoff),clown-egg-s8-muted-natural-post-runoff,2,shopify,0,continue,manual,2.25,TRUE,TRUE,,,
clown-egg,,,,,,,,,#10,,"Pink/orange (pre-runoff, dime-sized)",clown-egg-s10-pink-orange-pre-runoff-dime-sized,2,shopify,0,continue,manual,2.25,TRUE,TRUE,,,
clown-egg,,,,,,,,,#10,,"Chartreuse/orange/bright yellow (runoff, quarter-sized)",clown-egg-s10-chartreuse-orange-bright-yellow-runoff-quarter-siz,2,shopify,0,continue,manual,2.25,TRUE,TRUE,,,
clown-egg,,,,,,,,,#10,,Muted natural (post-runoff),clown-egg-s10-muted-natural-post-runoff,2,shopify,0,continue,manual,2.25,TRUE,TRUE,,,
clown-egg,,,,,,,,,#12,,"Pink/orange (pre-runoff, dime-sized)",clown-egg-s12-pink-orange-pre-runoff-dime-sized,2,shopify,0,continue,manual,2.25,TRUE,TRUE,,,
clown-egg,,,,,,,,,#12,,"Chartreuse/orange/bright yellow (runoff, quarter-sized)",clown-egg-s12-chartreuse-orange-bright-yellow-runoff-quarter-siz,2,shopify,0,continue,manual,2.25,TRUE,TRUE,,,
clown-egg,,,,,,,,,#12,,Muted natural (post-runoff),clown-egg-s12-muted-natural-post-runoff,2,shopify,0,continue,manual,2.25,TRUE,TRUE,,,
clown-egg,,,,,,,,,#14,,"Pink/orange (pre-runoff, dime-sized)",clown-egg-s14-pink-orange-pre-runoff-dime-sized,2,shopify,0,continue,manual,2.25,TRUE,TRUE,,,
clown-egg,,,,,,,,,#14,,"Chartreuse/orange/bright yellow (runoff, quarter-sized)",clown-egg-s14-chartreuse-orange-bright-yellow-runoff-quarter-siz,2,shopify,0,continue,manual,2.25,TRUE,TRUE,,,
clown-egg,,,,,,,,,#14,,Muted natural (post-runoff),clown-egg-s14-muted-natural-post-runoff,2,shopify,0,continue,manual,2.25,TRUE,TRUE,,,
glo-bug,Glo Bug,"<p>The original yarn egg, still in every Michigan steelhead box in Oregon Cheese, Golden and Chartreuse per Current Works, with a #12 short-shank scud hook the all-around Pere Marquette size and #14 to #16 for low clear water. For salmon, Trails to Trout advises blue, black and chartreuse pre-spawn and red, pink and orange during the spawn, in #6 to #8. Cream and pale yellow versions carry through the winter and the April to May sucker spawn.</p><p><strong>Fish it for:</strong> Steelhead, Brown trout, Rainbow trout (resident), Chinook salmon, Coho salmon, Pink salmon, Atlantic salmon</p><p>Hand-tied in Michigan for Michigan rivers. See when and where to fish it at michiganflies.com/flies/glo-bug.</p>",Michigan Flies,Sporting Goods > Outdoor Recreation > Fishing > Fishing Tackle > Fishing Baits & Lures,Egg,"Egg, Steelhead, Brown trout, Rainbow trout (resident), Chinook salmon, Coho salmon, Pink salmon, Atlantic salmon, nymph-indicator, chuck-and-duck, euro-nymph, chinook-eggs, coho-eggs, steelhead-eggs, brown-trout-eggs, pink-salmon-eggs, sucker-eggs, evidence-A",TRUE,Size,#6,Color,Oregon Cheese,glo-bug-s6-oregon-cheese,2,shopify,0,continue,manual,2.25,TRUE,TRUE,Glo Bug · hand-tied for Michigan rivers,"The original yarn egg, still in every Michigan steelhead box in Oregon Cheese, Golden and Chartreuse per Current Works, with a #12 short-shank scud hook the all-around Pere Marquette size and #14 to #16 for low clear water. For salmon, Trails to Trout advises blue, black and chartreuse pre-spawn and",draft
glo-bug,,,,,,,,,#6,,Apricot,glo-bug-s6-apricot,2,shopify,0,continue,manual,2.25,TRUE,TRUE,,,
glo-bug,,,,,,,,,#6,,Peach,glo-bug-s6-peach,2,shopify,0,continue,manual,2.25,TRUE,TRUE,,,
glo-bug,,,,,,,,,#6,,Golden,glo-bug-s6-golden,2,shopify,0,continue,manual,2.25,TRUE,TRUE,,,
glo-bug,,,,,,,,,#6,,Cream (dead egg),glo-bug-s6-cream-dead-egg,2,shopify,0,continue,manual,2.25,TRUE,TRUE,,,
glo-bug,,,,,,,,,#6,,Chartreuse,glo-bug-s6-chartreuse,2,shopify,0,continue,manual,2.25,TRUE,TRUE,,,
glo-bug,,,,,,,,,#6,,Hot Pink,glo-bug-s6-hot-pink,2,shopify,0,continue,manual,2.25,TRUE,TRUE,,,
glo-bug,,,,,,,,,#6,,Steelhead Orange,glo-bug-s6-steelhead-orange,2,shopify,0,continue,manual,2.25,TRUE,TRUE,,,
glo-bug,,,,,,,,,#6,,Blue and black (pre-spawn salmon),glo-bug-s6-blue-and-black-pre-spawn-salmon,2,shopify,0,continue,manual,2.25,TRUE,TRUE,,,
glo-bug,,,,,,,,,#8,,Oregon Cheese,glo-bug-s8-oregon-cheese,2,shopify,0,continue,manual,2.25,TRUE,TRUE,,,
glo-bug,,,,,,,,,#8,,Apricot,glo-bug-s8-apricot,2,shopify,0,continue,manual,2.25,TRUE,TRUE,,,
glo-bug,,,,,,,,,#8,,Peach,glo-bug-s8-peach,2,shopify,0,continue,manual,2.25,TRUE,TRUE,,,
glo-bug,,,,,,,,,#8,,Golden,glo-bug-s8-golden,2,shopify,0,continue,manual,2.25,TRUE,TRUE,,,
glo-bug,,,,,,,,,#8,,Cream (dead egg),glo-bug-s8-cream-dead-egg,2,shopify,0,continue,manual,2.25,TRUE,TRUE,,,
glo-bug,,,,,,,,,#8,,Chartreuse,glo-bug-s8-chartreuse,2,shopify,0,continue,manual,2.25,TRUE,TRUE,,,
glo-bug,,,,,,,,,#8,,Hot Pink,glo-bug-s8-hot-pink,2,shopify,0,continue,manual,2.25,TRUE,TRUE,,,
glo-bug,,,,,,,,,#8,,Steelhead Orange,glo-bug-s8-steelhead-orange,2,shopify,0,continue,manual,2.25,TRUE,TRUE,,,
glo-bug,,,,,,,,,#8,,Blue and black (pre-spawn salmon),glo-bug-s8-blue-and-black-pre-spawn-salmon,2,shopify,0,continue,manual,2.25,TRUE,TRUE,,,
glo-bug,,,,,,,,,#10,,Oregon Cheese,glo-bug-s10-oregon-cheese,2,shopify,0,continue,manual,2.25,TRUE,TRUE,,,
glo-bug,,,,,,,,,#10,,Apricot,glo-bug-s10-apricot,2,shopify,0,continue,manual,2.25,TRUE,TRUE,,,
glo-bug,,,,,,,,,#10,,Peach,glo-bug-s10-peach,2,shopify,0,continue,manual,2.25,TRUE,TRUE,,,
glo-bug,,,,,,,,,#10,,Golden,glo-bug-s10-golden,2,shopify,0,continue,manual,2.25,TRUE,TRUE,,,
glo-bug,,,,,,,,,#10,,Cream (dead egg),glo-bug-s10-cream-dead-egg,2,shopify,0,continue,manual,2.25,TRUE,TRUE,,,
glo-bug,,,,,,,,,#10,,Chartreuse,glo-bug-s10-chartreuse,2,shopify,0,continue,manual,2.25,TRUE,TRUE,,,
glo-bug,,,,,,,,,#10,,Hot Pink,glo-bug-s10-hot-pink,2,shopify,0,continue,manual,2.25,TRUE,TRUE,,,
glo-bug,,,,,,,,,#10,,Steelhead Orange,glo-bug-s10-steelhead-orange,2,shopify,0,continue,manual,2.25,TRUE,TRUE,,,
glo-bug,,,,,,,,,#10,,Blue and black (pre-spawn salmon),glo-bug-s10-blue-and-black-pre-spawn-salmon,2,shopify,0,continue,manual,2.25,TRUE,TRUE,,,
glo-bug,,,,,,,,,#12,,Oregon Cheese,glo-bug-s12-oregon-cheese,2,shopify,0,continue,manual,2.25,TRUE,TRUE,,,
glo-bug,,,,,,,,,#12,,Apricot,glo-bug-s12-apricot,2,shopify,0,continue,manual,2.25,TRUE,TRUE,,,
glo-bug,,,,,,,,,#12,,Peach,glo-bug-s12-peach,2,shopify,0,continue,manual,2.25,TRUE,TRUE,,,
glo-bug,,,,,,,,,#12,,Golden,glo-bug-s12-golden,2,shopify,0,continue,manual,2.25,TRUE,TRUE,,,
glo-bug,,,,,,,,,#12,,Cream (dead egg),glo-bug-s12-cream-dead-egg,2,shopify,0,continue,manual,2.25,TRUE,TRUE,,,
glo-bug,,,,,,,,,#12,,Chartreuse,glo-bug-s12-chartreuse,2,shopify,0,continue,manual,2.25,TRUE,TRUE,,,
glo-bug,,,,,,,,,#12,,Hot Pink,glo-bug-s12-hot-pink,2,shopify,0,continue,manual,2.25,TRUE,TRUE,,,
glo-bug,,,,,,,,,#12,,Steelhead Orange,glo-bug-s12-steelhead-orange,2,shopify,0,continue,manual,2.25,TRUE,TRUE,,,
glo-bug,,,,,,,,,#12,,Blue and black (pre-spawn salmon),glo-bug-s12-blue-and-black-pre-spawn-salmon,2,shopify,0,continue,manual,2.25,TRUE,TRUE,,,
glo-bug,,,,,,,,,#14,,Oregon Cheese,glo-bug-s14-oregon-cheese,2,shopify,0,continue,manual,2.25,TRUE,TRUE,,,
glo-bug,,,,,,,,,#14,,Apricot,glo-bug-s14-apricot,2,shopify,0,continue,manual,2.25,TRUE,TRUE,,,
glo-bug,,,,,,,,,#14,,Peach,glo-bug-s14-peach,2,shopify,0,continue,manual,2.25,TRUE,TRUE,,,
glo-bug,,,,,,,,,#14,,Golden,glo-bug-s14-golden,2,shopify,0,continue,manual,2.25,TRUE,TRUE,,,
glo-bug,,,,,,,,,#14,,Cream (dead egg),glo-bug-s14-cream-dead-egg,2,shopify,0,continue,manual,2.25,TRUE,TRUE,,,
glo-bug,,,,,,,,,#14,,Chartreuse,glo-bug-s14-chartreuse,2,shopify,0,continue,manual,2.25,TRUE,TRUE,,,
glo-bug,,,,,,,,,#14,,Hot Pink,glo-bug-s14-hot-pink,2,shopify,0,continue,manual,2.25,TRUE,TRUE,,,
glo-bug,,,,,,,,,#14,,Steelhead Orange,glo-bug-s14-steelhead-orange,2,shopify,0,continue,manual,2.25,TRUE,TRUE,,,
glo-bug,,,,,,,,,#14,,Blue and black (pre-spawn salmon),glo-bug-s14-blue-and-black-pre-spawn-salmon,2,shopify,0,continue,manual,2.25,TRUE,TRUE,,,
glo-bug,,,,,,,,,#16,,Oregon Cheese,glo-bug-s16-oregon-cheese,2,shopify,0,continue,manual,2.25,TRUE,TRUE,,,
glo-bug,,,,,,,,,#16,,Apricot,glo-bug-s16-apricot,2,shopify,0,continue,manual,2.25,TRUE,TRUE,,,
glo-bug,,,,,,,,,#16,,Peach,glo-bug-s16-peach,2,shopify,0,continue,manual,2.25,TRUE,TRUE,,,
glo-bug,,,,,,,,,#16,,Golden,glo-bug-s16-golden,2,shopify,0,continue,manual,2.25,TRUE,TRUE,,,
glo-bug,,,,,,,,,#16,,Cream (dead egg),glo-bug-s16-cream-dead-egg,2,shopify,0,continue,manual,2.25,TRUE,TRUE,,,
glo-bug,,,,,,,,,#16,,Chartreuse,glo-bug-s16-chartreuse,2,shopify,0,continue,manual,2.25,TRUE,TRUE,,,
glo-bug,,,,,,,,,#16,,Hot Pink,glo-bug-s16-hot-pink,2,shopify,0,continue,manual,2.25,TRUE,TRUE,,,
glo-bug,,,,,,,,,#16,,Steelhead Orange,glo-bug-s16-steelhead-orange,2,shopify,0,continue,manual,2.25,TRUE,TRUE,,,
glo-bug,,,,,,,,,#16,,Blue and black (pre-spawn salmon),glo-bug-s16-blue-and-black-pre-spawn-salmon,2,shopify,0,continue,manual,2.25,TRUE,TRUE,,,
nuke-egg,Nuke Egg,"<p>A McFly Foam or Glo Bug yarn core under a yarn veil that goes translucent when wet, imitating the milky, non-viable eggs that make up most of the drift. Tied on a Gamakatsu C14S or TMC 2457 #8 to #12 (TMC 105 #6 to #10 for salmon); natural combinations for clear water, Chartreuse over Flame and Flame over Cerise for high or stained flows. Fish it behind spawning salmon from September through November, with aging-egg colors through winter, and natural steelhead-egg shades in March and April on the Manistee, Betsie, PM, Muskegon and Au Sable.</p><p><strong>Fish it for:</strong> Steelhead, Brown trout, Rainbow trout (resident), Chinook salmon, Coho salmon, Pink salmon, Atlantic salmon</p><p><em>Traverse City and Grand Rapids shop standard (Current Works, Nomad Anglers)</em></p><p>Hand-tied in Michigan for Michigan rivers. See when and where to fish it at michiganflies.com/flies/nuke-egg.</p>",Michigan Flies,Sporting Goods > Outdoor Recreation > Fishing > Fishing Tackle > Fishing Baits & Lures,Egg,"Egg, Steelhead, Brown trout, Rainbow trout (resident), Chinook salmon, Coho salmon, Pink salmon, Atlantic salmon, nymph-indicator, chuck-and-duck, euro-nymph, chinook-eggs, coho-eggs, steelhead-eggs, brown-trout-eggs, pink-salmon-eggs, atlantic-salmon-eggs, evidence-A",TRUE,Size,#6,Color,Oregon Cheese over Steelhead Orange,nuke-egg-s6-oregon-cheese-over-steelhead-orange,2,shopify,0,continue,manual,2.25,TRUE,TRUE,Nuke Egg · hand-tied for Michigan rivers,"A McFly Foam or Glo Bug yarn core under a yarn veil that goes translucent when wet, imitating the milky, non-viable eggs that make up most of the drift. Tied on a Gamakatsu C14S or TMC 2457 #8 to #12 (TMC 105 #6 to #10 for salmon); natural combinations for clear water, Chartreuse over Flame and Flam",draft
nuke-egg,,,,,,,,,#6,,Apricot Supreme over Steelhead Orange,nuke-egg-s6-apricot-supreme-over-steelhead-orange,2,shopify,0,continue,manual,2.25,TRUE,TRUE,,,
nuke-egg,,,,,,,,,#6,,Egg over Sockeye,nuke-egg-s6-egg-over-sockeye,2,shopify,0,continue,manual,2.25,TRUE,TRUE,,,
nuke-egg,,,,,,,,,#6,,Pink Lady over Shrimp Pink,nuke-egg-s6-pink-lady-over-shrimp-pink,2,shopify,0,continue,manual,2.25,TRUE,TRUE,,,
nuke-egg,,,,,,,,,#6,,Salmon Egg over Chartreuse,nuke-egg-s6-salmon-egg-over-chartreuse,2,shopify,0,continue,manual,2.25,TRUE,TRUE,,,
nuke-egg,,,,,,,,,#6,,Chartreuse over Flame,nuke-egg-s6-chartreuse-over-flame,2,shopify,0,continue,manual,2.25,TRUE,TRUE,,,
nuke-egg,,,,,,,,,#6,,Flame over Cerise,nuke-egg-s6-flame-over-cerise,2,shopify,0,continue,manual,2.25,TRUE,TRUE,,,
nuke-egg,,,,,,,,,#8,,Oregon Cheese over Steelhead Orange,nuke-egg-s8-oregon-cheese-over-steelhead-orange,2,shopify,0,continue,manual,2.25,TRUE,TRUE,,,
nuke-egg,,,,,,,,,#8,,Apricot Supreme over Steelhead Orange,nuke-egg-s8-apricot-supreme-over-steelhead-orange,2,shopify,0,continue,manual,2.25,TRUE,TRUE,,,
nuke-egg,,,,,,,,,#8,,Egg over Sockeye,nuke-egg-s8-egg-over-sockeye,2,shopify,0,continue,manual,2.25,TRUE,TRUE,,,
nuke-egg,,,,,,,,,#8,,Pink Lady over Shrimp Pink,nuke-egg-s8-pink-lady-over-shrimp-pink,2,shopify,0,continue,manual,2.25,TRUE,TRUE,,,
nuke-egg,,,,,,,,,#8,,Salmon Egg over Chartreuse,nuke-egg-s8-salmon-egg-over-chartreuse,2,shopify,0,continue,manual,2.25,TRUE,TRUE,,,
nuke-egg,,,,,,,,,#8,,Chartreuse over Flame,nuke-egg-s8-chartreuse-over-flame,2,shopify,0,continue,manual,2.25,TRUE,TRUE,,,
nuke-egg,,,,,,,,,#8,,Flame over Cerise,nuke-egg-s8-flame-over-cerise,2,shopify,0,continue,manual,2.25,TRUE,TRUE,,,
nuke-egg,,,,,,,,,#10,,Oregon Cheese over Steelhead Orange,nuke-egg-s10-oregon-cheese-over-steelhead-orange,2,shopify,0,continue,manual,2.25,TRUE,TRUE,,,
nuke-egg,,,,,,,,,#10,,Apricot Supreme over Steelhead Orange,nuke-egg-s10-apricot-supreme-over-steelhead-orange,2,shopify,0,continue,manual,2.25,TRUE,TRUE,,,
nuke-egg,,,,,,,,,#10,,Egg over Sockeye,nuke-egg-s10-egg-over-sockeye,2,shopify,0,continue,manual,2.25,TRUE,TRUE,,,
nuke-egg,,,,,,,,,#10,,Pink Lady over Shrimp Pink,nuke-egg-s10-pink-lady-over-shrimp-pink,2,shopify,0,continue,manual,2.25,TRUE,TRUE,,,
nuke-egg,,,,,,,,,#10,,Salmon Egg over Chartreuse,nuke-egg-s10-salmon-egg-over-chartreuse,2,shopify,0,continue,manual,2.25,TRUE,TRUE,,,
nuke-egg,,,,,,,,,#10,,Chartreuse over Flame,nuke-egg-s10-chartreuse-over-flame,2,shopify,0,continue,manual,2.25,TRUE,TRUE,,,
nuke-egg,,,,,,,,,#10,,Flame over Cerise,nuke-egg-s10-flame-over-cerise,2,shopify,0,continue,manual,2.25,TRUE,TRUE,,,
nuke-egg,,,,,,,,,#12,,Oregon Cheese over Steelhead Orange,nuke-egg-s12-oregon-cheese-over-steelhead-orange,2,shopify,0,continue,manual,2.25,TRUE,TRUE,,,
nuke-egg,,,,,,,,,#12,,Apricot Supreme over Steelhead Orange,nuke-egg-s12-apricot-supreme-over-steelhead-orange,2,shopify,0,continue,manual,2.25,TRUE,TRUE,,,
nuke-egg,,,,,,,,,#12,,Egg over Sockeye,nuke-egg-s12-egg-over-sockeye,2,shopify,0,continue,manual,2.25,TRUE,TRUE,,,
nuke-egg,,,,,,,,,#12,,Pink Lady over Shrimp Pink,nuke-egg-s12-pink-lady-over-shrimp-pink,2,shopify,0,continue,manual,2.25,TRUE,TRUE,,,
nuke-egg,,,,,,,,,#12,,Salmon Egg over Chartreuse,nuke-egg-s12-salmon-egg-over-chartreuse,2,shopify,0,continue,manual,2.25,TRUE,TRUE,,,
nuke-egg,,,,,,,,,#12,,Chartreuse over Flame,nuke-egg-s12-chartreuse-over-flame,2,shopify,0,continue,manual,2.25,TRUE,TRUE,,,
nuke-egg,,,,,,,,,#12,,Flame over Cerise,nuke-egg-s12-flame-over-cerise,2,shopify,0,continue,manual,2.25,TRUE,TRUE,,,
sucker-spawn,Sucker Spawn,"<p>Loops of angora or knitting yarn imitating the 2 to 3 mm pale-yellow egg clusters of white suckers and redhorse, which spawn late April into late May (peak around May 10 in the Detroit River study) on the same gravel trout and drop-back steelhead use. Betts reports over 100,000 redhorse ascending the Muskegon in May and June with big trout feeding behind the redds, and Current Works and Betts both fish pale yellow sucker spawn for spring steelhead and walleye eggs. Fish it #10 to #14 under an indicator directly below sucker redds; the U.P. window runs into June.</p><p><strong>Fish it for:</strong> Steelhead, Brown trout, Rainbow trout (resident)</p><p>Hand-tied in Michigan for Michigan rivers. See when and where to fish it at michiganflies.com/flies/sucker-spawn.</p>",Michigan Flies,Sporting Goods > Outdoor Recreation > Fishing > Fishing Tackle > Fishing Baits & Lures,Egg,"Egg, Steelhead, Brown trout, Rainbow trout (resident), nymph-indicator, chuck-and-duck, euro-nymph, sucker-eggs, redhorse-eggs, walleye-eggs, steelhead-eggs, evidence-S",TRUE,Size,#10,Color,Pale yellow,sucker-spawn-s10-pale-yellow,2,shopify,0,continue,manual,2.25,TRUE,TRUE,Sucker Spawn · hand-tied for Michigan rivers,"Loops of angora or knitting yarn imitating the 2 to 3 mm pale-yellow egg clusters of white suckers and redhorse, which spawn late April into late May (peak around May 10 in the Detroit River study) on the same gravel trout and drop-back steelhead use. Betts reports over 100,000 redhorse ascending th",draft
sucker-spawn,,,,,,,,,#10,,Cream,sucker-spawn-s10-cream,2,shopify,0,continue,manual,2.25,TRUE,TRUE,,,
sucker-spawn,,,,,,,,,#10,,Peach,sucker-spawn-s10-peach,2,shopify,0,continue,manual,2.25,TRUE,TRUE,,,
sucker-spawn,,,,,,,,,#10,,Light golden,sucker-spawn-s10-light-golden,2,shopify,0,continue,manual,2.25,TRUE,TRUE,,,
sucker-spawn,,,,,,,,,#12,,Pale yellow,sucker-spawn-s12-pale-yellow,2,shopify,0,continue,manual,2.25,TRUE,TRUE,,,
sucker-spawn,,,,,,,,,#12,,Cream,sucker-spawn-s12-cream,2,shopify,0,continue,manual,2.25,TRUE,TRUE,,,
sucker-spawn,,,,,,,,,#12,,Peach,sucker-spawn-s12-peach,2,shopify,0,continue,manual,2.25,TRUE,TRUE,,,
sucker-spawn,,,,,,,,,#12,,Light golden,sucker-spawn-s12-light-golden,2,shopify,0,continue,manual,2.25,TRUE,TRUE,,,
sucker-spawn,,,,,,,,,#14,,Pale yellow,sucker-spawn-s14-pale-yellow,2,shopify,0,continue,manual,2.25,TRUE,TRUE,,,
sucker-spawn,,,,,,,,,#14,,Cream,sucker-spawn-s14-cream,2,shopify,0,continue,manual,2.25,TRUE,TRUE,,,
sucker-spawn,,,,,,,,,#14,,Peach,sucker-spawn-s14-peach,2,shopify,0,continue,manual,2.25,TRUE,TRUE,,,
sucker-spawn,,,,,,,,,#14,,Light golden,sucker-spawn-s14-light-golden,2,shopify,0,continue,manual,2.25,TRUE,TRUE,,,
sucker-spawn,,,,,,,,,#16,,Pale yellow,sucker-spawn-s16-pale-yellow,2,shopify,0,continue,manual,2.25,TRUE,TRUE,,,
sucker-spawn,,,,,,,,,#16,,Cream,sucker-spawn-s16-cream,2,shopify,0,continue,manual,2.25,TRUE,TRUE,,,
sucker-spawn,,,,,,,,,#16,,Peach,sucker-spawn-s16-peach,2,shopify,0,continue,manual,2.25,TRUE,TRUE,,,
sucker-spawn,,,,,,,,,#16,,Light golden,sucker-spawn-s16-light-golden,2,shopify,0,continue,manual,2.25,TRUE,TRUE,,,
sulphur-emerger,Sulphur Emerger,"<p>Michigan Sulphurs emerge slowly through the film and trout often refuse duns, so emergers with a trailing shuck outfish the dry from mid May through July on the Au Sable, Pere Marquette and Muskegon. Fish it low in the film during the afternoon and evening emergence in 52 to 60 F water; size #16 for invaria and #18 to #20 for dorothea.</p><p><strong>Imitates:</strong> Sulphur, Little Sulphur</p><p><strong>Fish it for:</strong> Brown trout, Brook trout, Rainbow trout (resident)</p><p>Hand-tied in Michigan for Michigan rivers. See when and where to fish it at michiganflies.com/flies/sulphur-emerger.</p>",Michigan Flies,Sporting Goods > Outdoor Recreation > Fishing > Fishing Tackle > Fishing Baits & Lures,Emerger,"Emerger, Brown trout, Brook trout, Rainbow trout (resident), dry-fly, sulphur-invaria, sulphur-dorothea, evidence-A",TRUE,Size,#14,Color,Yellow-orange with brown Z-Lon shuck,sulphur-emerger-s14-yellow-orange-with-brown-z-lon-shuck,2,shopify,0,continue,manual,3.00,TRUE,TRUE,Sulphur Emerger · hand-tied for Michigan rivers,"Michigan Sulphurs emerge slowly through the film and trout often refuse duns, so emergers with a trailing shuck outfish the dry from mid May through July on the Au Sable, Pere Marquette and Muskegon. Fish it low in the film during the afternoon and evening emergence in 52 to 60 F water; size #16 for",draft
sulphur-emerger,,,,,,,,,#14,,Creamy yellow with pheasant tail shuck,sulphur-emerger-s14-creamy-yellow-with-pheasant-tail-shuck,2,shopify,0,continue,manual,3.00,TRUE,TRUE,,,
sulphur-emerger,,,,,,,,,#16,,Yellow-orange with brown Z-Lon shuck,sulphur-emerger-s16-yellow-orange-with-brown-z-lon-shuck,2,shopify,0,continue,manual,3.00,TRUE,TRUE,,,
sulphur-emerger,,,,,,,,,#16,,Creamy yellow with pheasant tail shuck,sulphur-emerger-s16-creamy-yellow-with-pheasant-tail-shuck,2,shopify,0,continue,manual,3.00,TRUE,TRUE,,,
sulphur-emerger,,,,,,,,,#18,,Yellow-orange with brown Z-Lon shuck,sulphur-emerger-s18-yellow-orange-with-brown-z-lon-shuck,2,shopify,0,continue,manual,3.00,TRUE,TRUE,,,
sulphur-emerger,,,,,,,,,#18,,Creamy yellow with pheasant tail shuck,sulphur-emerger-s18-creamy-yellow-with-pheasant-tail-shuck,2,shopify,0,continue,manual,3.00,TRUE,TRUE,,,
sulphur-emerger,,,,,,,,,#20,,Yellow-orange with brown Z-Lon shuck,sulphur-emerger-s20-yellow-orange-with-brown-z-lon-shuck,2,shopify,0,continue,manual,3.00,TRUE,TRUE,,,
sulphur-emerger,,,,,,,,,#20,,Creamy yellow with pheasant tail shuck,sulphur-emerger-s20-creamy-yellow-with-pheasant-tail-shuck,2,shopify,0,continue,manual,3.00,TRUE,TRUE,,,
green-caddis-larva,Green Caddis Larva,"<p>A Michigan steelhead staple: the green Rhyacophila larva is 'effective on the Muskegon River for steelhead' and Current Works lists caddis #6 to #12 among its top five, bright green or chartreuse for stained water and olive or cream naturals for low clear flows. Betts names green caddis larvae with Hex nymphs and eggs on the Pere Marquette flies-only water. Fish it as the trailer behind an egg or stonefly, year-round.</p><p><strong>Imitates:</strong> Green Rock Worm, Little Sister Sedge</p><p><strong>Fish it for:</strong> Steelhead, Brown trout, Rainbow trout (resident), Atlantic salmon, Chinook salmon, Coho salmon</p><p>Hand-tied in Michigan for Michigan rivers. See when and where to fish it at michiganflies.com/flies/green-caddis-larva.</p>",Michigan Flies,Sporting Goods > Outdoor Recreation > Fishing > Fishing Tackle > Fishing Baits & Lures,Larva / pupa,"Larva / pupa, Steelhead, Brown trout, Rainbow trout (resident), Atlantic salmon, Chinook salmon, Coho salmon, nymph-indicator, chuck-and-duck, euro-nymph, green-rock-worm, little-sister-caddis, evidence-A",TRUE,Size,#6,Color,Green,green-caddis-larva-s6-green,2,shopify,0,continue,manual,2.75,TRUE,TRUE,Green Caddis Larva · hand-tied for Michigan rivers,"A Michigan steelhead staple: the green Rhyacophila larva is 'effective on the Muskegon River for steelhead' and Current Works lists caddis #6 to #12 among its top five, bright green or chartreuse for stained water and olive or cream naturals for low clear flows. Betts names green caddis larvae with ",draft
green-caddis-larva,,,,,,,,,#6,,Chartreuse,green-caddis-larva-s6-chartreuse,2,shopify,0,continue,manual,2.75,TRUE,TRUE,,,
green-caddis-larva,,,,,,,,,#6,,Olive,green-caddis-larva-s6-olive,2,shopify,0,continue,manual,2.75,TRUE,TRUE,,,
green-caddis-larva,,,,,,,,,#6,,Cream,green-caddis-larva-s6-cream,2,shopify,0,continue,manual,2.75,TRUE,TRUE,,,
green-caddis-larva,,,,,,,,,#6,,Disco Caddis (flashy),green-caddis-larva-s6-disco-caddis-flashy,2,shopify,0,continue,manual,2.75,TRUE,TRUE,,,
green-caddis-larva,,,,,,,,,#6,,Boogie Woogie Caddis,green-caddis-larva-s6-boogie-woogie-caddis,2,shopify,0,continue,manual,2.75,TRUE,TRUE,,,
green-caddis-larva,,,,,,,,,#8,,Green,green-caddis-larva-s8-green,2,shopify,0,continue,manual,2.75,TRUE,TRUE,,,
green-caddis-larva,,,,,,,,,#8,,Chartreuse,green-caddis-larva-s8-chartreuse,2,shopify,0,continue,manual,2.75,TRUE,TRUE,,,
green-caddis-larva,,,,,,,,,#8,,Olive,green-caddis-larva-s8-olive,2,shopify,0,continue,manual,2.75,TRUE,TRUE,,,
green-caddis-larva,,,,,,,,,#8,,Cream,green-caddis-larva-s8-cream,2,shopify,0,continue,manual,2.75,TRUE,TRUE,,,
green-caddis-larva,,,,,,,,,#8,,Disco Caddis (flashy),green-caddis-larva-s8-disco-caddis-flashy,2,shopify,0,continue,manual,2.75,TRUE,TRUE,,,
green-caddis-larva,,,,,,,,,#8,,Boogie Woogie Caddis,green-caddis-larva-s8-boogie-woogie-caddis,2,shopify,0,continue,manual,2.75,TRUE,TRUE,,,
green-caddis-larva,,,,,,,,,#10,,Green,green-caddis-larva-s10-green,2,shopify,0,continue,manual,2.75,TRUE,TRUE,,,
green-caddis-larva,,,,,,,,,#10,,Chartreuse,green-caddis-larva-s10-chartreuse,2,shopify,0,continue,manual,2.75,TRUE,TRUE,,,
green-caddis-larva,,,,,,,,,#10,,Olive,green-caddis-larva-s10-olive,2,shopify,0,continue,manual,2.75,TRUE,TRUE,,,
green-caddis-larva,,,,,,,,,#10,,Cream,green-caddis-larva-s10-cream,2,shopify,0,continue,manual,2.75,TRUE,TRUE,,,
green-caddis-larva,,,,,,,,,#10,,Disco Caddis (flashy),green-caddis-larva-s10-disco-caddis-flashy,2,shopify,0,continue,manual,2.75,TRUE,TRUE,,,
green-caddis-larva,,,,,,,,,#10,,Boogie Woogie Caddis,green-caddis-larva-s10-boogie-woogie-caddis,2,shopify,0,continue,manual,2.75,TRUE,TRUE,,,
green-caddis-larva,,,,,,,,,#12,,Green,green-caddis-larva-s12-green,2,shopify,0,continue,manual,2.75,TRUE,TRUE,,,
green-caddis-larva,,,,,,,,,#12,,Chartreuse,green-caddis-larva-s12-chartreuse,2,shopify,0,continue,manual,2.75,TRUE,TRUE,,,
green-caddis-larva,,,,,,,,,#12,,Olive,green-caddis-larva-s12-olive,2,shopify,0,continue,manual,2.75,TRUE,TRUE,,,
green-caddis-larva,,,,,,,,,#12,,Cream,green-caddis-larva-s12-cream,2,shopify,0,continue,manual,2.75,TRUE,TRUE,,,
green-caddis-larva,,,,,,,,,#12,,Disco Caddis (flashy),green-caddis-larva-s12-disco-caddis-flashy,2,shopify,0,continue,manual,2.75,TRUE,TRUE,,,
green-caddis-larva,,,,,,,,,#12,,Boogie Woogie Caddis,green-caddis-larva-s12-boogie-woogie-caddis,2,shopify,0,continue,manual,2.75,TRUE,TRUE,,,
green-caddis-larva,,,,,,,,,#14,,Green,green-caddis-larva-s14-green,2,shopify,0,continue,manual,2.75,TRUE,TRUE,,,
green-caddis-larva,,,,,,,,,#14,,Chartreuse,green-caddis-larva-s14-chartreuse,2,shopify,0,continue,manual,2.75,TRUE,TRUE,,,
green-caddis-larva,,,,,,,,,#14,,Olive,green-caddis-larva-s14-olive,2,shopify,0,continue,manual,2.75,TRUE,TRUE,,,
green-caddis-larva,,,,,,,,,#14,,Cream,green-caddis-larva-s14-cream,2,shopify,0,continue,manual,2.75,TRUE,TRUE,,,
green-caddis-larva,,,,,,,,,#14,,Disco Caddis (flashy),green-caddis-larva-s14-disco-caddis-flashy,2,shopify,0,continue,manual,2.75,TRUE,TRUE,,,
green-caddis-larva,,,,,,,,,#14,,Boogie Woogie Caddis,green-caddis-larva-s14-boogie-woogie-caddis,2,shopify,0,continue,manual,2.75,TRUE,TRUE,,,
green-caddis-larva,,,,,,,,,#16,,Green,green-caddis-larva-s16-green,2,shopify,0,continue,manual,2.75,TRUE,TRUE,,,
green-caddis-larva,,,,,,,,,#16,,Chartreuse,green-caddis-larva-s16-chartreuse,2,shopify,0,continue,manual,2.75,TRUE,TRUE,,,
green-caddis-larva,,,,,,,,,#16,,Olive,green-caddis-larva-s16-olive,2,shopify,0,continue,manual,2.75,TRUE,TRUE,,,
green-caddis-larva,,,,,,,,,#16,,Cream,green-caddis-larva-s16-cream,2,shopify,0,continue,manual,2.75,TRUE,TRUE,,,
green-caddis-larva,,,,,,,,,#16,,Disco Caddis (flashy),green-caddis-larva-s16-disco-caddis-flashy,2,shopify,0,continue,manual,2.75,TRUE,TRUE,,,
green-caddis-larva,,,,,,,,,#16,,Boogie Woogie Caddis,green-caddis-larva-s16-boogie-woogie-caddis,2,shopify,0,continue,manual,2.75,TRUE,TRUE,,,
master-splinter,Master Splinter,"<p>Joe Cermele's 'mousified gurgler with good wake,' which Sipping Mayflies says to 'just buy and be done with it.' The foam lip pushes water on a slow steady strip with pauses, so fish feel it in the dark; fish it on pitch-dark nights on a stout 8 to 12 lb leader, letting it swing around toward the bank.</p><p><strong>Fish it for:</strong> Brown trout</p><p><em>Joe Cermele</em></p><p>Hand-tied in Michigan for Michigan rivers. See when and where to fish it at michiganflies.com/flies/master-splinter.</p>",Michigan Flies,Sporting Goods > Outdoor Recreation > Fishing > Fishing Tackle > Fishing Baits & Lures,Mouse,"Mouse, Brown trout, mousing, mouse, evidence-A",TRUE,Size,#1,Color,Natural,master-splinter-s1-natural,2,shopify,0,continue,manual,8.00,TRUE,TRUE,Master Splinter · hand-tied for Michigan rivers,"Joe Cermele's 'mousified gurgler with good wake,' which Sipping Mayflies says to 'just buy and be done with it.' The foam lip pushes water on a slow steady strip with pauses, so fish feel it in the dark; fish it on pitch-dark nights on a stout 8 to 12 lb leader, letting it swing around toward the ba",draft
master-splinter,,,,,,,,,#1,,Black,master-splinter-s1-black,2,shopify,0,continue,manual,8.00,TRUE,TRUE,,,
master-splinter,,,,,,,,,#2,,Natural,master-splinter-s2-natural,2,shopify,0,continue,manual,8.00,TRUE,TRUE,,,
master-splinter,,,,,,,,,#2,,Black,master-splinter-s2-black,2,shopify,0,continue,manual,8.00,TRUE,TRUE,,,
master-splinter,,,,,,,,,#4,,Natural,master-splinter-s4-natural,2,shopify,0,continue,manual,8.00,TRUE,TRUE,,,
master-splinter,,,,,,,,,#4,,Black,master-splinter-s4-black,2,shopify,0,continue,manual,8.00,TRUE,TRUE,,,
morrish-mouse,Morrish Mouse,"<p>Foam back, deer or elk hair body and rabbit-strip tail, sold in #4 and #6, the most widely stocked mouse for Michigan night fishing. Mousing runs July through September with late August and September prime; cast tight to the bank after 10:30 pm and swing or slow-strip it across shallow flats on the Au Sable, Pere Marquette and Upper Manistee at 52 to 68 F water.</p><p><strong>Fish it for:</strong> Brown trout, Brook trout</p><p>Hand-tied in Michigan for Michigan rivers. See when and where to fish it at michiganflies.com/flies/morrish-mouse.</p>",Michigan Flies,Sporting Goods > Outdoor Recreation > Fishing > Fishing Tackle > Fishing Baits & Lures,Mouse,"Mouse, Brown trout, Brook trout, mousing, mouse, evidence-A",TRUE,Size,#2,Color,Natural deer hair and foam,morrish-mouse-s2-natural-deer-hair-and-foam,2,shopify,0,continue,manual,8.00,TRUE,TRUE,Morrish Mouse · hand-tied for Michigan rivers,"Foam back, deer or elk hair body and rabbit-strip tail, sold in #4 and #6, the most widely stocked mouse for Michigan night fishing. Mousing runs July through September with late August and September prime; cast tight to the bank after 10:30 pm and swing or slow-strip it across shallow flats on the ",draft
morrish-mouse,,,,,,,,,#4,,Natural deer hair and foam,morrish-mouse-s4-natural-deer-hair-and-foam,2,shopify,0,continue,manual,8.00,TRUE,TRUE,,,
morrish-mouse,,,,,,,,,#6,,Natural deer hair and foam,morrish-mouse-s6-natural-deer-hair-and-foam,2,shopify,0,continue,manual,8.00,TRUE,TRUE,,,
black-stonefly-nymph,Black Stonefly Nymph,"<p>The Little Black Stonefly (Allocapnia, Taeniopteryx) is the first insect steelhead see in numbers, peaking late February through April, and Current Works ranks it among Michigan's top five steelhead flies, best on sunny days in clear water. Nymphs stir at 36 F water and crawl on shelf ice; fish a weighted #8 to #12 stone as the point fly with an egg on a tag, and #14 to #18 for the tiny winter stones. Chuck Hawkins ties it large during spring runoff.</p><p><strong>Imitates:</strong> Early Black Stonefly</p><p><strong>Fish it for:</strong> Steelhead, Brown trout, Rainbow trout (resident), Brook trout, Chinook salmon, Coho salmon</p><p>Hand-tied in Michigan for Michigan rivers. See when and where to fish it at michiganflies.com/flies/black-stonefly-nymph.</p>",Michigan Flies,Sporting Goods > Outdoor Recreation > Fishing > Fishing Tackle > Fishing Baits & Lures,Nymph,"Nymph, Steelhead, Brown trout, Rainbow trout (resident), Brook trout, Chinook salmon, Coho salmon, nymph-indicator, chuck-and-duck, euro-nymph, early-black-stonefly, evidence-A",TRUE,Size,#6,Color,Black,black-stonefly-nymph-s6-black,2,shopify,0,continue,manual,2.75,TRUE,TRUE,Black Stonefly Nymph · hand-tied for Michigan rivers,"The Little Black Stonefly (Allocapnia, Taeniopteryx) is the first insect steelhead see in numbers, peaking late February through April, and Current Works ranks it among Michigan's top five steelhead flies, best on sunny days in clear water. Nymphs stir at 36 F water and crawl on shelf ice; fish a we",draft
black-stonefly-nymph,,,,,,,,,#6,,Ted's Early Black Stone,black-stonefly-nymph-s6-ted-s-early-black-stone,2,shopify,0,continue,manual,2.75,TRUE,TRUE,,,
black-stonefly-nymph,,,,,,,,,#6,,Mercer's Biot Epoxy Stone (dark),black-stonefly-nymph-s6-mercer-s-biot-epoxy-stone-dark,2,shopify,0,continue,manual,2.75,TRUE,TRUE,,,
black-stonefly-nymph,,,,,,,,,#6,,Iron-blue dun fur body,black-stonefly-nymph-s6-iron-blue-dun-fur-body,2,shopify,0,continue,manual,2.75,TRUE,TRUE,,,
black-stonefly-nymph,,,,,,,,,#8,,Black,black-stonefly-nymph-s8-black,2,shopify,0,continue,manual,2.75,TRUE,TRUE,,,
black-stonefly-nymph,,,,,,,,,#8,,Ted's Early Black Stone,black-stonefly-nymph-s8-ted-s-early-black-stone,2,shopify,0,continue,manual,2.75,TRUE,TRUE,,,
black-stonefly-nymph,,,,,,,,,#8,,Mercer's Biot Epoxy Stone (dark),black-stonefly-nymph-s8-mercer-s-biot-epoxy-stone-dark,2,shopify,0,continue,manual,2.75,TRUE,TRUE,,,
black-stonefly-nymph,,,,,,,,,#8,,Iron-blue dun fur body,black-stonefly-nymph-s8-iron-blue-dun-fur-body,2,shopify,0,continue,manual,2.75,TRUE,TRUE,,,
black-stonefly-nymph,,,,,,,,,#10,,Black,black-stonefly-nymph-s10-black,2,shopify,0,continue,manual,2.75,TRUE,TRUE,,,
black-stonefly-nymph,,,,,,,,,#10,,Ted's Early Black Stone,black-stonefly-nymph-s10-ted-s-early-black-stone,2,shopify,0,continue,manual,2.75,TRUE,TRUE,,,
black-stonefly-nymph,,,,,,,,,#10,,Mercer's Biot Epoxy Stone (dark),black-stonefly-nymph-s10-mercer-s-biot-epoxy-stone-dark,2,shopify,0,continue,manual,2.75,TRUE,TRUE,,,
black-stonefly-nymph,,,,,,,,,#10,,Iron-blue dun fur body,black-stonefly-nymph-s10-iron-blue-dun-fur-body,2,shopify,0,continue,manual,2.75,TRUE,TRUE,,,
black-stonefly-nymph,,,,,,,,,#12,,Black,black-stonefly-nymph-s12-black,2,shopify,0,continue,manual,2.75,TRUE,TRUE,,,
black-stonefly-nymph,,,,,,,,,#12,,Ted's Early Black Stone,black-stonefly-nymph-s12-ted-s-early-black-stone,2,shopify,0,continue,manual,2.75,TRUE,TRUE,,,
black-stonefly-nymph,,,,,,,,,#12,,Mercer's Biot Epoxy Stone (dark),black-stonefly-nymph-s12-mercer-s-biot-epoxy-stone-dark,2,shopify,0,continue,manual,2.75,TRUE,TRUE,,,
black-stonefly-nymph,,,,,,,,,#12,,Iron-blue dun fur body,black-stonefly-nymph-s12-iron-blue-dun-fur-body,2,shopify,0,continue,manual,2.75,TRUE,TRUE,,,
black-stonefly-nymph,,,,,,,,,#14,,Black,black-stonefly-nymph-s14-black,2,shopify,0,continue,manual,2.75,TRUE,TRUE,,,
black-stonefly-nymph,,,,,,,,,#14,,Ted's Early Black Stone,black-stonefly-nymph-s14-ted-s-early-black-stone,2,shopify,0,continue,manual,2.75,TRUE,TRUE,,,
black-stonefly-nymph,,,,,,,,,#14,,Mercer's Biot Epoxy Stone (dark),black-stonefly-nymph-s14-mercer-s-biot-epoxy-stone-dark,2,shopify,0,continue,manual,2.75,TRUE,TRUE,,,
black-stonefly-nymph,,,,,,,,,#14,,Iron-blue dun fur body,black-stonefly-nymph-s14-iron-blue-dun-fur-body,2,shopify,0,continue,manual,2.75,TRUE,TRUE,,,
black-stonefly-nymph,,,,,,,,,#16,,Black,black-stonefly-nymph-s16-black,2,shopify,0,continue,manual,2.75,TRUE,TRUE,,,
black-stonefly-nymph,,,,,,,,,#16,,Ted's Early Black Stone,black-stonefly-nymph-s16-ted-s-early-black-stone,2,shopify,0,continue,manual,2.75,TRUE,TRUE,,,
black-stonefly-nymph,,,,,,,,,#16,,Mercer's Biot Epoxy Stone (dark),black-stonefly-nymph-s16-mercer-s-biot-epoxy-stone-dark,2,shopify,0,continue,manual,2.75,TRUE,TRUE,,,
black-stonefly-nymph,,,,,,,,,#16,,Iron-blue dun fur body,black-stonefly-nymph-s16-iron-blue-dun-fur-body,2,shopify,0,continue,manual,2.75,TRUE,TRUE,,,
black-stonefly-nymph,,,,,,,,,#18,,Black,black-stonefly-nymph-s18-black,2,shopify,0,continue,manual,2.75,TRUE,TRUE,,,
black-stonefly-nymph,,,,,,,,,#18,,Ted's Early Black Stone,black-stonefly-nymph-s18-ted-s-early-black-stone,2,shopify,0,continue,manual,2.75,TRUE,TRUE,,,
black-stonefly-nymph,,,,,,,,,#18,,Mercer's Biot Epoxy Stone (dark),black-stonefly-nymph-s18-mercer-s-biot-epoxy-stone-dark,2,shopify,0,continue,manual,2.75,TRUE,TRUE,,,
black-stonefly-nymph,,,,,,,,,#18,,Iron-blue dun fur body,black-stonefly-nymph-s18-iron-blue-dun-fur-body,2,shopify,0,continue,manual,2.75,TRUE,TRUE,,,
hares-ear-nymph,Gold-Ribbed Hare's Ear,"<p>The generalist buggy nymph for Michigan's clinger mayflies and caddis pupae, and MidCurrent lists a #10 to #14 Hare's Ear among winter steelhead nymphs. Dead-drift it under an indicator all season for trout, and as a trailer behind an egg or stonefly for steelhead.</p><p><strong>Imitates:</strong> March Brown, Light Cahill, Hendrickson, Isonychia, Gray Drake, Grannom, Tan Caddis</p><p><strong>Fish it for:</strong> Brown trout, Brook trout, Rainbow trout (resident), Steelhead, Pink salmon</p><p>Hand-tied in Michigan for Michigan rivers. See when and where to fish it at michiganflies.com/flies/hares-ear-nymph.</p>",Michigan Flies,Sporting Goods > Outdoor Recreation > Fishing > Fishing Tackle > Fishing Baits & Lures,Nymph,"Nymph, Brown trout, Brook trout, Rainbow trout (resident), Steelhead, Pink salmon, nymph-indicator, euro-nymph, march-brown, light-cahill, hendrickson, isonychia, gray-drake, grannom, tan-caddis, evidence-A",TRUE,Size,#8,Color,Natural,hares-ear-nymph-s8-natural,2,shopify,0,continue,manual,2.75,TRUE,TRUE,Gold-Ribbed Hare's Ear · hand-tied for Michigan rivers,"The generalist buggy nymph for Michigan's clinger mayflies and caddis pupae, and MidCurrent lists a #10 to #14 Hare's Ear among winter steelhead nymphs. Dead-drift it under an indicator all season for trout, and as a trailer behind an egg or stonefly for steelhead.",draft
hares-ear-nymph,,,,,,,,,#8,,Olive,hares-ear-nymph-s8-olive,2,shopify,0,continue,manual,2.75,TRUE,TRUE,,,
hares-ear-nymph,,,,,,,,,#8,,Beadhead,hares-ear-nymph-s8-beadhead,2,shopify,0,continue,manual,2.75,TRUE,TRUE,,,
hares-ear-nymph,,,,,,,,,#10,,Natural,hares-ear-nymph-s10-natural,2,shopify,0,continue,manual,2.75,TRUE,TRUE,,,
hares-ear-nymph,,,,,,,,,#10,,Olive,hares-ear-nymph-s10-olive,2,shopify,0,continue,manual,2.75,TRUE,TRUE,,,
hares-ear-nymph,,,,,,,,,#10,,Beadhead,hares-ear-nymph-s10-beadhead,2,shopify,0,continue,manual,2.75,TRUE,TRUE,,,
hares-ear-nymph,,,,,,,,,#12,,Natural,hares-ear-nymph-s12-natural,2,shopify,0,continue,manual,2.75,TRUE,TRUE,,,
hares-ear-nymph,,,,,,,,,#12,,Olive,hares-ear-nymph-s12-olive,2,shopify,0,continue,manual,2.75,TRUE,TRUE,,,
hares-ear-nymph,,,,,,,,,#12,,Beadhead,hares-ear-nymph-s12-beadhead,2,shopify,0,continue,manual,2.75,TRUE,TRUE,,,
hares-ear-nymph,,,,,,,,,#14,,Natural,hares-ear-nymph-s14-natural,2,shopify,0,continue,manual,2.75,TRUE,TRUE,,,
hares-ear-nymph,,,,,,,,,#14,,Olive,hares-ear-nymph-s14-olive,2,shopify,0,continue,manual,2.75,TRUE,TRUE,,,
hares-ear-nymph,,,,,,,,,#14,,Beadhead,hares-ear-nymph-s14-beadhead,2,shopify,0,continue,manual,2.75,TRUE,TRUE,,,
hares-ear-nymph,,,,,,,,,#16,,Natural,hares-ear-nymph-s16-natural,2,shopify,0,continue,manual,2.75,TRUE,TRUE,,,
hares-ear-nymph,,,,,,,,,#16,,Olive,hares-ear-nymph-s16-olive,2,shopify,0,continue,manual,2.75,TRUE,TRUE,,,
hares-ear-nymph,,,,,,,,,#16,,Beadhead,hares-ear-nymph-s16-beadhead,2,shopify,0,continue,manual,2.75,TRUE,TRUE,,,
hares-ear-nymph,,,,,,,,,#18,,Natural,hares-ear-nymph-s18-natural,2,shopify,0,continue,manual,2.75,TRUE,TRUE,,,
hares-ear-nymph,,,,,,,,,#18,,Olive,hares-ear-nymph-s18-olive,2,shopify,0,continue,manual,2.75,TRUE,TRUE,,,
hares-ear-nymph,,,,,,,,,#18,,Beadhead,hares-ear-nymph-s18-beadhead,2,shopify,0,continue,manual,2.75,TRUE,TRUE,,,
hex-nymph,Hex Nymph (Wiggler),"<p>Current Works' number one Michigan steelhead fly, because most steelhead rivers (Muskegon, Manistee, Pere Marquette, Au Sable, St. Marys) hold silt-burrowing Hexagenia and trout may see up to 2,000 nymphs a day outside the hatch. Fish #6 to #8 under an indicator or chuck-and-duck year-round for steelhead, in the two weeks before the June hatch for trout, and in July for St. Marys Atlantic salmon.</p><p><strong>Imitates:</strong> Hex</p><p><strong>Fish it for:</strong> Steelhead, Brown trout, Rainbow trout (resident), Brook trout, Atlantic salmon</p><p>Hand-tied in Michigan for Michigan rivers. See when and where to fish it at michiganflies.com/flies/hex-nymph.</p>",Michigan Flies,Sporting Goods > Outdoor Recreation > Fishing > Fishing Tackle > Fishing Baits & Lures,Nymph,"Nymph, Steelhead, Brown trout, Rainbow trout (resident), Brook trout, Atlantic salmon, nymph-indicator, chuck-and-duck, euro-nymph, hex, evidence-A",TRUE,Size,#4,Color,Natural tan-yellow,hex-nymph-s4-natural-tan-yellow,2,shopify,0,continue,manual,2.75,TRUE,TRUE,Hex Nymph (Wiggler) · hand-tied for Michigan rivers,"Current Works' number one Michigan steelhead fly, because most steelhead rivers (Muskegon, Manistee, Pere Marquette, Au Sable, St. Marys) hold silt-burrowing Hexagenia and trout may see up to 2,000 nymphs a day outside the hatch. Fish #6 to #8 under an indicator or chuck-and-duck year-round for stee",draft
hex-nymph,,,,,,,,,#4,,Bear's Hex Nymph,hex-nymph-s4-bear-s-hex-nymph,2,shopify,0,continue,manual,2.75,TRUE,TRUE,,,
hex-nymph,,,,,,,,,#4,,Schultzy's Rabbit Hexum,hex-nymph-s4-schultzy-s-rabbit-hexum,2,shopify,0,continue,manual,2.75,TRUE,TRUE,,,
hex-nymph,,,,,,,,,#4,,Ted's Edible Hex,hex-nymph-s4-ted-s-edible-hex,2,shopify,0,continue,manual,2.75,TRUE,TRUE,,,
hex-nymph,,,,,,,,,#6,,Natural tan-yellow,hex-nymph-s6-natural-tan-yellow,2,shopify,0,continue,manual,2.75,TRUE,TRUE,,,
hex-nymph,,,,,,,,,#6,,Bear's Hex Nymph,hex-nymph-s6-bear-s-hex-nymph,2,shopify,0,continue,manual,2.75,TRUE,TRUE,,,
hex-nymph,,,,,,,,,#6,,Schultzy's Rabbit Hexum,hex-nymph-s6-schultzy-s-rabbit-hexum,2,shopify,0,continue,manual,2.75,TRUE,TRUE,,,
hex-nymph,,,,,,,,,#6,,Ted's Edible Hex,hex-nymph-s6-ted-s-edible-hex,2,shopify,0,continue,manual,2.75,TRUE,TRUE,,,
hex-nymph,,,,,,,,,#8,,Natural tan-yellow,hex-nymph-s8-natural-tan-yellow,2,shopify,0,continue,manual,2.75,TRUE,TRUE,,,
hex-nymph,,,,,,,,,#8,,Bear's Hex Nymph,hex-nymph-s8-bear-s-hex-nymph,2,shopify,0,continue,manual,2.75,TRUE,TRUE,,,
hex-nymph,,,,,,,,,#8,,Schultzy's Rabbit Hexum,hex-nymph-s8-schultzy-s-rabbit-hexum,2,shopify,0,continue,manual,2.75,TRUE,TRUE,,,
hex-nymph,,,,,,,,,#8,,Ted's Edible Hex,hex-nymph-s8-ted-s-edible-hex,2,shopify,0,continue,manual,2.75,TRUE,TRUE,,,
hex-nymph,,,,,,,,,#10,,Natural tan-yellow,hex-nymph-s10-natural-tan-yellow,2,shopify,0,continue,manual,2.75,TRUE,TRUE,,,
hex-nymph,,,,,,,,,#10,,Bear's Hex Nymph,hex-nymph-s10-bear-s-hex-nymph,2,shopify,0,continue,manual,2.75,TRUE,TRUE,,,
hex-nymph,,,,,,,,,#10,,Schultzy's Rabbit Hexum,hex-nymph-s10-schultzy-s-rabbit-hexum,2,shopify,0,continue,manual,2.75,TRUE,TRUE,,,
hex-nymph,,,,,,,,,#10,,Ted's Edible Hex,hex-nymph-s10-ted-s-edible-hex,2,shopify,0,continue,manual,2.75,TRUE,TRUE,,,
pats-rubber-legs,Pat's Rubber Legs,"<p>A U.P. steelhead guide's nymph rig runs double-bead stoneflies and Pat's Rubber Legs #8 to #10 in black and brown as the point fly ahead of an egg or caddis. For trout it is a generic big stonefly for the Pine, Upper Manistee and Sturgeon, fished deep in fast water year-round; Michigan trout sources do not name it, so treat the trout use as generic.</p><p><strong>Imitates:</strong> Golden Stonefly, Giant Black Stonefly, Early Brown Stonefly</p><p><strong>Fish it for:</strong> Steelhead, Brown trout, Rainbow trout (resident), Brook trout</p><p>Hand-tied in Michigan for Michigan rivers. See when and where to fish it at michiganflies.com/flies/pats-rubber-legs.</p>",Michigan Flies,Sporting Goods > Outdoor Recreation > Fishing > Fishing Tackle > Fishing Baits & Lures,Nymph,"Nymph, Steelhead, Brown trout, Rainbow trout (resident), Brook trout, nymph-indicator, chuck-and-duck, euro-nymph, golden-stone, giant-black-stone, early-brown-stonefly, evidence-A",TRUE,Size,#4,Color,Black,pats-rubber-legs-s4-black,2,shopify,0,continue,manual,2.75,TRUE,TRUE,Pat's Rubber Legs · hand-tied for Michigan rivers,"A U.P. steelhead guide's nymph rig runs double-bead stoneflies and Pat's Rubber Legs #8 to #10 in black and brown as the point fly ahead of an egg or caddis. For trout it is a generic big stonefly for the Pine, Upper Manistee and Sturgeon, fished deep in fast water year-round; Michigan trout sources",draft
pats-rubber-legs,,,,,,,,,#4,,Brown,pats-rubber-legs-s4-brown,2,shopify,0,continue,manual,2.75,TRUE,TRUE,,,
pats-rubber-legs,,,,,,,,,#4,,Coffee-black,pats-rubber-legs-s4-coffee-black,2,shopify,0,continue,manual,2.75,TRUE,TRUE,,,
pats-rubber-legs,,,,,,,,,#4,,Olive-brown,pats-rubber-legs-s4-olive-brown,2,shopify,0,continue,manual,2.75,TRUE,TRUE,,,
pats-rubber-legs,,,,,,,,,#6,,Black,pats-rubber-legs-s6-black,2,shopify,0,continue,manual,2.75,TRUE,TRUE,,,
pats-rubber-legs,,,,,,,,,#6,,Brown,pats-rubber-legs-s6-brown,2,shopify,0,continue,manual,2.75,TRUE,TRUE,,,
pats-rubber-legs,,,,,,,,,#6,,Coffee-black,pats-rubber-legs-s6-coffee-black,2,shopify,0,continue,manual,2.75,TRUE,TRUE,,,
pats-rubber-legs,,,,,,,,,#6,,Olive-brown,pats-rubber-legs-s6-olive-brown,2,shopify,0,continue,manual,2.75,TRUE,TRUE,,,
pats-rubber-legs,,,,,,,,,#8,,Black,pats-rubber-legs-s8-black,2,shopify,0,continue,manual,2.75,TRUE,TRUE,,,
pats-rubber-legs,,,,,,,,,#8,,Brown,pats-rubber-legs-s8-brown,2,shopify,0,continue,manual,2.75,TRUE,TRUE,,,
pats-rubber-legs,,,,,,,,,#8,,Coffee-black,pats-rubber-legs-s8-coffee-black,2,shopify,0,continue,manual,2.75,TRUE,TRUE,,,
pats-rubber-legs,,,,,,,,,#8,,Olive-brown,pats-rubber-legs-s8-olive-brown,2,shopify,0,continue,manual,2.75,TRUE,TRUE,,,
pats-rubber-legs,,,,,,,,,#10,,Black,pats-rubber-legs-s10-black,2,shopify,0,continue,manual,2.75,TRUE,TRUE,,,
pats-rubber-legs,,,,,,,,,#10,,Brown,pats-rubber-legs-s10-brown,2,shopify,0,continue,manual,2.75,TRUE,TRUE,,,
pats-rubber-legs,,,,,,,,,#10,,Coffee-black,pats-rubber-legs-s10-coffee-black,2,shopify,0,continue,manual,2.75,TRUE,TRUE,,,
pats-rubber-legs,,,,,,,,,#10,,Olive-brown,pats-rubber-legs-s10-olive-brown,2,shopify,0,continue,manual,2.75,TRUE,TRUE,,,
pheasant-tail-nymph,Pheasant Tail Nymph,"<p>Old Au Sable Fly Shop names a #12 to #14 Pheasant Tail as the Hendrickson nymph, and it covers every Michigan Ephemerella and Baetis nymph before and during a hatch. A beadhead #10 is a standard trailer fly in U.P. steelhead rigs, and #12 to #20 versions take pink salmon in clear water. Fish it dead-drifted under an indicator or on a tight line in the weeks before each mayfly hatch.</p><p><strong>Imitates:</strong> Hendrickson, Sulphur, Little Sulphur, Blue-Winged Olive, Blue Quill, Mahogany Dun, March Brown, Light Cahill</p><p><strong>Fish it for:</strong> Brown trout, Brook trout, Rainbow trout (resident), Steelhead, Pink salmon, Atlantic salmon</p><p>Hand-tied in Michigan for Michigan rivers. See when and where to fish it at michiganflies.com/flies/pheasant-tail-nymph.</p>",Michigan Flies,Sporting Goods > Outdoor Recreation > Fishing > Fishing Tackle > Fishing Baits & Lures,Nymph,"Nymph, Brown trout, Brook trout, Rainbow trout (resident), Steelhead, Pink salmon, Atlantic salmon, nymph-indicator, euro-nymph, hendrickson, sulphur-invaria, sulphur-dorothea, blue-winged-olive, blue-quill, mahogany-dun, march-brown, light-cahill, evidence-A",TRUE,Size,#10,Color,Natural,pheasant-tail-nymph-s10-natural,2,shopify,0,continue,manual,2.75,TRUE,TRUE,Pheasant Tail Nymph · hand-tied for Michigan rivers,"Old Au Sable Fly Shop names a #12 to #14 Pheasant Tail as the Hendrickson nymph, and it covers every Michigan Ephemerella and Baetis nymph before and during a hatch. A beadhead #10 is a standard trailer fly in U.P. steelhead rigs, and #12 to #20 versions take pink salmon in clear water. Fish it dead",draft
pheasant-tail-nymph,,,,,,,,,#10,,Beadhead,pheasant-tail-nymph-s10-beadhead,2,shopify,0,continue,manual,2.75,TRUE,TRUE,,,
pheasant-tail-nymph,,,,,,,,,#10,,Flashback,pheasant-tail-nymph-s10-flashback,2,shopify,0,continue,manual,2.75,TRUE,TRUE,,,
pheasant-tail-nymph,,,,,,,,,#12,,Natural,pheasant-tail-nymph-s12-natural,2,shopify,0,continue,manual,2.75,TRUE,TRUE,,,
pheasant-tail-nymph,,,,,,,,,#12,,Beadhead,pheasant-tail-nymph-s12-beadhead,2,shopify,0,continue,manual,2.75,TRUE,TRUE,,,
pheasant-tail-nymph,,,,,,,,,#12,,Flashback,pheasant-tail-nymph-s12-flashback,2,shopify,0,continue,manual,2.75,TRUE,TRUE,,,
pheasant-tail-nymph,,,,,,,,,#14,,Natural,pheasant-tail-nymph-s14-natural,2,shopify,0,continue,manual,2.75,TRUE,TRUE,,,
pheasant-tail-nymph,,,,,,,,,#14,,Beadhead,pheasant-tail-nymph-s14-beadhead,2,shopify,0,continue,manual,2.75,TRUE,TRUE,,,
pheasant-tail-nymph,,,,,,,,,#14,,Flashback,pheasant-tail-nymph-s14-flashback,2,shopify,0,continue,manual,2.75,TRUE,TRUE,,,
pheasant-tail-nymph,,,,,,,,,#16,,Natural,pheasant-tail-nymph-s16-natural,2,shopify,0,continue,manual,2.75,TRUE,TRUE,,,
pheasant-tail-nymph,,,,,,,,,#16,,Beadhead,pheasant-tail-nymph-s16-beadhead,2,shopify,0,continue,manual,2.75,TRUE,TRUE,,,
pheasant-tail-nymph,,,,,,,,,#16,,Flashback,pheasant-tail-nymph-s16-flashback,2,shopify,0,continue,manual,2.75,TRUE,TRUE,,,
pheasant-tail-nymph,,,,,,,,,#18,,Natural,pheasant-tail-nymph-s18-natural,2,shopify,0,continue,manual,2.75,TRUE,TRUE,,,
pheasant-tail-nymph,,,,,,,,,#18,,Beadhead,pheasant-tail-nymph-s18-beadhead,2,shopify,0,continue,manual,2.75,TRUE,TRUE,,,
pheasant-tail-nymph,,,,,,,,,#18,,Flashback,pheasant-tail-nymph-s18-flashback,2,shopify,0,continue,manual,2.75,TRUE,TRUE,,,
pheasant-tail-nymph,,,,,,,,,#20,,Natural,pheasant-tail-nymph-s20-natural,2,shopify,0,continue,manual,2.75,TRUE,TRUE,,,
pheasant-tail-nymph,,,,,,,,,#20,,Beadhead,pheasant-tail-nymph-s20-beadhead,2,shopify,0,continue,manual,2.75,TRUE,TRUE,,,
pheasant-tail-nymph,,,,,,,,,#20,,Flashback,pheasant-tail-nymph-s20-flashback,2,shopify,0,continue,manual,2.75,TRUE,TRUE,,,
spring-wiggler,Spring Wiggler,"<p>A yellow chenille and fox squirrel Hex nymph that has been a Michigan steelhead fly for more than fifty years. Schrems West Michigan TU calls it effective year-round and especially in winter on the Muskegon. Dead-drift it on the bottom in runs below gravel; the bright variants double as an attractor in stained water.</p><p><strong>Imitates:</strong> Hex</p><p><strong>Fish it for:</strong> Steelhead, Brown trout, Rainbow trout (resident)</p><p><em>Michigan steelhead fly, in use over fifty years</em></p><p>Hand-tied in Michigan for Michigan rivers. See when and where to fish it at michiganflies.com/flies/spring-wiggler.</p>",Michigan Flies,Sporting Goods > Outdoor Recreation > Fishing > Fishing Tackle > Fishing Baits & Lures,Nymph,"Nymph, Steelhead, Brown trout, Rainbow trout (resident), nymph-indicator, chuck-and-duck, hex, evidence-A",TRUE,Size,#6,Color,Yellow chenille with fox squirrel,spring-wiggler-s6-yellow-chenille-with-fox-squirrel,2,shopify,0,continue,manual,2.75,TRUE,TRUE,Spring Wiggler · hand-tied for Michigan rivers,A yellow chenille and fox squirrel Hex nymph that has been a Michigan steelhead fly for more than fifty years. Schrems West Michigan TU calls it effective year-round and especially in winter on the Muskegon. Dead-drift it on the bottom in runs below gravel; the bright variants double as an attractor,draft
spring-wiggler,,,,,,,,,#6,,Orange,spring-wiggler-s6-orange,2,shopify,0,continue,manual,2.75,TRUE,TRUE,,,
spring-wiggler,,,,,,,,,#6,,Chartreuse,spring-wiggler-s6-chartreuse,2,shopify,0,continue,manual,2.75,TRUE,TRUE,,,
spring-wiggler,,,,,,,,,#8,,Yellow chenille with fox squirrel,spring-wiggler-s8-yellow-chenille-with-fox-squirrel,2,shopify,0,continue,manual,2.75,TRUE,TRUE,,,
spring-wiggler,,,,,,,,,#8,,Orange,spring-wiggler-s8-orange,2,shopify,0,continue,manual,2.75,TRUE,TRUE,,,
spring-wiggler,,,,,,,,,#8,,Chartreuse,spring-wiggler-s8-chartreuse,2,shopify,0,continue,manual,2.75,TRUE,TRUE,,,
spring-wiggler,,,,,,,,,#10,,Yellow chenille with fox squirrel,spring-wiggler-s10-yellow-chenille-with-fox-squirrel,2,shopify,0,continue,manual,2.75,TRUE,TRUE,,,
spring-wiggler,,,,,,,,,#10,,Orange,spring-wiggler-s10-orange,2,shopify,0,continue,manual,2.75,TRUE,TRUE,,,
spring-wiggler,,,,,,,,,#10,,Chartreuse,spring-wiggler-s10-chartreuse,2,shopify,0,continue,manual,2.75,TRUE,TRUE,,,
zebra-midge,Zebra Midge,"<p>Black-bodied #20 to #24 midges are the main winter food on the Muskegon tailwater from November through April, with heavy hatches near springs on warm afternoons. Fish a Zebra Midge as a dropper under a small indicator or behind a scud; it also takes pink salmon in clear water and St. Marys Atlantics feeding on midges in late summer.</p><p><strong>Imitates:</strong> Midge</p><p><strong>Fish it for:</strong> Brown trout, Rainbow trout (resident), Brook trout, Pink salmon, Atlantic salmon</p><p>Hand-tied in Michigan for Michigan rivers. See when and where to fish it at michiganflies.com/flies/zebra-midge.</p>",Michigan Flies,Sporting Goods > Outdoor Recreation > Fishing > Fishing Tackle > Fishing Baits & Lures,Nymph,"Nymph, Brown trout, Rainbow trout (resident), Brook trout, Pink salmon, Atlantic salmon, nymph-indicator, euro-nymph, midge, evidence-A",TRUE,Size,#18,Color,Black with silver rib,zebra-midge-s18-black-with-silver-rib,2,shopify,0,continue,manual,2.75,TRUE,TRUE,Zebra Midge · hand-tied for Michigan rivers,"Black-bodied #20 to #24 midges are the main winter food on the Muskegon tailwater from November through April, with heavy hatches near springs on warm afternoons. Fish a Zebra Midge as a dropper under a small indicator or behind a scud; it also takes pink salmon in clear water and St. Marys Atlantic",draft
zebra-midge,,,,,,,,,#18,,Red,zebra-midge-s18-red,2,shopify,0,continue,manual,2.75,TRUE,TRUE,,,
zebra-midge,,,,,,,,,#18,,Olive,zebra-midge-s18-olive,2,shopify,0,continue,manual,2.75,TRUE,TRUE,,,
zebra-midge,,,,,,,,,#20,,Black with silver rib,zebra-midge-s20-black-with-silver-rib,2,shopify,0,continue,manual,2.75,TRUE,TRUE,,,
zebra-midge,,,,,,,,,#20,,Red,zebra-midge-s20-red,2,shopify,0,continue,manual,2.75,TRUE,TRUE,,,
zebra-midge,,,,,,,,,#20,,Olive,zebra-midge-s20-olive,2,shopify,0,continue,manual,2.75,TRUE,TRUE,,,
zebra-midge,,,,,,,,,#22,,Black with silver rib,zebra-midge-s22-black-with-silver-rib,2,shopify,0,continue,manual,2.75,TRUE,TRUE,,,
zebra-midge,,,,,,,,,#22,,Red,zebra-midge-s22-red,2,shopify,0,continue,manual,2.75,TRUE,TRUE,,,
zebra-midge,,,,,,,,,#22,,Olive,zebra-midge-s22-olive,2,shopify,0,continue,manual,2.75,TRUE,TRUE,,,
zebra-midge,,,,,,,,,#24,,Black with silver rib,zebra-midge-s24-black-with-silver-rib,2,shopify,0,continue,manual,2.75,TRUE,TRUE,,,
zebra-midge,,,,,,,,,#24,,Red,zebra-midge-s24-red,2,shopify,0,continue,manual,2.75,TRUE,TRUE,,,
zebra-midge,,,,,,,,,#24,,Olive,zebra-midge-s24-olive,2,shopify,0,continue,manual,2.75,TRUE,TRUE,,,
circus-peanut,Circus Peanut,"<p>Developed around 2000 by Russ Maddin while at Galloup's Troutsman shop, the articulated fly that 'ushered in the age of articulated streamers,' used on the Au Sable and Manistee for big browns. Streamside sells it in Root Beer, a crayfish-brown that fishes in average flows on sunny or stained days. Strip it with a jerk-strip retrieve in April, May and the pre-spawn fall.</p><p><strong>Fish it for:</strong> Brown trout, Rainbow trout (resident), Steelhead</p><p><em>Russ Maddin, Troutsman fly shop, Traverse City, about 2000</em></p><p>Hand-tied in Michigan for Michigan rivers. See when and where to fish it at michiganflies.com/flies/circus-peanut.</p>",Michigan Flies,Sporting Goods > Outdoor Recreation > Fishing > Fishing Tackle > Fishing Baits & Lures,Streamer,"Streamer, Brown trout, Rainbow trout (resident), Steelhead, streamer, sculpin, crayfish, dace, salmonid-parr, evidence-A",TRUE,Size,#2,Color,Root Beer,circus-peanut-s2-root-beer,2,shopify,0,continue,manual,9.50,TRUE,TRUE,Circus Peanut · hand-tied for Michigan rivers,"Developed around 2000 by Russ Maddin while at Galloup's Troutsman shop, the articulated fly that 'ushered in the age of articulated streamers,' used on the Au Sable and Manistee for big browns. Streamside sells it in Root Beer, a crayfish-brown that fishes in average flows on sunny or stained days. ",draft
circus-peanut,,,,,,,,,#2,,Olive,circus-peanut-s2-olive,2,shopify,0,continue,manual,9.50,TRUE,TRUE,,,
circus-peanut,,,,,,,,,#2,,Yellow,circus-peanut-s2-yellow,2,shopify,0,continue,manual,9.50,TRUE,TRUE,,,
circus-peanut,,,,,,,,,#2,,Black,circus-peanut-s2-black,2,shopify,0,continue,manual,9.50,TRUE,TRUE,,,
circus-peanut,,,,,,,,,#2,,White,circus-peanut-s2-white,2,shopify,0,continue,manual,9.50,TRUE,TRUE,,,
circus-peanut,,,,,,,,,#4,,Root Beer,circus-peanut-s4-root-beer,2,shopify,0,continue,manual,9.50,TRUE,TRUE,,,
circus-peanut,,,,,,,,,#4,,Olive,circus-peanut-s4-olive,2,shopify,0,continue,manual,9.50,TRUE,TRUE,,,
circus-peanut,,,,,,,,,#4,,Yellow,circus-peanut-s4-yellow,2,shopify,0,continue,manual,9.50,TRUE,TRUE,,,
circus-peanut,,,,,,,,,#4,,Black,circus-peanut-s4-black,2,shopify,0,continue,manual,9.50,TRUE,TRUE,,,
circus-peanut,,,,,,,,,#4,,White,circus-peanut-s4-white,2,shopify,0,continue,manual,9.50,TRUE,TRUE,,,
circus-peanut,,,,,,,,,#6,,Root Beer,circus-peanut-s6-root-beer,2,shopify,0,continue,manual,9.50,TRUE,TRUE,,,
circus-peanut,,,,,,,,,#6,,Olive,circus-peanut-s6-olive,2,shopify,0,continue,manual,9.50,TRUE,TRUE,,,
circus-peanut,,,,,,,,,#6,,Yellow,circus-peanut-s6-yellow,2,shopify,0,continue,manual,9.50,TRUE,TRUE,,,
circus-peanut,,,,,,,,,#6,,Black,circus-peanut-s6-black,2,shopify,0,continue,manual,9.50,TRUE,TRUE,,,
circus-peanut,,,,,,,,,#6,,White,circus-peanut-s6-white,2,shopify,0,continue,manual,9.50,TRUE,TRUE,,,
drunk-and-disorderly,Drunk and Disorderly,"<p>Tommy Lynch's wedge-headed articulated fly that 'swims differently with every strip to mimic an injured baitfish,' with a profile largest at the head and slender behind. Retrieve it with one sharp pop, three short strips, then let it swim and die out; several Pere Marquette and Upper Manistee browns over 24 inches have taken it. Best on a floating or intermediate line over structure in spring and fall.</p><p><strong>Fish it for:</strong> Brown trout, Rainbow trout (resident), Steelhead</p><p><em>Tommy Lynch (The Fish Whisperer), Pere Marquette and Upper Manistee, Baldwin</em></p><p>Hand-tied in Michigan for Michigan rivers. See when and where to fish it at michiganflies.com/flies/drunk-and-disorderly.</p>",Michigan Flies,Sporting Goods > Outdoor Recreation > Fishing > Fishing Tackle > Fishing Baits & Lures,Streamer,"Streamer, Brown trout, Rainbow trout (resident), Steelhead, streamer, dace, emerald-shiner, salmonid-parr, sculpin, evidence-A",TRUE,Size,#1,Color,Natural/olive,drunk-and-disorderly-s1-natural-olive,2,shopify,0,continue,manual,9.50,TRUE,TRUE,Drunk and Disorderly · hand-tied for Michigan rivers,"Tommy Lynch's wedge-headed articulated fly that 'swims differently with every strip to mimic an injured baitfish,' with a profile largest at the head and slender behind. Retrieve it with one sharp pop, three short strips, then let it swim and die out; several Pere Marquette and Upper Manistee browns",draft
drunk-and-disorderly,,,,,,,,,#1,,White,drunk-and-disorderly-s1-white,2,shopify,0,continue,manual,9.50,TRUE,TRUE,,,
drunk-and-disorderly,,,,,,,,,#1,,Yellow,drunk-and-disorderly-s1-yellow,2,shopify,0,continue,manual,9.50,TRUE,TRUE,,,
drunk-and-disorderly,,,,,,,,,#1,,Black,drunk-and-disorderly-s1-black,2,shopify,0,continue,manual,9.50,TRUE,TRUE,,,
drunk-and-disorderly,,,,,,,,,#1,,Chartreuse,drunk-and-disorderly-s1-chartreuse,2,shopify,0,continue,manual,9.50,TRUE,TRUE,,,
drunk-and-disorderly,,,,,,,,,#2,,Natural/olive,drunk-and-disorderly-s2-natural-olive,2,shopify,0,continue,manual,9.50,TRUE,TRUE,,,
drunk-and-disorderly,,,,,,,,,#2,,White,drunk-and-disorderly-s2-white,2,shopify,0,continue,manual,9.50,TRUE,TRUE,,,
drunk-and-disorderly,,,,,,,,,#2,,Yellow,drunk-and-disorderly-s2-yellow,2,shopify,0,continue,manual,9.50,TRUE,TRUE,,,
drunk-and-disorderly,,,,,,,,,#2,,Black,drunk-and-disorderly-s2-black,2,shopify,0,continue,manual,9.50,TRUE,TRUE,,,
drunk-and-disorderly,,,,,,,,,#2,,Chartreuse,drunk-and-disorderly-s2-chartreuse,2,shopify,0,continue,manual,9.50,TRUE,TRUE,,,
drunk-and-disorderly,,,,,,,,,#4,,Natural/olive,drunk-and-disorderly-s4-natural-olive,2,shopify,0,continue,manual,9.50,TRUE,TRUE,,,
drunk-and-disorderly,,,,,,,,,#4,,White,drunk-and-disorderly-s4-white,2,shopify,0,continue,manual,9.50,TRUE,TRUE,,,
drunk-and-disorderly,,,,,,,,,#4,,Yellow,drunk-and-disorderly-s4-yellow,2,shopify,0,continue,manual,9.50,TRUE,TRUE,,,
drunk-and-disorderly,,,,,,,,,#4,,Black,drunk-and-disorderly-s4-black,2,shopify,0,continue,manual,9.50,TRUE,TRUE,,,
drunk-and-disorderly,,,,,,,,,#4,,Chartreuse,drunk-and-disorderly-s4-chartreuse,2,shopify,0,continue,manual,9.50,TRUE,TRUE,,,
egg-sucking-leech,Egg-Sucking Leech,"<p>A leech profile with an egg hot spot, recognized as one of the most effective flies on Great Lakes tributary steelhead streams and, per Current Works, less intrusive than most patterns for selective fish. Betts fishes it for Pere Marquette fall salmon, and Michigan coho anglers swing it through runs and tailouts. Dead-drift or swing black, purple or olive bodies with chartreuse, orange, red or pink heads from September through April; #8 versions take pink salmon.</p><p><strong>Fish it for:</strong> Steelhead, Chinook salmon, Coho salmon, Brown trout, Pink salmon</p><p><em>Will Bauer, Alaska, about 1984; Michigan recipe by Current Works</em></p><p>Hand-tied in Michigan for Michigan rivers. See when and where to fish it at michiganflies.com/flies/egg-sucking-leech.</p>",Michigan Flies,Sporting Goods > Outdoor Recreation > Fishing > Fishing Tackle > Fishing Baits & Lures,Streamer,"Streamer, Steelhead, Chinook salmon, Coho salmon, Brown trout, Pink salmon, swing-spey, nymph-indicator, chuck-and-duck, streamer, chinook-eggs, coho-eggs, steelhead-eggs, leech, evidence-A",TRUE,Size,#2,Color,Black with chartreuse head,egg-sucking-leech-s2-black-with-chartreuse-head,2,shopify,0,continue,manual,6.50,TRUE,TRUE,Egg-Sucking Leech · hand-tied for Michigan rivers,"A leech profile with an egg hot spot, recognized as one of the most effective flies on Great Lakes tributary steelhead streams and, per Current Works, less intrusive than most patterns for selective fish. Betts fishes it for Pere Marquette fall salmon, and Michigan coho anglers swing it through runs",draft
egg-sucking-leech,,,,,,,,,#2,,Black with orange head,egg-sucking-leech-s2-black-with-orange-head,2,shopify,0,continue,manual,6.50,TRUE,TRUE,,,
egg-sucking-leech,,,,,,,,,#2,,Purple with pink head,egg-sucking-leech-s2-purple-with-pink-head,2,shopify,0,continue,manual,6.50,TRUE,TRUE,,,
egg-sucking-leech,,,,,,,,,#2,,Olive with red head,egg-sucking-leech-s2-olive-with-red-head,2,shopify,0,continue,manual,6.50,TRUE,TRUE,,,
egg-sucking-leech,,,,,,,,,#2,,Black with hot pink head,egg-sucking-leech-s2-black-with-hot-pink-head,2,shopify,0,continue,manual,6.50,TRUE,TRUE,,,
egg-sucking-leech,,,,,,,,,#4,,Black with chartreuse head,egg-sucking-leech-s4-black-with-chartreuse-head,2,shopify,0,continue,manual,6.50,TRUE,TRUE,,,
egg-sucking-leech,,,,,,,,,#4,,Black with orange head,egg-sucking-leech-s4-black-with-orange-head,2,shopify,0,continue,manual,6.50,TRUE,TRUE,,,
egg-sucking-leech,,,,,,,,,#4,,Purple with pink head,egg-sucking-leech-s4-purple-with-pink-head,2,shopify,0,continue,manual,6.50,TRUE,TRUE,,,
egg-sucking-leech,,,,,,,,,#4,,Olive with red head,egg-sucking-leech-s4-olive-with-red-head,2,shopify,0,continue,manual,6.50,TRUE,TRUE,,,
egg-sucking-leech,,,,,,,,,#4,,Black with hot pink head,egg-sucking-leech-s4-black-with-hot-pink-head,2,shopify,0,continue,manual,6.50,TRUE,TRUE,,,
egg-sucking-leech,,,,,,,,,#6,,Black with chartreuse head,egg-sucking-leech-s6-black-with-chartreuse-head,2,shopify,0,continue,manual,6.50,TRUE,TRUE,,,
egg-sucking-leech,,,,,,,,,#6,,Black with orange head,egg-sucking-leech-s6-black-with-orange-head,2,shopify,0,continue,manual,6.50,TRUE,TRUE,,,
egg-sucking-leech,,,,,,,,,#6,,Purple with pink head,egg-sucking-leech-s6-purple-with-pink-head,2,shopify,0,continue,manual,6.50,TRUE,TRUE,,,
egg-sucking-leech,,,,,,,,,#6,,Olive with red head,egg-sucking-leech-s6-olive-with-red-head,2,shopify,0,continue,manual,6.50,TRUE,TRUE,,,
egg-sucking-leech,,,,,,,,,#6,,Black with hot pink head,egg-sucking-leech-s6-black-with-hot-pink-head,2,shopify,0,continue,manual,6.50,TRUE,TRUE,,,
egg-sucking-leech,,,,,,,,,#8,,Black with chartreuse head,egg-sucking-leech-s8-black-with-chartreuse-head,2,shopify,0,continue,manual,6.50,TRUE,TRUE,,,
egg-sucking-leech,,,,,,,,,#8,,Black with orange head,egg-sucking-leech-s8-black-with-orange-head,2,shopify,0,continue,manual,6.50,TRUE,TRUE,,,
egg-sucking-leech,,,,,,,,,#8,,Purple with pink head,egg-sucking-leech-s8-purple-with-pink-head,2,shopify,0,continue,manual,6.50,TRUE,TRUE,,,
egg-sucking-leech,,,,,,,,,#8,,Olive with red head,egg-sucking-leech-s8-olive-with-red-head,2,shopify,0,continue,manual,6.50,TRUE,TRUE,,,
egg-sucking-leech,,,,,,,,,#8,,Black with hot pink head,egg-sucking-leech-s8-black-with-hot-pink-head,2,shopify,0,continue,manual,6.50,TRUE,TRUE,,,
grapefruit-head-leech,Feenstra's Grapefruit Head Leech,"<p>A bright pink and chartreuse head over a leech body on a #2 to #4 3XL streamer hook, 'one of the most reliable Midwest swung fly patterns' and exceptional in cold winter water when steelhead are lethargic. Swing it slow and deep on a Skagit head and sink tip from November through the spring on the Muskegon, Manistee and U.P. rivers.</p><p><strong>Fish it for:</strong> Steelhead, Brown trout</p><p><em>Kevin Feenstra, Muskegon River</em></p><p>Hand-tied in Michigan for Michigan rivers. See when and where to fish it at michiganflies.com/flies/grapefruit-head-leech.</p>",Michigan Flies,Sporting Goods > Outdoor Recreation > Fishing > Fishing Tackle > Fishing Baits & Lures,Streamer,"Streamer, Steelhead, Brown trout, swing-spey, leech, sculpin, evidence-A",TRUE,Size,#2,Color,Pink and chartreuse head over natural body,grapefruit-head-leech-s2-pink-and-chartreuse-head-over-natural-b,2,shopify,0,continue,manual,6.50,TRUE,TRUE,Feenstra's Grapefruit Head Leech · hand-tied for Michigan rivers,"A bright pink and chartreuse head over a leech body on a #2 to #4 3XL streamer hook, 'one of the most reliable Midwest swung fly patterns' and exceptional in cold winter water when steelhead are lethargic. Swing it slow and deep on a Skagit head and sink tip from November through the spring on the M",draft
grapefruit-head-leech,,,,,,,,,#4,,Pink and chartreuse head over natural body,grapefruit-head-leech-s4-pink-and-chartreuse-head-over-natural-b,2,shopify,0,continue,manual,6.50,TRUE,TRUE,,,
halloween-leech,Feenstra's Halloween Leech,"<p>Black marabou and schlappen over peacock and orange Ice Dub with pink and copper Flashabou, on a 25 mm Senyo shank with a trailer or a Daiichi 2461. Originating on the Muskegon, it is 'great through fall' when steelhead have switched from lake alewife to river shiners and respond to flash. Swing it from October through December.</p><p><strong>Fish it for:</strong> Steelhead, Brown trout, Coho salmon, Chinook salmon</p><p><em>Kevin Feenstra, Muskegon River</em></p><p>Hand-tied in Michigan for Michigan rivers. See when and where to fish it at michiganflies.com/flies/halloween-leech.</p>",Michigan Flies,Sporting Goods > Outdoor Recreation > Fishing > Fishing Tackle > Fishing Baits & Lures,Streamer,"Streamer, Steelhead, Brown trout, Coho salmon, Chinook salmon, swing-spey, leech, emerald-shiner, evidence-A",TRUE,Size,#2,Color,Black and orange with peacock and pink/copper flash,halloween-leech-s2-black-and-orange-with-peacock-and-pink-copper,2,shopify,0,continue,manual,6.50,TRUE,TRUE,Feenstra's Halloween Leech · hand-tied for Michigan rivers,"Black marabou and schlappen over peacock and orange Ice Dub with pink and copper Flashabou, on a 25 mm Senyo shank with a trailer or a Daiichi 2461. Originating on the Muskegon, it is 'great through fall' when steelhead have switched from lake alewife to river shiners and respond to flash. Swing it ",draft
halloween-leech,,,,,,,,,#4,,Black and orange with peacock and pink/copper flash,halloween-leech-s4-black-and-orange-with-peacock-and-pink-copper,2,shopify,0,continue,manual,6.50,TRUE,TRUE,,,
muddler-minnow,Muddler Minnow,"<p>The deer-hair-head sculpin archetype that every Michigan articulated streamer descends from. Slimy and mottled sculpins are the most available forage in Michigan trout streams (about 90 percent of prey in the Anna River), so a #4 to #8 Muddler fished dead-drift and stripped along the bottom works year-round; small Muddlers #8 to #12 serve brook trout, and a weighted #8 takes pink salmon.</p><p><strong>Fish it for:</strong> Brown trout, Brook trout, Rainbow trout (resident), Pink salmon, Steelhead</p><p>Hand-tied in Michigan for Michigan rivers. See when and where to fish it at michiganflies.com/flies/muddler-minnow.</p>",Michigan Flies,Sporting Goods > Outdoor Recreation > Fishing > Fishing Tackle > Fishing Baits & Lures,Streamer,"Streamer, Brown trout, Brook trout, Rainbow trout (resident), Pink salmon, Steelhead, streamer, swing-spey, sculpin, dace, grasshopper, evidence-A",TRUE,Size,#2,Color,Natural,muddler-minnow-s2-natural,2,shopify,0,continue,manual,6.50,TRUE,TRUE,Muddler Minnow · hand-tied for Michigan rivers,"The deer-hair-head sculpin archetype that every Michigan articulated streamer descends from. Slimy and mottled sculpins are the most available forage in Michigan trout streams (about 90 percent of prey in the Anna River), so a #4 to #8 Muddler fished dead-drift and stripped along the bottom works ye",draft
muddler-minnow,,,,,,,,,#2,,Black,muddler-minnow-s2-black,2,shopify,0,continue,manual,6.50,TRUE,TRUE,,,
muddler-minnow,,,,,,,,,#2,,White,muddler-minnow-s2-white,2,shopify,0,continue,manual,6.50,TRUE,TRUE,,,
muddler-minnow,,,,,,,,,#2,,Marabou Muddler,muddler-minnow-s2-marabou-muddler,2,shopify,0,continue,manual,6.50,TRUE,TRUE,,,
muddler-minnow,,,,,,,,,#4,,Natural,muddler-minnow-s4-natural,2,shopify,0,continue,manual,6.50,TRUE,TRUE,,,
muddler-minnow,,,,,,,,,#4,,Black,muddler-minnow-s4-black,2,shopify,0,continue,manual,6.50,TRUE,TRUE,,,
muddler-minnow,,,,,,,,,#4,,White,muddler-minnow-s4-white,2,shopify,0,continue,manual,6.50,TRUE,TRUE,,,
muddler-minnow,,,,,,,,,#4,,Marabou Muddler,muddler-minnow-s4-marabou-muddler,2,shopify,0,continue,manual,6.50,TRUE,TRUE,,,
muddler-minnow,,,,,,,,,#6,,Natural,muddler-minnow-s6-natural,2,shopify,0,continue,manual,6.50,TRUE,TRUE,,,
muddler-minnow,,,,,,,,,#6,,Black,muddler-minnow-s6-black,2,shopify,0,continue,manual,6.50,TRUE,TRUE,,,
muddler-minnow,,,,,,,,,#6,,White,muddler-minnow-s6-white,2,shopify,0,continue,manual,6.50,TRUE,TRUE,,,
muddler-minnow,,,,,,,,,#6,,Marabou Muddler,muddler-minnow-s6-marabou-muddler,2,shopify,0,continue,manual,6.50,TRUE,TRUE,,,
muddler-minnow,,,,,,,,,#8,,Natural,muddler-minnow-s8-natural,2,shopify,0,continue,manual,6.50,TRUE,TRUE,,,
muddler-minnow,,,,,,,,,#8,,Black,muddler-minnow-s8-black,2,shopify,0,continue,manual,6.50,TRUE,TRUE,,,
muddler-minnow,,,,,,,,,#8,,White,muddler-minnow-s8-white,2,shopify,0,continue,manual,6.50,TRUE,TRUE,,,
muddler-minnow,,,,,,,,,#8,,Marabou Muddler,muddler-minnow-s8-marabou-muddler,2,shopify,0,continue,manual,6.50,TRUE,TRUE,,,
muddler-minnow,,,,,,,,,#10,,Natural,muddler-minnow-s10-natural,2,shopify,0,continue,manual,6.50,TRUE,TRUE,,,
muddler-minnow,,,,,,,,,#10,,Black,muddler-minnow-s10-black,2,shopify,0,continue,manual,6.50,TRUE,TRUE,,,
muddler-minnow,,,,,,,,,#10,,White,muddler-minnow-s10-white,2,shopify,0,continue,manual,6.50,TRUE,TRUE,,,
muddler-minnow,,,,,,,,,#10,,Marabou Muddler,muddler-minnow-s10-marabou-muddler,2,shopify,0,continue,manual,6.50,TRUE,TRUE,,,
muddler-minnow,,,,,,,,,#12,,Natural,muddler-minnow-s12-natural,2,shopify,0,continue,manual,6.50,TRUE,TRUE,,,
muddler-minnow,,,,,,,,,#12,,Black,muddler-minnow-s12-black,2,shopify,0,continue,manual,6.50,TRUE,TRUE,,,
muddler-minnow,,,,,,,,,#12,,White,muddler-minnow-s12-white,2,shopify,0,continue,manual,6.50,TRUE,TRUE,,,
muddler-minnow,,,,,,,,,#12,,Marabou Muddler,muddler-minnow-s12-marabou-muddler,2,shopify,0,continue,manual,6.50,TRUE,TRUE,,,
sex-dungeon,Sex Dungeon,"<p>Galloup's heavy-headed articulated streamer: natural 'mimics everything from sculpins to juvenile trout and chub minnows' and is the go-to in clear or pressured water, olive suits clear to slightly stained flows, and Crawdad Orange is for off-color or stained water. Fish four to six inch versions with a heavy tip in spring runoff and again in October and November; MeatEater lists it for average fall flows.</p><p><strong>Fish it for:</strong> Brown trout, Rainbow trout (resident), Steelhead</p><p><em>Kelly Galloup</em></p><p>Hand-tied in Michigan for Michigan rivers. See when and where to fish it at michiganflies.com/flies/sex-dungeon.</p>",Michigan Flies,Sporting Goods > Outdoor Recreation > Fishing > Fishing Tackle > Fishing Baits & Lures,Streamer,"Streamer, Brown trout, Rainbow trout (resident), Steelhead, streamer, sculpin, salmonid-parr, dace, crayfish, evidence-A",TRUE,Size,#2,Color,Natural,sex-dungeon-s2-natural,2,shopify,0,continue,manual,9.50,TRUE,TRUE,Sex Dungeon · hand-tied for Michigan rivers,"Galloup's heavy-headed articulated streamer: natural 'mimics everything from sculpins to juvenile trout and chub minnows' and is the go-to in clear or pressured water, olive suits clear to slightly stained flows, and Crawdad Orange is for off-color or stained water. Fish four to six inch versions wi",draft
sex-dungeon,,,,,,,,,#2,,Olive,sex-dungeon-s2-olive,2,shopify,0,continue,manual,9.50,TRUE,TRUE,,,
sex-dungeon,,,,,,,,,#2,,Black,sex-dungeon-s2-black,2,shopify,0,continue,manual,9.50,TRUE,TRUE,,,
sex-dungeon,,,,,,,,,#2,,White,sex-dungeon-s2-white,2,shopify,0,continue,manual,9.50,TRUE,TRUE,,,
sex-dungeon,,,,,,,,,#2,,Yellow,sex-dungeon-s2-yellow,2,shopify,0,continue,manual,9.50,TRUE,TRUE,,,
sex-dungeon,,,,,,,,,#2,,Crawdad Orange,sex-dungeon-s2-crawdad-orange,2,shopify,0,continue,manual,9.50,TRUE,TRUE,,,
sex-dungeon,,,,,,,,,#4,,Natural,sex-dungeon-s4-natural,2,shopify,0,continue,manual,9.50,TRUE,TRUE,,,
sex-dungeon,,,,,,,,,#4,,Olive,sex-dungeon-s4-olive,2,shopify,0,continue,manual,9.50,TRUE,TRUE,,,
sex-dungeon,,,,,,,,,#4,,Black,sex-dungeon-s4-black,2,shopify,0,continue,manual,9.50,TRUE,TRUE,,,
sex-dungeon,,,,,,,,,#4,,White,sex-dungeon-s4-white,2,shopify,0,continue,manual,9.50,TRUE,TRUE,,,
sex-dungeon,,,,,,,,,#4,,Yellow,sex-dungeon-s4-yellow,2,shopify,0,continue,manual,9.50,TRUE,TRUE,,,
sex-dungeon,,,,,,,,,#4,,Crawdad Orange,sex-dungeon-s4-crawdad-orange,2,shopify,0,continue,manual,9.50,TRUE,TRUE,,,
sex-dungeon,,,,,,,,,#6,,Natural,sex-dungeon-s6-natural,2,shopify,0,continue,manual,9.50,TRUE,TRUE,,,
sex-dungeon,,,,,,,,,#6,,Olive,sex-dungeon-s6-olive,2,shopify,0,continue,manual,9.50,TRUE,TRUE,,,
sex-dungeon,,,,,,,,,#6,,Black,sex-dungeon-s6-black,2,shopify,0,continue,manual,9.50,TRUE,TRUE,,,
sex-dungeon,,,,,,,,,#6,,White,sex-dungeon-s6-white,2,shopify,0,continue,manual,9.50,TRUE,TRUE,,,
sex-dungeon,,,,,,,,,#6,,Yellow,sex-dungeon-s6-yellow,2,shopify,0,continue,manual,9.50,TRUE,TRUE,,,
sex-dungeon,,,,,,,,,#6,,Crawdad Orange,sex-dungeon-s6-crawdad-orange,2,shopify,0,continue,manual,9.50,TRUE,TRUE,,,
steelhead-bugger,Steelhead Bugger,"<p>Current Works' Steelhead Bugger #6 sits in its Michigan top five, and U.P. guides run a beadhead Woolly Bugger #8 in black or green in the nymph rig. Dead-drift it as the point fly with an egg trailing, or swing it through tailouts; it covers leeches, sculpins and crayfish at once.</p><p><strong>Fish it for:</strong> Steelhead, Brown trout, Chinook salmon, Coho salmon</p><p>Hand-tied in Michigan for Michigan rivers. See when and where to fish it at michiganflies.com/flies/steelhead-bugger.</p>",Michigan Flies,Sporting Goods > Outdoor Recreation > Fishing > Fishing Tackle > Fishing Baits & Lures,Streamer,"Streamer, Steelhead, Brown trout, Chinook salmon, Coho salmon, nymph-indicator, chuck-and-duck, swing-spey, leech, sculpin, crayfish, evidence-A",TRUE,Size,#4,Color,Black,steelhead-bugger-s4-black,2,shopify,0,continue,manual,6.50,TRUE,TRUE,Steelhead Bugger · hand-tied for Michigan rivers,"Current Works' Steelhead Bugger #6 sits in its Michigan top five, and U.P. guides run a beadhead Woolly Bugger #8 in black or green in the nymph rig. Dead-drift it as the point fly with an egg trailing, or swing it through tailouts; it covers leeches, sculpins and crayfish at once.",draft
steelhead-bugger,,,,,,,,,#4,,Olive,steelhead-bugger-s4-olive,2,shopify,0,continue,manual,6.50,TRUE,TRUE,,,
steelhead-bugger,,,,,,,,,#4,,Brown,steelhead-bugger-s4-brown,2,shopify,0,continue,manual,6.50,TRUE,TRUE,,,
steelhead-bugger,,,,,,,,,#4,,Black/green,steelhead-bugger-s4-black-green,2,shopify,0,continue,manual,6.50,TRUE,TRUE,,,
steelhead-bugger,,,,,,,,,#6,,Black,steelhead-bugger-s6-black,2,shopify,0,continue,manual,6.50,TRUE,TRUE,,,
steelhead-bugger,,,,,,,,,#6,,Olive,steelhead-bugger-s6-olive,2,shopify,0,continue,manual,6.50,TRUE,TRUE,,,
steelhead-bugger,,,,,,,,,#6,,Brown,steelhead-bugger-s6-brown,2,shopify,0,continue,manual,6.50,TRUE,TRUE,,,
steelhead-bugger,,,,,,,,,#6,,Black/green,steelhead-bugger-s6-black-green,2,shopify,0,continue,manual,6.50,TRUE,TRUE,,,
steelhead-bugger,,,,,,,,,#8,,Black,steelhead-bugger-s8-black,2,shopify,0,continue,manual,6.50,TRUE,TRUE,,,
steelhead-bugger,,,,,,,,,#8,,Olive,steelhead-bugger-s8-olive,2,shopify,0,continue,manual,6.50,TRUE,TRUE,,,
steelhead-bugger,,,,,,,,,#8,,Brown,steelhead-bugger-s8-brown,2,shopify,0,continue,manual,6.50,TRUE,TRUE,,,
steelhead-bugger,,,,,,,,,#8,,Black/green,steelhead-bugger-s8-black-green,2,shopify,0,continue,manual,6.50,TRUE,TRUE,,,
woolly-bugger,Woolly Bugger,"<p>The most-cited Michigan salmon fly: black, olive and purple buggers for Chinook and coho, 'essential' on the Pere Marquette, swung or dead-drifted into staged fish from September through October, especially in off-color water. A #8 beadhead in black, olive or pink is the standard pink salmon fly on the St. Marys and Carp in September, and #8 to #12 buggers serve brook trout and small browns all season. Downsize and slow down for trout, upsize and add a hot head for salmon.</p><p><strong>Fish it for:</strong> Chinook salmon, Coho salmon, Pink salmon, Steelhead, Brown trout, Rainbow trout (resident), Brook trout, Atlantic salmon</p><p>Hand-tied in Michigan for Michigan rivers. See when and where to fish it at michiganflies.com/flies/woolly-bugger.</p>",Michigan Flies,Sporting Goods > Outdoor Recreation > Fishing > Fishing Tackle > Fishing Baits & Lures,Streamer,"Streamer, Chinook salmon, Coho salmon, Pink salmon, Steelhead, Brown trout, Rainbow trout (resident), Brook trout, Atlantic salmon, streamer, swing-spey, nymph-indicator, chuck-and-duck, leech, sculpin, crayfish, dace, evidence-A",TRUE,Size,#2,Color,Black,woolly-bugger-s2-black,2,shopify,0,continue,manual,6.50,TRUE,TRUE,Woolly Bugger · hand-tied for Michigan rivers,"The most-cited Michigan salmon fly: black, olive and purple buggers for Chinook and coho, 'essential' on the Pere Marquette, swung or dead-drifted into staged fish from September through October, especially in off-color water. A #8 beadhead in black, olive or pink is the standard pink salmon fly on ",draft
woolly-bugger,,,,,,,,,#2,,Olive,woolly-bugger-s2-olive,2,shopify,0,continue,manual,6.50,TRUE,TRUE,,,
woolly-bugger,,,,,,,,,#2,,Purple,woolly-bugger-s2-purple,2,shopify,0,continue,manual,6.50,TRUE,TRUE,,,
woolly-bugger,,,,,,,,,#2,,Chartreuse,woolly-bugger-s2-chartreuse,2,shopify,0,continue,manual,6.50,TRUE,TRUE,,,
woolly-bugger,,,,,,,,,#2,,White,woolly-bugger-s2-white,2,shopify,0,continue,manual,6.50,TRUE,TRUE,,,
woolly-bugger,,,,,,,,,#2,,Brown/rust,woolly-bugger-s2-brown-rust,2,shopify,0,continue,manual,6.50,TRUE,TRUE,,,
woolly-bugger,,,,,,,,,#2,,Pink (pink salmon),woolly-bugger-s2-pink-pink-salmon,2,shopify,0,continue,manual,6.50,TRUE,TRUE,,,
woolly-bugger,,,,,,,,,#2,,Chartreuse UV Polar Chenille with black schlappen (PM salmon),woolly-bugger-s2-chartreuse-uv-polar-chenille-with-black-schlapp,2,shopify,0,continue,manual,6.50,TRUE,TRUE,,,
woolly-bugger,,,,,,,,,#4,,Black,woolly-bugger-s4-black,2,shopify,0,continue,manual,6.50,TRUE,TRUE,,,
woolly-bugger,,,,,,,,,#4,,Olive,woolly-bugger-s4-olive,2,shopify,0,continue,manual,6.50,TRUE,TRUE,,,
woolly-bugger,,,,,,,,,#4,,Purple,woolly-bugger-s4-purple,2,shopify,0,continue,manual,6.50,TRUE,TRUE,,,
woolly-bugger,,,,,,,,,#4,,Chartreuse,woolly-bugger-s4-chartreuse,2,shopify,0,continue,manual,6.50,TRUE,TRUE,,,
woolly-bugger,,,,,,,,,#4,,White,woolly-bugger-s4-white,2,shopify,0,continue,manual,6.50,TRUE,TRUE,,,
woolly-bugger,,,,,,,,,#4,,Brown/rust,woolly-bugger-s4-brown-rust,2,shopify,0,continue,manual,6.50,TRUE,TRUE,,,
woolly-bugger,,,,,,,,,#4,,Pink (pink salmon),woolly-bugger-s4-pink-pink-salmon,2,shopify,0,continue,manual,6.50,TRUE,TRUE,,,
woolly-bugger,,,,,,,,,#4,,Chartreuse UV Polar Chenille with black schlappen (PM salmon),woolly-bugger-s4-chartreuse-uv-polar-chenille-with-black-schlapp,2,shopify,0,continue,manual,6.50,TRUE,TRUE,,,
woolly-bugger,,,,,,,,,#6,,Black,woolly-bugger-s6-black,2,shopify,0,continue,manual,6.50,TRUE,TRUE,,,
woolly-bugger,,,,,,,,,#6,,Olive,woolly-bugger-s6-olive,2,shopify,0,continue,manual,6.50,TRUE,TRUE,,,
woolly-bugger,,,,,,,,,#6,,Purple,woolly-bugger-s6-purple,2,shopify,0,continue,manual,6.50,TRUE,TRUE,,,
woolly-bugger,,,,,,,,,#6,,Chartreuse,woolly-bugger-s6-chartreuse,2,shopify,0,continue,manual,6.50,TRUE,TRUE,,,
woolly-bugger,,,,,,,,,#6,,White,woolly-bugger-s6-white,2,shopify,0,continue,manual,6.50,TRUE,TRUE,,,
woolly-bugger,,,,,,,,,#6,,Brown/rust,woolly-bugger-s6-brown-rust,2,shopify,0,continue,manual,6.50,TRUE,TRUE,,,
woolly-bugger,,,,,,,,,#6,,Pink (pink salmon),woolly-bugger-s6-pink-pink-salmon,2,shopify,0,continue,manual,6.50,TRUE,TRUE,,,
woolly-bugger,,,,,,,,,#6,,Chartreuse UV Polar Chenille with black schlappen (PM salmon),woolly-bugger-s6-chartreuse-uv-polar-chenille-with-black-schlapp,2,shopify,0,continue,manual,6.50,TRUE,TRUE,,,
woolly-bugger,,,,,,,,,#8,,Black,woolly-bugger-s8-black,2,shopify,0,continue,manual,6.50,TRUE,TRUE,,,
woolly-bugger,,,,,,,,,#8,,Olive,woolly-bugger-s8-olive,2,shopify,0,continue,manual,6.50,TRUE,TRUE,,,
woolly-bugger,,,,,,,,,#8,,Purple,woolly-bugger-s8-purple,2,shopify,0,continue,manual,6.50,TRUE,TRUE,,,
woolly-bugger,,,,,,,,,#8,,Chartreuse,woolly-bugger-s8-chartreuse,2,shopify,0,continue,manual,6.50,TRUE,TRUE,,,
woolly-bugger,,,,,,,,,#8,,White,woolly-bugger-s8-white,2,shopify,0,continue,manual,6.50,TRUE,TRUE,,,
woolly-bugger,,,,,,,,,#8,,Brown/rust,woolly-bugger-s8-brown-rust,2,shopify,0,continue,manual,6.50,TRUE,TRUE,,,
woolly-bugger,,,,,,,,,#8,,Pink (pink salmon),woolly-bugger-s8-pink-pink-salmon,2,shopify,0,continue,manual,6.50,TRUE,TRUE,,,
woolly-bugger,,,,,,,,,#8,,Chartreuse UV Polar Chenille with black schlappen (PM salmon),woolly-bugger-s8-chartreuse-uv-polar-chenille-with-black-schlapp,2,shopify,0,continue,manual,6.50,TRUE,TRUE,,,
woolly-bugger,,,,,,,,,#10,,Black,woolly-bugger-s10-black,2,shopify,0,continue,manual,6.50,TRUE,TRUE,,,
woolly-bugger,,,,,,,,,#10,,Olive,woolly-bugger-s10-olive,2,shopify,0,continue,manual,6.50,TRUE,TRUE,,,
woolly-bugger,,,,,,,,,#10,,Purple,woolly-bugger-s10-purple,2,shopify,0,continue,manual,6.50,TRUE,TRUE,,,
woolly-bugger,,,,,,,,,#10,,Chartreuse,woolly-bugger-s10-chartreuse,2,shopify,0,continue,manual,6.50,TRUE,TRUE,,,
woolly-bugger,,,,,,,,,#10,,White,woolly-bugger-s10-white,2,shopify,0,continue,manual,6.50,TRUE,TRUE,,,
woolly-bugger,,,,,,,,,#10,,Brown/rust,woolly-bugger-s10-brown-rust,2,shopify,0,continue,manual,6.50,TRUE,TRUE,,,
woolly-bugger,,,,,,,,,#10,,Pink (pink salmon),woolly-bugger-s10-pink-pink-salmon,2,shopify,0,continue,manual,6.50,TRUE,TRUE,,,
woolly-bugger,,,,,,,,,#10,,Chartreuse UV Polar Chenille with black schlappen (PM salmon),woolly-bugger-s10-chartreuse-uv-polar-chenille-with-black-schlap,2,shopify,0,continue,manual,6.50,TRUE,TRUE,,,
woolly-bugger,,,,,,,,,#12,,Black,woolly-bugger-s12-black,2,shopify,0,continue,manual,6.50,TRUE,TRUE,,,
woolly-bugger,,,,,,,,,#12,,Olive,woolly-bugger-s12-olive,2,shopify,0,continue,manual,6.50,TRUE,TRUE,,,
woolly-bugger,,,,,,,,,#12,,Purple,woolly-bugger-s12-purple,2,shopify,0,continue,manual,6.50,TRUE,TRUE,,,
woolly-bugger,,,,,,,,,#12,,Chartreuse,woolly-bugger-s12-chartreuse,2,shopify,0,continue,manual,6.50,TRUE,TRUE,,,
woolly-bugger,,,,,,,,,#12,,White,woolly-bugger-s12-white,2,shopify,0,continue,manual,6.50,TRUE,TRUE,,,
woolly-bugger,,,,,,,,,#12,,Brown/rust,woolly-bugger-s12-brown-rust,2,shopify,0,continue,manual,6.50,TRUE,TRUE,,,
woolly-bugger,,,,,,,,,#12,,Pink (pink salmon),woolly-bugger-s12-pink-pink-salmon,2,shopify,0,continue,manual,6.50,TRUE,TRUE,,,
woolly-bugger,,,,,,,,,#12,,Chartreuse UV Polar Chenille with black schlappen (PM salmon),woolly-bugger-s12-chartreuse-uv-polar-chenille-with-black-schlap,2,shopify,0,continue,manual,6.50,TRUE,TRUE,,,
zoo-cougar,Zoo Cougar,"<p>Developed by Kelly Galloup in the mid 1990s for the Manistee, a neutrally buoyant deer-hair sculpin that dives and darts on a sink tip. The original is a mellow sulphur yellow; Galloup's rotation runs white, black, tan, olive, yellow and chartreuse, with light colors on bright days, olive or gray under clouds and tan when the river 'turns yellow' in late afternoon. Fish #2 to #4 hardest in April and May and late September through November, and #6 through summer at dawn and dusk.</p><p><strong>Fish it for:</strong> Brown trout, Rainbow trout (resident), Brook trout, Steelhead</p><p><em>Kelly Galloup, Manistee River (Troutsman fly shop), mid-1990s</em></p><p>Hand-tied in Michigan for Michigan rivers. See when and where to fish it at michiganflies.com/flies/zoo-cougar.</p>",Michigan Flies,Sporting Goods > Outdoor Recreation > Fishing > Fishing Tackle > Fishing Baits & Lures,Streamer,"Streamer, Brown trout, Rainbow trout (resident), Brook trout, Steelhead, streamer, sculpin, salmonid-parr, dace, evidence-A",TRUE,Size,#1,Color,Yellow (original),zoo-cougar-s1-yellow-original,2,shopify,0,continue,manual,9.50,TRUE,TRUE,Zoo Cougar · hand-tied for Michigan rivers,"Developed by Kelly Galloup in the mid 1990s for the Manistee, a neutrally buoyant deer-hair sculpin that dives and darts on a sink tip. The original is a mellow sulphur yellow; Galloup's rotation runs white, black, tan, olive, yellow and chartreuse, with light colors on bright days, olive or gray un",draft
zoo-cougar,,,,,,,,,#1,,White,zoo-cougar-s1-white,2,shopify,0,continue,manual,9.50,TRUE,TRUE,,,
zoo-cougar,,,,,,,,,#1,,Black,zoo-cougar-s1-black,2,shopify,0,continue,manual,9.50,TRUE,TRUE,,,
zoo-cougar,,,,,,,,,#1,,Olive,zoo-cougar-s1-olive,2,shopify,0,continue,manual,9.50,TRUE,TRUE,,,
zoo-cougar,,,,,,,,,#1,,Tan,zoo-cougar-s1-tan,2,shopify,0,continue,manual,9.50,TRUE,TRUE,,,
zoo-cougar,,,,,,,,,#1,,Gray,zoo-cougar-s1-gray,2,shopify,0,continue,manual,9.50,TRUE,TRUE,,,
zoo-cougar,,,,,,,,,#1,,Golden brown,zoo-cougar-s1-golden-brown,2,shopify,0,continue,manual,9.50,TRUE,TRUE,,,
zoo-cougar,,,,,,,,,#2,,Yellow (original),zoo-cougar-s2-yellow-original,2,shopify,0,continue,manual,9.50,TRUE,TRUE,,,
zoo-cougar,,,,,,,,,#2,,White,zoo-cougar-s2-white,2,shopify,0,continue,manual,9.50,TRUE,TRUE,,,
zoo-cougar,,,,,,,,,#2,,Black,zoo-cougar-s2-black,2,shopify,0,continue,manual,9.50,TRUE,TRUE,,,
zoo-cougar,,,,,,,,,#2,,Olive,zoo-cougar-s2-olive,2,shopify,0,continue,manual,9.50,TRUE,TRUE,,,
zoo-cougar,,,,,,,,,#2,,Tan,zoo-cougar-s2-tan,2,shopify,0,continue,manual,9.50,TRUE,TRUE,,,
zoo-cougar,,,,,,,,,#2,,Gray,zoo-cougar-s2-gray,2,shopify,0,continue,manual,9.50,TRUE,TRUE,,,
zoo-cougar,,,,,,,,,#2,,Golden brown,zoo-cougar-s2-golden-brown,2,shopify,0,continue,manual,9.50,TRUE,TRUE,,,
zoo-cougar,,,,,,,,,#4,,Yellow (original),zoo-cougar-s4-yellow-original,2,shopify,0,continue,manual,9.50,TRUE,TRUE,,,
zoo-cougar,,,,,,,,,#4,,White,zoo-cougar-s4-white,2,shopify,0,continue,manual,9.50,TRUE,TRUE,,,
zoo-cougar,,,,,,,,,#4,,Black,zoo-cougar-s4-black,2,shopify,0,continue,manual,9.50,TRUE,TRUE,,,
zoo-cougar,,,,,,,,,#4,,Olive,zoo-cougar-s4-olive,2,shopify,0,continue,manual,9.50,TRUE,TRUE,,,
zoo-cougar,,,,,,,,,#4,,Tan,zoo-cougar-s4-tan,2,shopify,0,continue,manual,9.50,TRUE,TRUE,,,
zoo-cougar,,,,,,,,,#4,,Gray,zoo-cougar-s4-gray,2,shopify,0,continue,manual,9.50,TRUE,TRUE,,,
zoo-cougar,,,,,,,,,#4,,Golden brown,zoo-cougar-s4-golden-brown,2,shopify,0,continue,manual,9.50,TRUE,TRUE,,,
zoo-cougar,,,,,,,,,#6,,Yellow (original),zoo-cougar-s6-yellow-original,2,shopify,0,continue,manual,9.50,TRUE,TRUE,,,
zoo-cougar,,,,,,,,,#6,,White,zoo-cougar-s6-white,2,shopify,0,continue,manual,9.50,TRUE,TRUE,,,
zoo-cougar,,,,,,,,,#6,,Black,zoo-cougar-s6-black,2,shopify,0,continue,manual,9.50,TRUE,TRUE,,,
zoo-cougar,,,,,,,,,#6,,Olive,zoo-cougar-s6-olive,2,shopify,0,continue,manual,9.50,TRUE,TRUE,,,
zoo-cougar,,,,,,,,,#6,,Tan,zoo-cougar-s6-tan,2,shopify,0,continue,manual,9.50,TRUE,TRUE,,,
zoo-cougar,,,,,,,,,#6,,Gray,zoo-cougar-s6-gray,2,shopify,0,continue,manual,9.50,TRUE,TRUE,,,
zoo-cougar,,,,,,,,,#6,,Golden brown,zoo-cougar-s6-golden-brown,2,shopify,0,continue,manual,9.50,TRUE,TRUE,,,
sweetgrass-hopper,Sweetgrass Hopper,"<p>Current Works' first-named hopper for the mid July through September grasshopper season on the Upper and Lower Manistee, Betsie and Boardman, when 'grasshoppers and other terrestrial patterns come out of the box.' Hit the bank and plop, twitch and dead-drift it midday after the dew burns off; hang a beetle or ant behind it.</p><p><strong>Fish it for:</strong> Brown trout, Brook trout, Rainbow trout (resident)</p><p>Hand-tied in Michigan for Michigan rivers. See when and where to fish it at michiganflies.com/flies/sweetgrass-hopper.</p>",Michigan Flies,Sporting Goods > Outdoor Recreation > Fishing > Fishing Tackle > Fishing Baits & Lures,Terrestrial,"Terrestrial, Brown trout, Brook trout, Rainbow trout (resident), dry-fly, grasshopper, evidence-A",TRUE,Size,#6,Color,Tan,sweetgrass-hopper-s6-tan,2,shopify,0,continue,manual,3.50,TRUE,TRUE,Sweetgrass Hopper · hand-tied for Michigan rivers,"Current Works' first-named hopper for the mid July through September grasshopper season on the Upper and Lower Manistee, Betsie and Boardman, when 'grasshoppers and other terrestrial patterns come out of the box.' Hit the bank and plop, twitch and dead-drift it midday after the dew burns off; hang a",draft
sweetgrass-hopper,,,,,,,,,#6,,Yellow,sweetgrass-hopper-s6-yellow,2,shopify,0,continue,manual,3.50,TRUE,TRUE,,,
sweetgrass-hopper,,,,,,,,,#6,,Olive,sweetgrass-hopper-s6-olive,2,shopify,0,continue,manual,3.50,TRUE,TRUE,,,
sweetgrass-hopper,,,,,,,,,#8,,Tan,sweetgrass-hopper-s8-tan,2,shopify,0,continue,manual,3.50,TRUE,TRUE,,,
sweetgrass-hopper,,,,,,,,,#8,,Yellow,sweetgrass-hopper-s8-yellow,2,shopify,0,continue,manual,3.50,TRUE,TRUE,,,
sweetgrass-hopper,,,,,,,,,#8,,Olive,sweetgrass-hopper-s8-olive,2,shopify,0,continue,manual,3.50,TRUE,TRUE,,,
sweetgrass-hopper,,,,,,,,,#10,,Tan,sweetgrass-hopper-s10-tan,2,shopify,0,continue,manual,3.50,TRUE,TRUE,,,
sweetgrass-hopper,,,,,,,,,#10,,Yellow,sweetgrass-hopper-s10-yellow,2,shopify,0,continue,manual,3.50,TRUE,TRUE,,,
sweetgrass-hopper,,,,,,,,,#10,,Olive,sweetgrass-hopper-s10-olive,2,shopify,0,continue,manual,3.50,TRUE,TRUE,,,
sweetgrass-hopper,,,,,,,,,#12,,Tan,sweetgrass-hopper-s12-tan,2,shopify,0,continue,manual,3.50,TRUE,TRUE,,,
sweetgrass-hopper,,,,,,,,,#12,,Yellow,sweetgrass-hopper-s12-yellow,2,shopify,0,continue,manual,3.50,TRUE,TRUE,,,
sweetgrass-hopper,,,,,,,,,#12,,Olive,sweetgrass-hopper-s12-olive,2,shopify,0,continue,manual,3.50,TRUE,TRUE,,,
